route_name,stem,manual,tour_guess,snippet
Aalterbrug - Brugge 40km ENG 2026,aalterbrug - brugge,Information about a tour 2026\Premium_ Belgium & France_ Bruges – Paris or Paris – Bruges Premium\old\Draaiboek Parijs-Brugge 2024.docx,Draaiboek Parijs-Brugge 2024,…! ligplaats gent evergem dag 13 donderdag gent - aalterbrug aalterbrug - brugge 34 / 44 km (21 / 27 mile) while enjoying breakfast you will…
Alphen a/d Rijn - Gouda 40 km ENG 2026,alphen a/d rijn - gouda,Information about a tour 2026\Premium_ 8-day Tulip Tour\Old\Draaiboek Tulp 8 Magnifique 2025.docx,Draaiboek Tulp 8 Magnifique 2025,"…loten, di-do v.a. 16.00 uur. vr-zo vanaf 11.30 uur. day 3 : alphen a/d rijn - gouda (36 km/22 mi. or 46 km/28 mi.) after breakfast you will cyc…"
Alphen a/d Rijn - Gouda 48 km ENG 2026,alphen a/d rijn - gouda,Information about a tour 2026\Premium_ 8-day Tulip Tour\Old\Draaiboek Tulp 8 Magnifique 2025.docx,Draaiboek Tulp 8 Magnifique 2025,"…loten, di-do v.a. 16.00 uur. vr-zo vanaf 11.30 uur. day 3 : alphen a/d rijn - gouda (36 km/22 mi. or 46 km/28 mi.) after breakfast you will cyc…"
Alphen a/d Rijn - Oude Wetering 26 km ENG 2026,alphen a/d rijn - oude wetering,Information about a tour 2026\Premium_ 8-day Tulip Tour\Old\Draaiboek Tulp 8 Magnifique 2025.docx,Draaiboek Tulp 8 Magnifique 2025,…staurant het keldertje (woe-za v.a. 12:00). day 4 : gouda - alphen a/d rijn - oude wetering (20 km/12 mi. or 39 km/24 mi.) we stay in gouda this mornin…
Alphen a/d Rijn - Oude Wetering 36 km ENG 2026,alphen a/d rijn - oude wetering,Information about a tour 2026\Premium_ 8-day Tulip Tour\Old\Draaiboek Tulp 8 Magnifique 2025.docx,Draaiboek Tulp 8 Magnifique 2025,…staurant het keldertje (woe-za v.a. 12:00). day 4 : gouda - alphen a/d rijn - oude wetering (20 km/12 mi. or 39 km/24 mi.) we stay in gouda this mornin…
Antwerpen - St. Amands 39km ENG 2026,antwerpen - st. amands,Information about a tour 2026\Premium_ Netherlands & Belgium_ Amsterdam – Bruges vv\old\Draaiboek Adam - Brugge Premium 2025 boutique .docx,Draaiboek Adam - Brugge Premium 2025 boutique ,…kdok antwerpen (west) schedule ship schedule cyclists day 5 antwerpen - st. amands 30 (+8) km/19 (+5) mi or 41 km/24 mi 8.00 breakfast 8.00 br…
Antwerpen - St. Amands 39km ENG 2026,antwerpen - st. amands,Information about a tour 2026\Premium_ Netherlands & Belgium_ Amsterdam – Bruges vv\old\Draaiboek Adam - Brugge Premium 2025 new MAGs.docx,Draaiboek Adam - Brugge Premium 2025 new MAGs,…kdok antwerpen (west) schedule ship schedule cyclists day 5 antwerpen - st. amands 30 (+8) km/19 (+5) mi or 41 km/24 mi 8.00 breakfast 8.00 br…
Antwerpen - Tholen 53km ENG 2026,antwerpen - tholen,Information about a tour 2026\Semi-Guided_ Holland & België\old\Draaiboek Brugge - Adam Semi-Guided 2025.docx,Draaiboek Brugge - Adam Semi-Guided 2025,…rpen kattendijkdok schedule ship schedule cyclists thursday antwerpen - tholen - dordrecht 36 km/23 mi or 20 km/13 mi 06.00 ship departs f…
Arcen - Roermond 49 km ENG 2026,arcen - roermond,Information about a tour 2026\Boutique_ Amsterdam - Maastricht vv\Amsterdam - Maastricht 2026 Draaiboek[35].docx,Amsterdam - Maastricht 2026 Draaiboek[35],"…i, 54 km/34 mi) day 5 : cuijk - arcen (53 km/32 mi) day 6 : arcen - roermond (50 km/31 mi) day 7 : roermond - maastricht (42 km/25 mi) d…"
Arcen - Roermond 49 km ENG 2026,arcen - roermond,Information about a tour 2026\Boutique_ Amsterdam - Maastricht vv\Old\Amsterdam - Maastricht 2026 Draaiboek.docx,Amsterdam - Maastricht 2026 Draaiboek,…20.00 tourbriefing schedule ship schedule cyclists thursday arcen - roermond 50 km/30 mi 8.00 breakfast 8.00 breakfast 9.30 ship departs…
Arcen - Roermond 49 km ENG 2026,arcen - roermond,Information about a tour 2026\Boutique_ Amsterdam - Maastricht vv\Old\Draaiboek Amsterdam - Maastricht 2024.docx,Draaiboek Amsterdam - Maastricht 2024,…20.00 tourbriefing schedule ship schedule cyclists thursday arcen - roermond 50 km/30 mi 8.00 breakfast 8.00 breakfast 9.30 ship departs…
Cochem - Beilstein 10 km ENG 2026,cochem - beilstein,Information about a tour 2026\Boutique_ Koblenz - Merzig\Oud\Draaiboek Koblenz - Merzig 2024 .docx,Draaiboek Koblenz - Merzig 2024 ,"…erdekt) terras. 46 km: cochem, ijs (bortolot)! day 3 (mon): cochem - beilstein - zell on the moselle (38 km/23 mi.) after breakfast you wi…"
Cochem - Beilstein 10 km ENG 2026,cochem - beilstein,Information about a tour 2026\Boutique_ Koblenz - Merzig\Oud\Draaiboek Koblenz - Merzig 2024.docx,Draaiboek Koblenz - Merzig 2024,"…t (deels overdekt) terras. 40 km: cochem, ijs! day 3 (mon): cochem - beilstein - zell on the moselle (38 km/23 mi.) after breakfast you wi…"
Cochem - Beilstein 10 km ENG 2026,cochem - beilstein,Information about a tour 2026\Premium_ Cochem - Metz v.v (8 days and 9 days)\old\Draaiboek Cochem-Metz 2024.docx,Draaiboek Cochem-Metz 2024,"…ten lopen (peter weis doet weinprobe in het engels). day 2: cochem - beilstein - zell on the moselle (39 km/24 mi.) following breakfast, y…"
Cochem - Beilstein 10 km ENG 2026,cochem - beilstein,Information about a tour 2026\Premium_ Cochem - Metz v.v (8 days and 9 days)\old\Draaiboek Cochem-Metz 2025(2).docx,Draaiboek Cochem-Metz 2025(2),"…ten lopen (peter weis doet weinprobe in het engels). day 2: cochem - beilstein - zell on the moselle (39 km/24 mi.) following breakfast, y…"
Cochem - Beilstein 10 km ENG 2026,cochem - beilstein,Information about a tour 2026\Premium_ Cochem - Metz v.v (8 days and 9 days)\old\Draaiboek Cochem-Metz 2025(3).docx,Draaiboek Cochem-Metz 2025(3),"…ten lopen (peter weis doet weinprobe in het engels). day 2: cochem - beilstein - zell on the moselle (39 km/24 mi.) following breakfast, y…"
Cologne - Bonn 39 km ENG 2026,cologne - bonn,Information about a tour 2026\Premium_ Amsterdam - Cochem\Old\Draaiboek Amsterdam - Cochem 2024.docx,Draaiboek Amsterdam - Cochem 2024,"…nse kerken, vismarkt l-af, via rheinpromenade terug. day 5: cologne - bonn (38 km/23 mi) today we follow the river again by bike in or…"
Cologne - Bonn 36 km ENG 2026,cologne - bonn,Information about a tour 2026\Premium_ Amsterdam - Cochem\Old\Draaiboek Amsterdam - Cochem 2024.docx,Draaiboek Amsterdam - Cochem 2024,"…nse kerken, vismarkt l-af, via rheinpromenade terug. day 5: cologne - bonn (38 km/23 mi) today we follow the river again by bike in or…"
Compiègne - Pont-Ste-Maxence 42 km ENG 2026,compiègne - pont-ste-maxence,Information about a tour 2026\Premium_ Belgium & France_ Bruges – Paris or Paris – Bruges Premium\old\Draaiboek Brugge-Parijs 2024.docx,Draaiboek Brugge-Parijs 2024,…nt-l’évêque pont-l’évêque - compiègne clairière d’armistice compiègne - pont-ste-maxence pierrefonds pont-ste-maxence - auvers-s/-oise chantilly auv…
Compiègne - Pont-Ste-Maxence 42 km ENG 2026,compiègne - pont-ste-maxence,Information about a tour 2026\Premium_ Belgium & France_ Bruges – Paris or Paris – Bruges Premium\old\Draaiboek Brugge-Parijs 2025 (1).docx,Draaiboek Brugge-Parijs 2025 (1),…nt-l’évêque pont-l’évêque - compiègne clairière d’armistice compiègne - pont-ste-maxence pierrefonds pont-ste-maxence - auvers-s/-oise chantilly auv…
Compiègne - Pont-Ste-Maxence 42 km ENG 2026,compiègne - pont-ste-maxence,Information about a tour 2026\Premium_ Belgium & France_ Bruges – Paris or Paris – Bruges Premium\old\Draaiboek Brugge-Parijs 2026.docx,Draaiboek Brugge-Parijs 2026,…nt-l’évêque pont-l’évêque - compiègne clairière d’armistice compiègne - pont-ste-maxence pierrefonds pont-ste-maxence - auvers-s/-oise chantilly auv…
Compiègne - Soissons 46 km ENG 2026,compiègne - soissons,Information about a tour 2026\Premium_ Parijs - Epernay v.v\Oud\Draaiboek Paris to Soissons 2025 (emergency operational sheet).docx,Draaiboek Paris to Soissons 2025 (emergency operational sheet),…ok dan slechts enkele minuten lopen van het centrum. day 6: compiègne - soissons (50km) today you cycle through the varied landscapes of nor…
Creil - Auvers-sur-Oise 54 km ENG 2026,creil - auvers-sur-oise,Information about a tour 2026\Premium_ Belgium & France_ Bruges – Paris or Paris – Bruges Premium\old\Draaiboek Brugge-Parijs 2024.docx,Draaiboek Brugge-Parijs 2024,…enemen morgen. dag 12 woensdag: pont-sainte-maxence - creil creil - auvers-sur-oise 42 / 57 km (26 / 35 mile) after a sailing breakfast you sta…
Cuijk - Arcen 56 km ENG 2026,cuijk - arcen,Information about a tour 2026\Boutique_ Amsterdam - Maastricht vv\Amsterdam - Maastricht 2026 Draaiboek[35].docx,Amsterdam - Maastricht 2026 Draaiboek[35],"…heusden lith/oss - cuijk (38 km/24 mi, 54 km/34 mi) day 5 : cuijk - arcen (53 km/32 mi) day 6 : arcen - roermond (50 km/31 mi) day 7 …"
Cuijk - Arcen 56 km ENG 2026,cuijk - arcen,Information about a tour 2026\Boutique_ Amsterdam - Maastricht vv\Old\Amsterdam - Maastricht 2026 Draaiboek.docx,Amsterdam - Maastricht 2026 Draaiboek,"…ken. en begraafplaats met kunst, naast museum. day 5 (wed): cuijk - arcen (53 km/32 mi.) today a magnificent bike tour is scheduled.y…"
Cuijk - Arcen 56 km ENG 2026,cuijk - arcen,Information about a tour 2026\Boutique_ Amsterdam - Maastricht vv\Old\Draaiboek Amsterdam - Maastricht 2024.docx,Draaiboek Amsterdam - Maastricht 2024,"…ken. en begraafplaats met kunst, naast museum. day 5 (wed): cuijk - arcen (53 km/32 mi.) today a magnificent bike tour is scheduled.y…"
Cuijk - Grave - Cuijk 43 km ENG 2026,cuijk - grave - cuijk,Information about a tour 2026\ANWB Limburgse Maas\old\Draaiboek Nijmegen-Maastricht ANWB v.v. 2025.docx,Draaiboek Nijmegen-Maastricht ANWB v.v. 2025,…np 5; steyl; diverse attracties o.a. 1) dag 6 venlo - cuijk cuijk - grave - cuijk (43 km) van cuijk - kleve - cuijk (55 km) vandaag brengt he…
Cuijk - Kleve - Cuijk  55km ENG 2026,cuijk - kleve - cuijk,Information about a tour 2026\ANWB Limburgse Maas\old\Draaiboek Limburgse Maas ANWB 2025.docx,Draaiboek Limburgse Maas ANWB 2025,"…de bewegwijzeringsborden!!! tourguide notes: blauwe route 1 cuijk - kleve - cuijk (55 km) (bij start vanuit mook een aanfietsroute uitleggen,…"
Cuijk - Kleve - Cuijk  55km ENG 2026,cuijk - kleve - cuijk,Information about a tour 2026\ANWB Limburgse Maas\old\Draaiboek Nijmegen-Maastricht ANWB v.v. 2025 (1).docx,Draaiboek Nijmegen-Maastricht ANWB v.v. 2025 (1),"…de bewegwijzeringsborden!!! tourguide notes: blauwe route 1 cuijk - kleve - cuijk (55 km) (bij start vanuit mook een aanfietsroute uitleggen,…"
Cuijk - Kleve - Cuijk  55km ENG 2026,cuijk - kleve - cuijk,Information about a tour 2026\ANWB Limburgse Maas\old\Draaiboek Nijmegen-Maastricht ANWB v.v. 2025.docx,Draaiboek Nijmegen-Maastricht ANWB v.v. 2025,…a. 1) dag 6 venlo - cuijk cuijk - grave - cuijk (43 km) van cuijk - kleve - cuijk (55 km) vandaag brengt het schip u tijdens een varend ontbi…
Cuijk - Venlo 66km ENG 2026,cuijk - venlo,Information about a tour 2026\ANWB Limburgse Maas\old\Draaiboek Nijmegen-Maastricht ANWB v.v. 2025.docx,Draaiboek Nijmegen-Maastricht ANWB v.v. 2025,…en na diner zelf een wandelingetje door cuijk maken. dag 2: cuijk - venlo 66 km / venlo - roermond tekst site: na het ontbijt maak je…
Den Helder - Alkmaar 53 km ENG 2026,den helder - alkmaar,Information about a tour 2026\S&B_ 8-day Sail & Bike Tulip Tour\old\Draaiboek Tulp S&B Amsterdam - Z.Schans 2024.docx,Draaiboek Tulp S&B Amsterdam - Z.Schans 2024,….00 dinner 18.00 dinner berth den helder 19.30 tourbriefing den helder - alkmaar 43 km/29 mi. or 48km/26mi 8.00 breakfast 8.00 breakfast 10.…
Deventer - Hattem - Kampen 50km ENG 2026,deventer - hattem - kampen,Information about a tour 2026\Premium_ Historic Hanseatic cities\old\Draaiboek Hanze Premium (Boutique) 2024 .docx,Draaiboek Hanze Premium (Boutique) 2024 ,"…rth deventer, welle schedule ship schedule cyclists tuesday deventer - hattem - kampen 36 km/23 mi or 48 km/29 mi 8.00 breakfast 8.00 breakfast 9.…"
Doesburg - Vorden - Lochem 44 km ENG 2026,doesburg - vorden - lochem,Information about a tour 2026\ANWB_ Veluwe en Hanzesteden\old\Draaiboek Veluwe+Hanzesteden 2025 new.docx,Draaiboek Veluwe+Hanzesteden 2025 new,…ek halverwege de dag verder wordt gevaren deze week. dag 2: doesburg - vorden - lochem (44 of 56 km) vanuit doesburg fiets je naar het kleinste pl…
Doesburg - Vorden - Lochem 44 km ENG 2026,doesburg - vorden - lochem,Information about a tour 2026\ANWB_ Veluwe en Hanzesteden\old\Draaiboek Veluwe+Hanzesteden 2025.docx,Draaiboek Veluwe+Hanzesteden 2025,…e fiets te halen als fietsen van en aan boord gaan . dag 2: doesburg - vorden - lochem (44 of 56 km) vanuit doesburg fiets je naar het kleinste pl…
Doesburg - Zutphen 27 km ENG 2026,doesburg - zutphen,Information about a tour 2026\Premium_ Historic Hanseatic cities\old\Draaiboek Hanze La Mar-Lena Maria 2025(1).docx,Draaiboek Hanze La Mar-Lena Maria 2025(1),… leuke plek voor koffie en/of its meer. mooi terras. day 3: doesburg - zutphen zutphen - deventer (27 km/17 mi. or 44 km/28 mi.) from does…
Doesburg - Zutphen 27 km ENG 2026,doesburg - zutphen,Information about a tour 2026\Premium_ Historic Hanseatic cities\old\Draaiboek Hanze La Mar-Lena Maria 2025(2).docx,Draaiboek Hanze La Mar-Lena Maria 2025(2),… leuke plek voor koffie en/of its meer. mooi terras. day 3: doesburg - zutphen zutphen - deventer (27 km/17 mi. or 44 km/28 mi.) from does…
Doesburg - Zutphen 27 km ENG 2026,doesburg - zutphen,Information about a tour 2026\Premium_ Historic Hanseatic cities\old\Draaiboek Hanze La Mar-Lena Maria 2025(3).docx,Draaiboek Hanze La Mar-Lena Maria 2025(3),… leuke plek voor koffie en/of its meer. mooi terras. day 3: doesburg - zutphen zutphen - deventer (27 km/17 mi. or 44 km/28 mi.) from does…
Doesburg - Zutphen 27 km ENG 2026,doesburg - zutphen,Information about a tour 2026\Premium_ Historic Hanseatic cities\old\Draaiboek Hanze La Mar-Lena Maria 2025.docx,Draaiboek Hanze La Mar-Lena Maria 2025,… leuke plek voor koffie en/of its meer. mooi terras. day 3: doesburg - zutphen zutphen - deventer (27 km/17 mi. or 44 km/28 mi.) from does…
Doesburg - Zutphen 27 km ENG 2026,doesburg - zutphen,Information about a tour 2026\Premium_ Historic Hanseatic cities\old\Draaiboek Hanze La Mar-Lena Maria 2026(1).docx,Draaiboek Hanze La Mar-Lena Maria 2026(1),…dezelfde kade waar het schip ligt. day 3: arnhem - doesburg doesburg - zutphen (27 km/16 mi. or 44 km/27 mi.) zutphen - deventer during br…
Doesburg - Zutphen 27 km ENG 2026,doesburg - zutphen,Information about a tour 2026\Premium_ Historic Hanseatic cities\old\Draaiboek Hanze Magnifique II 2025(1).docx,Draaiboek Hanze Magnifique II 2025(1),… leuke plek voor koffie en/of its meer. mooi terras. day 3: doesburg - zutphen zutphen - deventer (27 km/17 mi. or 44 km/28 mi.) from does…
Doesburg - Zutphen 27 km ENG 2026,doesburg - zutphen,Information about a tour 2026\Premium_ Historic Hanseatic cities\old\Draaiboek Hanze Magnifique II 2025(2).docx,Draaiboek Hanze Magnifique II 2025(2),… leuke plek voor koffie en/of its meer. mooi terras. day 3: doesburg - zutphen zutphen - deventer (27 km/17 mi. or 44 km/28 mi.) from does…
Doesburg - Zutphen 27 km ENG 2026,doesburg - zutphen,Information about a tour 2026\Premium_ Historic Hanseatic cities\old\Draaiboek Hanze Magnifique II 2025(3).docx,Draaiboek Hanze Magnifique II 2025(3),… leuke plek voor koffie en/of its meer. mooi terras. day 3: doesburg - zutphen zutphen - deventer (27 km/17 mi. or 44 km/28 mi.) from does…
Doesburg - Zutphen 27 km ENG 2026,doesburg - zutphen,Information about a tour 2026\Premium_ Historic Hanseatic cities\old\Draaiboek Hanze Magnifique II 2025.docx,Draaiboek Hanze Magnifique II 2025,… leuke plek voor koffie en/of its meer. mooi terras. day 3: doesburg - zutphen zutphen - deventer (27 km/17 mi. or 44 km/28 mi.) from does…
Doesburg - Zutphen 27 km ENG 2026,doesburg - zutphen,Information about a tour 2026\Premium_ Historic Hanseatic cities\old\Draaiboek Hanze Premium (Boutique) 2024 .docx,Draaiboek Hanze Premium (Boutique) 2024 ,…um airborne at the bridge. day 3 (mon): (arnhem - doesburg) doesburg - zutphen (27 km/16 mi. or 44 km/27 mi.) zutphen - deventer (we leave…
Doesburg - Zutphen 27 km ENG 2026,doesburg - zutphen,Information about a tour 2026\Premium_ Historic Hanseatic cities\old\Draaiboek Hanze premium (Magnifique_s) 2024 .docx,Draaiboek Hanze premium (Magnifique_s) 2024 ,…het museum airborne at the bridge. day 3: arnhem - doesburg doesburg - zutphen zutphen - deventer (45 km/27 mi. or 55 km/35 mi.) we leave …
Doesburg - Zutphen 27 km ENG 2026,doesburg - zutphen,Information about a tour 2026\Semi-Guided_ Hansa Highlights\Draaiboek Hanse Highlights SEMI 2026.docx,Draaiboek Hanse Highlights SEMI 2026,…is dat passend is voor onze gasten. dag 3 arnhem - doesburg doesburg - zutphen - deventer 45 / 55 km tijdens het ontbijt vaart het schip n…
Doesburg - Zutphen 27 km ENG 2026,doesburg - zutphen,Information about a tour 2026\Semi-Guided_ Hansa Highlights\Old\Draaiboek Hansa Highlights.docx,Draaiboek Hansa Highlights,…eopend meestal. maandags alles dicht. day 3 (mon): doesburg doesburg - zutphen - deventer (46 km/29 mi. or 58 km/36 mi.) we leave arnhem o…
Doesburg - Zutphen 27 km ENG 2026,doesburg - zutphen,Information about a tour 2026\Semi-Guided_ Hansa Highlights\Old\Draaiboek Hanse Highlights SEMI 2025(1).docx,Draaiboek Hanse Highlights SEMI 2025(1),"…avond nog open. maandags alles dicht. day 3 (mon): doesburg doesburg - zutphen - deventer (47 km/29 mi. or 58 km/36 mi.) from doesburg, th…"
Doesburg - Zutphen 27 km ENG 2026,doesburg - zutphen,Information about a tour 2026\Semi-Guided_ Hansa Highlights\Old\Draaiboek Hanse Highlights SEMI 2025.docx,Draaiboek Hanse Highlights SEMI 2025,"…avond nog open. maandags alles dicht. day 3 (mon): doesburg doesburg - zutphen - deventer (47 km/29 mi. or 58 km/36 mi.) from doesburg, th…"
Dordrecht - Schoonhoven 32km ENG 2026,dordrecht - schoonhoven,Information about a tour 2026\Amsterdam to Paris\old\Paris - Amsterdam English 2026 May update.docx,Paris - Amsterdam English 2026 May update,"…echt 20:00: evening city stroll by the bbt-tourguide day 7: dordrecht - schoonhoven begin your day with a scenic waterbus ride to kinderdijk, a…"
Dordrecht - Schoonhoven 32km ENG 2026,dordrecht - schoonhoven,Information about a tour 2026\Amsterdam to Paris\old\Paris - Amsterdam English 2026 update juli(1).docx,Paris - Amsterdam English 2026 update juli(1),…echt 20:00: evening city stroll by the bbt-tourguide day 7: dordrecht - schoonhoven (32 km / 20 miles) begin your day with a scenic waterbus ri…
Dordrecht - Schoonhoven 32km ENG 2026,dordrecht - schoonhoven,Information about a tour 2026\Amsterdam to Paris\old\Paris - Amsterdam English 2026 update juli.docx,Paris - Amsterdam English 2026 update juli,…cht 20:00: evening city stroll by the bbt-tour guide day 7: dordrecht - schoonhoven (32 km / 20 miles) begin your day with a scenic waterbus ri…
Dordrecht - Schoonhoven 32km ENG 2026,dordrecht - schoonhoven,Information about a tour 2026\Amsterdam to Paris\old\Paris - Amsterdam English 2026 update jun.docx,Paris - Amsterdam English 2026 update jun,…echt 20:00: evening city stroll by the bbt-tourguide day 7: dordrecht - schoonhoven (32 km / 20 miles) begin your day with a scenic waterbus ri…
Dordrecht - Schoonhoven 32km ENG 2026,dordrecht - schoonhoven,Information about a tour 2026\Amsterdam to Paris\old\Paris - Amsterdam English 2026.docx,Paris - Amsterdam English 2026,"…echt 20:00: evening city stroll by the bbt-tourguide day 7: dordrecht - schoonhoven begin your day with a scenic waterbus ride to kinderdijk, a…"
Dordrecht - Schoonhoven 32km ENG 2026,dordrecht - schoonhoven,Information about a tour 2026\Amsterdam to Paris\old\Paris - Amsterdam English.docx,Paris - Amsterdam English,"…next day 20:00: evening city stroll by the tourguide day 7: dordrecht - schoonhoven begin your day with a scenic waterbus ride to kinderdijk, a…"
Dordrecht - Schoonhoven 39 km ENG 2026,dordrecht - schoonhoven,Information about a tour 2026\Amsterdam to Paris\old\Paris - Amsterdam English 2026 May update.docx,Paris - Amsterdam English 2026 May update,"…echt 20:00: evening city stroll by the bbt-tourguide day 7: dordrecht - schoonhoven begin your day with a scenic waterbus ride to kinderdijk, a…"
Dordrecht - Schoonhoven 39 km ENG 2026,dordrecht - schoonhoven,Information about a tour 2026\Amsterdam to Paris\old\Paris - Amsterdam English 2026 update juli(1).docx,Paris - Amsterdam English 2026 update juli(1),…echt 20:00: evening city stroll by the bbt-tourguide day 7: dordrecht - schoonhoven (32 km / 20 miles) begin your day with a scenic waterbus ri…
Dordrecht - Schoonhoven 39 km ENG 2026,dordrecht - schoonhoven,Information about a tour 2026\Amsterdam to Paris\old\Paris - Amsterdam English 2026 update juli.docx,Paris - Amsterdam English 2026 update juli,…cht 20:00: evening city stroll by the bbt-tour guide day 7: dordrecht - schoonhoven (32 km / 20 miles) begin your day with a scenic waterbus ri…
Dordrecht - Schoonhoven 39 km ENG 2026,dordrecht - schoonhoven,Information about a tour 2026\Amsterdam to Paris\old\Paris - Amsterdam English 2026 update jun.docx,Paris - Amsterdam English 2026 update jun,…echt 20:00: evening city stroll by the bbt-tourguide day 7: dordrecht - schoonhoven (32 km / 20 miles) begin your day with a scenic waterbus ri…
Dordrecht - Schoonhoven 39 km ENG 2026,dordrecht - schoonhoven,Information about a tour 2026\Amsterdam to Paris\old\Paris - Amsterdam English 2026.docx,Paris - Amsterdam English 2026,"…echt 20:00: evening city stroll by the bbt-tourguide day 7: dordrecht - schoonhoven begin your day with a scenic waterbus ride to kinderdijk, a…"
Dordrecht - Schoonhoven 39 km ENG 2026,dordrecht - schoonhoven,Information about a tour 2026\Amsterdam to Paris\old\Paris - Amsterdam English.docx,Paris - Amsterdam English,"…next day 20:00: evening city stroll by the tourguide day 7: dordrecht - schoonhoven begin your day with a scenic waterbus ride to kinderdijk, a…"
Dordrecht - Schoonhoven 39km ENG 2026,dordrecht - schoonhoven,Information about a tour 2026\Amsterdam to Paris\old\Paris - Amsterdam English 2026 May update.docx,Paris - Amsterdam English 2026 May update,"…echt 20:00: evening city stroll by the bbt-tourguide day 7: dordrecht - schoonhoven begin your day with a scenic waterbus ride to kinderdijk, a…"
Dordrecht - Schoonhoven 39km ENG 2026,dordrecht - schoonhoven,Information about a tour 2026\Amsterdam to Paris\old\Paris - Amsterdam English 2026 update juli(1).docx,Paris - Amsterdam English 2026 update juli(1),…echt 20:00: evening city stroll by the bbt-tourguide day 7: dordrecht - schoonhoven (32 km / 20 miles) begin your day with a scenic waterbus ri…
Dordrecht - Schoonhoven 39km ENG 2026,dordrecht - schoonhoven,Information about a tour 2026\Amsterdam to Paris\old\Paris - Amsterdam English 2026 update juli.docx,Paris - Amsterdam English 2026 update juli,…cht 20:00: evening city stroll by the bbt-tour guide day 7: dordrecht - schoonhoven (32 km / 20 miles) begin your day with a scenic waterbus ri…
Dordrecht - Schoonhoven 39km ENG 2026,dordrecht - schoonhoven,Information about a tour 2026\Amsterdam to Paris\old\Paris - Amsterdam English 2026 update jun.docx,Paris - Amsterdam English 2026 update jun,…echt 20:00: evening city stroll by the bbt-tourguide day 7: dordrecht - schoonhoven (32 km / 20 miles) begin your day with a scenic waterbus ri…
Dordrecht - Schoonhoven 39km ENG 2026,dordrecht - schoonhoven,Information about a tour 2026\Amsterdam to Paris\old\Paris - Amsterdam English 2026.docx,Paris - Amsterdam English 2026,"…echt 20:00: evening city stroll by the bbt-tourguide day 7: dordrecht - schoonhoven begin your day with a scenic waterbus ride to kinderdijk, a…"
Dordrecht - Schoonhoven 39km ENG 2026,dordrecht - schoonhoven,Information about a tour 2026\Amsterdam to Paris\old\Paris - Amsterdam English.docx,Paris - Amsterdam English,"…next day 20:00: evening city stroll by the tourguide day 7: dordrecht - schoonhoven begin your day with a scenic waterbus ride to kinderdijk, a…"
Dordrecht - Schoonhoven 32 km ENG 2026,dordrecht - schoonhoven,Information about a tour 2026\Amsterdam to Paris\old\Paris - Amsterdam English 2026 May update.docx,Paris - Amsterdam English 2026 May update,"…echt 20:00: evening city stroll by the bbt-tourguide day 7: dordrecht - schoonhoven begin your day with a scenic waterbus ride to kinderdijk, a…"
Dordrecht - Schoonhoven 32 km ENG 2026,dordrecht - schoonhoven,Information about a tour 2026\Amsterdam to Paris\old\Paris - Amsterdam English 2026 update juli(1).docx,Paris - Amsterdam English 2026 update juli(1),…echt 20:00: evening city stroll by the bbt-tourguide day 7: dordrecht - schoonhoven (32 km / 20 miles) begin your day with a scenic waterbus ri…
Dordrecht - Schoonhoven 32 km ENG 2026,dordrecht - schoonhoven,Information about a tour 2026\Amsterdam to Paris\old\Paris - Amsterdam English 2026 update juli.docx,Paris - Amsterdam English 2026 update juli,…cht 20:00: evening city stroll by the bbt-tour guide day 7: dordrecht - schoonhoven (32 km / 20 miles) begin your day with a scenic waterbus ri…
Dordrecht - Schoonhoven 32 km ENG 2026,dordrecht - schoonhoven,Information about a tour 2026\Amsterdam to Paris\old\Paris - Amsterdam English 2026 update jun.docx,Paris - Amsterdam English 2026 update jun,…echt 20:00: evening city stroll by the bbt-tourguide day 7: dordrecht - schoonhoven (32 km / 20 miles) begin your day with a scenic waterbus ri…
Dordrecht - Schoonhoven 32 km ENG 2026,dordrecht - schoonhoven,Information about a tour 2026\Amsterdam to Paris\old\Paris - Amsterdam English 2026.docx,Paris - Amsterdam English 2026,"…echt 20:00: evening city stroll by the bbt-tourguide day 7: dordrecht - schoonhoven begin your day with a scenic waterbus ride to kinderdijk, a…"
Dordrecht - Schoonhoven 32 km ENG 2026,dordrecht - schoonhoven,Information about a tour 2026\Amsterdam to Paris\old\Paris - Amsterdam English.docx,Paris - Amsterdam English,"…next day 20:00: evening city stroll by the tourguide day 7: dordrecht - schoonhoven begin your day with a scenic waterbus ride to kinderdijk, a…"
Dordrecht - Schoonhoven 26km ENG 2026,dordrecht - schoonhoven,Information about a tour 2026\Amsterdam to Paris\old\Paris - Amsterdam English 2026 May update.docx,Paris - Amsterdam English 2026 May update,"…echt 20:00: evening city stroll by the bbt-tourguide day 7: dordrecht - schoonhoven begin your day with a scenic waterbus ride to kinderdijk, a…"
Dordrecht - Schoonhoven 26km ENG 2026,dordrecht - schoonhoven,Information about a tour 2026\Amsterdam to Paris\old\Paris - Amsterdam English 2026 update juli(1).docx,Paris - Amsterdam English 2026 update juli(1),…echt 20:00: evening city stroll by the bbt-tourguide day 7: dordrecht - schoonhoven (32 km / 20 miles) begin your day with a scenic waterbus ri…
Dordrecht - Schoonhoven 26km ENG 2026,dordrecht - schoonhoven,Information about a tour 2026\Amsterdam to Paris\old\Paris - Amsterdam English 2026 update juli.docx,Paris - Amsterdam English 2026 update juli,…cht 20:00: evening city stroll by the bbt-tour guide day 7: dordrecht - schoonhoven (32 km / 20 miles) begin your day with a scenic waterbus ri…
Dordrecht - Schoonhoven 26km ENG 2026,dordrecht - schoonhoven,Information about a tour 2026\Amsterdam to Paris\old\Paris - Amsterdam English 2026 update jun.docx,Paris - Amsterdam English 2026 update jun,…echt 20:00: evening city stroll by the bbt-tourguide day 7: dordrecht - schoonhoven (32 km / 20 miles) begin your day with a scenic waterbus ri…
Dordrecht - Schoonhoven 26km ENG 2026,dordrecht - schoonhoven,Information about a tour 2026\Amsterdam to Paris\old\Paris - Amsterdam English 2026.docx,Paris - Amsterdam English 2026,"…echt 20:00: evening city stroll by the bbt-tourguide day 7: dordrecht - schoonhoven begin your day with a scenic waterbus ride to kinderdijk, a…"
Dordrecht - Schoonhoven 26km ENG 2026,dordrecht - schoonhoven,Information about a tour 2026\Amsterdam to Paris\old\Paris - Amsterdam English.docx,Paris - Amsterdam English,"…next day 20:00: evening city stroll by the tourguide day 7: dordrecht - schoonhoven begin your day with a scenic waterbus ride to kinderdijk, a…"
Enkhuizen - Hoorn 22 km ENG 2026,enkhuizen - hoorn,Information about a tour 2026\Boutique_ North Holland Landscapes & Seascapes\old\Draaiboek Landscapes & Seascapes 2024.docx,Draaiboek Landscapes & Seascapes 2024,"…tie? je doet dit via www.boatbiketours.nl/realisatie day 6: enkhuizen - hoorn (23 km/14 mi. or 35 km/21 mi.) a shorter ride today, taking…"
Enkhuizen - Hoorn 22 km ENG 2026,enkhuizen - hoorn,Information about a tour 2026\Boutique_ North Holland Landscapes & Seascapes\old\Draaiboek Landscapes & Seascapes 2025 - update nov.docx,Draaiboek Landscapes & Seascapes 2025 - update nov,…tie? je doet dit via www.boatbiketours.nl/realisatie day 6: enkhuizen - hoorn (30 km/19 mi. or 35 km/21 mi.) - extra loop a shorter ride …
Enkhuizen - Hoorn 22 km ENG 2026,enkhuizen - hoorn,Information about a tour 2026\S&B_ 8-day Sail & Bike Tulip Tour\old\Draaiboek Tulp SailZaanse Schans Amsterdam.docx,Draaiboek Tulp SailZaanse Schans Amsterdam,…rschillende eetgelegenheden in enkhuizen in dropbox. day 6: enkhuizen - hoorn hoorn - volendam (28 km/20 mi.) in the morning you will joi…
Evry - Melun 29 km ENG 2026,evry - melun,Information about a tour 2026\Premium_ Parijs - Montargis v.v\old\Draaiboek Parijs - Montargis Fleur 2024 (1).docx,Draaiboek Parijs - Montargis Fleur 2024 (1),"…rsenal, ofwel quai de bercy, ofwel austerlitz. day 2 (sun): evry - melun (30 km/19 mi.) after breakfast, the bicycle tour starts fro…"
Evry - Melun 29 km ENG 2026,evry - melun,Information about a tour 2026\Premium_ Parijs - Montargis v.v\old\Draaiboek Parijs - Montargis Fleur 2024(1).docx,Draaiboek Parijs - Montargis Fleur 2024(1),"…rsenal, ofwel quai de bercy, ofwel austerlitz. day 2 (sun): evry - melun (30 km/19 mi.) after breakfast, the bicycle tour starts fro…"
Evry - Melun 29 km ENG 2026,evry - melun,Information about a tour 2026\Premium_ Parijs - Montargis v.v\old\Draaiboek Parijs-Montargis 2026.docx,Draaiboek Parijs-Montargis 2026,"…rsenal, ofwel quai de bercy, ofwel austerlitz. day 2 (fri): evry - melun (30 km/19 mi.) after breakfast, the bicycle tour starts fro…"
Gouda - Oude Wetering 50 km ENG 2026,gouda - oude wetering,Information about a tour 2026\Premium_ 8-day Tulip Tour\Old\Draaiboek Tulp 8 Magnifique 2025.docx,Draaiboek Tulp 8 Magnifique 2025,…0 tourbriefing + hike schedule ship schedule cyclists day 4 gouda - oude wetering 8.00 breakfast 8.00 breakfast 11.30 ship departs to alphen …
Hoorn - Alkmaar - Schoorl  47 km ENG 2025,hoorn - alkmaar - schoorl,Information about a tour 2026\S&B_ 8-day Sail & Bike Tulip Tour\old\Draaiboek SenB Tulip Leafde Fan Fryslan 2025 v2.docx,Draaiboek SenB Tulip Leafde Fan Fryslan 2025 v2,"…sterdam - hoorn (sailing ; testride 7 km/4,5 miles) day 2 : hoorn - alkmaar - schoorl (39 km/24 mi or 47 km/29 mi ) (transfer to medemblik) day 3…"
Hoorn - Alkmaar - Schoorl 39 km ENG 2025,hoorn - alkmaar - schoorl,Information about a tour 2026\S&B_ 8-day Sail & Bike Tulip Tour\old\Draaiboek SenB Tulip Leafde Fan Fryslan 2025 v2.docx,Draaiboek SenB Tulip Leafde Fan Fryslan 2025 v2,"…sterdam - hoorn (sailing ; testride 7 km/4,5 miles) day 2 : hoorn - alkmaar - schoorl (39 km/24 mi or 47 km/29 mi ) (transfer to medemblik) day 3…"
Hoorn - Medemblik 50 km ENG 2026,hoorn - medemblik,Information about a tour 2026\S&B_ 8-day Sail & Bike Tulip Tour\old\Draaiboek SenB Tulip Leafde Fan Fryslan 2025 v2.docx,Draaiboek SenB Tulip Leafde Fan Fryslan 2025 v2,…fing berth hoorn 20.30 hike schedule ship schedule cyclists hoorn - medemblik 39 km/ 25 mi or 47 km / 29 mi 8.00 breakfast 8.00 breakfast…
Hoorn - Medemblik 29 km ENG 2026,hoorn - medemblik,Information about a tour 2026\S&B_ 8-day Sail & Bike Tulip Tour\old\Draaiboek SenB Tulip Leafde Fan Fryslan 2025 v2.docx,Draaiboek SenB Tulip Leafde Fan Fryslan 2025 v2,…fing berth hoorn 20.30 hike schedule ship schedule cyclists hoorn - medemblik 39 km/ 25 mi or 47 km / 29 mi 8.00 breakfast 8.00 breakfast…
Joigny - Auxerre 50 km ENG 2026,joigny - auxerre,"Information about a tour 2026\Premium_ France_ Northern Burgundy, Auxerre – Moret sur Loing or vv Premium\Old\Draaiboek Moret - Auxerre 2025.docx",Draaiboek Moret - Auxerre 2025,…uche en le bistro de chapeau zijn er twee van. day 6 (sun): joigny - auxerre (37 km/ 22 mi or 50 km/31 mi) another leisurely breakfast a…
Joigny - Auxerre 37 km ENG 2026,joigny - auxerre,"Information about a tour 2026\Premium_ France_ Northern Burgundy, Auxerre – Moret sur Loing or vv Premium\Old\Draaiboek Moret - Auxerre 2025.docx",Draaiboek Moret - Auxerre 2025,…uche en le bistro de chapeau zijn er twee van. day 6 (sun): joigny - auxerre (37 km/ 22 mi or 50 km/31 mi) another leisurely breakfast a…
Joigny - Villeneuve-sur-Yonne 47 km ENG 2026,joigny - villeneuve-sur-yonne,"Information about a tour 2026\Premium_ France_ Northern Burgundy, Auxerre – Moret sur Loing or vv Premium\Old\Draaiboek Auxerre - Moret 2025.docx",Draaiboek Auxerre - Moret 2025,… church (met het beeld van de lachende madonna day 4 (fri): joigny - villeneuve-sur-yonne (23 km/15 mi or 46 km/29 mi) what better way to start the d…
Karlstadt - Lohr 31 km ENG 2026,karlstadt - lohr,Information about a tour 2026\Premium_ Asschaffenburg - Bamberg or v.v\Old\Bamberg - Asschaffenburg  2025.docx,Bamberg - Asschaffenburg  2025,"…afé engelchen, cafe denkmal, e71, etc. 🗓️ day 5: würzburg - karlstadt - lohr (ca. 50 km) early morning sailing brings you to karlstadt, …"
Lovendegem - Sas van Gent 30 km ENG 2026,lovendegem - sas van gent,Information about a tour 2026\Premium_ Netherlands & Belgium_ Amsterdam – Bruges vv\Alternatives\Lovendegem - Sas van Gent Route info.docx,Lovendegem - Sas van Gent Route info,"…route lovendegem - sas van gent net na vertrek: kasteel diepenbroeck, (appensvoordestraat) …"
Lovendegem - Sas van Gent 30 km ENG 2026,lovendegem - sas van gent,Information about a tour 2026\Semi-Guided_ Holland & België\Alternatives\Lovendegem - Sas van Gent Route info.docx,Lovendegem - Sas van Gent Route info,"…route lovendegem - sas van gent net na vertrek: kasteel diepenbroeck, (appensvoordestraat) …"
Marktbreit - Würzburg 30 km ENG 2026,marktbreit - würzburg,Information about a tour 2026\Premium_ Asschaffenburg - Bamberg or v.v\Old\Bamberg - Asschaffenburg  2025.docx,Bamberg - Asschaffenburg  2025,"… kloosterwandeling münsterschwarzach, marktbreit. 🗓️ day 4: marktbreit - würzburg (66 km) today’s scenic route includes kitzingen, ochsenfurt…"
miltenberg – Aschaffenburg 50 km ENG 2026,miltenberg - aschaffenburg,Information about a tour 2026\Premium_ Asschaffenburg - Bamberg or v.v\Old\Bamberg - Asschaffenburg  2025.docx,Bamberg - Asschaffenburg  2025,"…café mainland, de mar, franck-stube, schlossberg. 🗓️ day 7: miltenberg - aschaffenburg (ca. 45 km) final cycling day! ride along the main to your …"
Miltenberg – Aschaffenburg 46 km ENG 2026,miltenberg - aschaffenburg,Information about a tour 2026\Premium_ Asschaffenburg - Bamberg or v.v\Old\Bamberg - Asschaffenburg  2025.docx,Bamberg - Asschaffenburg  2025,"…café mainland, de mar, franck-stube, schlossberg. 🗓️ day 7: miltenberg - aschaffenburg (ca. 45 km) final cycling day! ride along the main to your …"
Mook - Venlo 69km ENG 2026,mook - venlo,Information about a tour 2026\ANWB Limburgse Maas\old\Draaiboek Limburgse Maas ANWB 2025.docx,Draaiboek Limburgse Maas ANWB 2025,…rwege de dag verder wordt gevaren deze week. dag 2: cuijk / mook - venlo 66/69 km / venlo - roermond na het ontbijt maak je je op vo…
Mook - Venlo 69km ENG 2026,mook - venlo,Information about a tour 2026\ANWB Limburgse Maas\old\Draaiboek Nijmegen-Maastricht ANWB v.v. 2025 (1).docx,Draaiboek Nijmegen-Maastricht ANWB v.v. 2025 (1),…rwege de dag verder wordt gevaren deze week. dag 2: cuijk / mook - venlo 66/69 km / venlo - roermond na het ontbijt maak je je op vo…
Moret - Nemours  49 km ENG 2026,moret - nemours,Information about a tour 2026\Premium_ Parijs - Montargis v.v\old\Draaiboek Parijs - Montargis Fleur 2024 (1).docx,Draaiboek Parijs - Montargis Fleur 2024 (1),…ret 20.30 town walk schedule ship schedule cyclists tuesday moret - nemours 38 km/23 mi or 49 km/31 mi 8.00 breakfast 8.00 breakfast 9.…
Moret - Nemours  49 km ENG 2026,moret - nemours,Information about a tour 2026\Premium_ Parijs - Montargis v.v\old\Draaiboek Parijs - Montargis Fleur 2024(1).docx,Draaiboek Parijs - Montargis Fleur 2024(1),…ret 20.30 town walk schedule ship schedule cyclists tuesday moret - nemours 38 km/23 mi or 49 km/31 mi 8.00 breakfast 8.00 breakfast 9.…
Moret - Nemours  49 km ENG 2026,moret - nemours,Information about a tour 2026\Premium_ Parijs - Montargis v.v\old\Draaiboek Parijs-Montargis 2026.docx,Draaiboek Parijs-Montargis 2026,…ret 20.30 town walk schedule ship schedule cyclists tuesday moret - nemours 38 km/23 mi or 49 km/31 mi 8.00 breakfast 8.00 breakfast 9.…
Moret - Nemours 38 km ENG 2026,moret - nemours,Information about a tour 2026\Premium_ Parijs - Montargis v.v\old\Draaiboek Parijs - Montargis Fleur 2024 (1).docx,Draaiboek Parijs - Montargis Fleur 2024 (1),…ret 20.30 town walk schedule ship schedule cyclists tuesday moret - nemours 38 km/23 mi or 49 km/31 mi 8.00 breakfast 8.00 breakfast 9.…
Moret - Nemours 38 km ENG 2026,moret - nemours,Information about a tour 2026\Premium_ Parijs - Montargis v.v\old\Draaiboek Parijs - Montargis Fleur 2024(1).docx,Draaiboek Parijs - Montargis Fleur 2024(1),…ret 20.30 town walk schedule ship schedule cyclists tuesday moret - nemours 38 km/23 mi or 49 km/31 mi 8.00 breakfast 8.00 breakfast 9.…
Moret - Nemours 38 km ENG 2026,moret - nemours,Information about a tour 2026\Premium_ Parijs - Montargis v.v\old\Draaiboek Parijs-Montargis 2026.docx,Draaiboek Parijs-Montargis 2026,…ret 20.30 town walk schedule ship schedule cyclists tuesday moret - nemours 38 km/23 mi or 49 km/31 mi 8.00 breakfast 8.00 breakfast 9.…
Nemours - Moret 43 km ENG 2026,nemours - moret,Information about a tour 2026\Premium_ Parijs - Montargis v.v\old\Draaiboek Montargis -Parijs Fleur 2024.docx,Draaiboek Montargis -Parijs Fleur 2024,…water met voldoende schaduw. een uniek plekje. day 5 (wed): nemours - moret-sur-loing (32 km/19 mi or 43 km/26 mi.) today you stay in t…
Nemours - Moret 43 km ENG 2026,nemours - moret,Information about a tour 2026\Premium_ Parijs - Montargis v.v\old\Draaiboek Montargis-Parijs Fleur 2024.docx,Draaiboek Montargis-Parijs Fleur 2024,"…de nemours, dagelijks geopend van 11.00-22.00. day 5 (wed): nemours - moret-sur-loing (32 km/19 mi or 43 km/26 mi.) today you stay in t…"
Pont-sur-Yonne - Sens 46 km ENG 2026,pont-sur-yonne - sens,"Information about a tour 2026\Premium_ France_ Northern Burgundy, Auxerre – Moret sur Loing or vv Premium\Old\Draaiboek Moret - Sens 2025.docx",Draaiboek Moret - Sens 2025,…rderij? vandaag of morgen (imker bij thorigny)? day 5 sat : pont-sur-yonne - sens (35-42 km/20.5-26 mi.) today you have the option to follow …
Pont-sur-Yonne - Sens 34 km ENG 2026,pont-sur-yonne - sens,"Information about a tour 2026\Premium_ France_ Northern Burgundy, Auxerre – Moret sur Loing or vv Premium\Old\Draaiboek Moret - Sens 2025.docx",Draaiboek Moret - Sens 2025,…rderij? vandaag of morgen (imker bij thorigny)? day 5 sat : pont-sur-yonne - sens (35-42 km/20.5-26 mi.) today you have the option to follow …
Remagen - Koblenz 46 km ENG 2026,remagen - koblenz,Information about a tour 2026\Premium_ Amsterdam - Cochem\Draaiboek Amsterdam-Cochem 2026.docx,Draaiboek Amsterdam-Cochem 2026,…nelle groep kan hier geluncht worden. dag 6: bonn - remagen remagen - koblenz (± 44 km) during breakfast we sail to remagen. your cycling…
Remagen - Koblenz 46 km ENG 2026,remagen - koblenz,Information about a tour 2026\Premium_ Amsterdam - Cochem\Old\Draaiboek Amsterdam - Cochem 2024.docx,Draaiboek Amsterdam - Cochem 2024,… (kabel meenemen!) fietsen aan boord! day 6: bonn - remagen remagen - koblenz (44 km/27 mi) during breakfast we sail to remagen. your cyc…
Remagen - Koblenz 43 km ENG 2026,remagen - koblenz,Information about a tour 2026\Premium_ Amsterdam - Cochem\Draaiboek Amsterdam-Cochem 2026.docx,Draaiboek Amsterdam-Cochem 2026,…nelle groep kan hier geluncht worden. dag 6: bonn - remagen remagen - koblenz (± 44 km) during breakfast we sail to remagen. your cycling…
Remagen - Koblenz 43 km ENG 2026,remagen - koblenz,Information about a tour 2026\Premium_ Amsterdam - Cochem\Old\Draaiboek Amsterdam - Cochem 2024.docx,Draaiboek Amsterdam - Cochem 2024,… (kabel meenemen!) fietsen aan boord! day 6: bonn - remagen remagen - koblenz (44 km/27 mi) during breakfast we sail to remagen. your cyc…
Roermond - Arcen 49 km ENG 2026,roermond - arcen,Information about a tour 2026\Boutique_ Amsterdam - Maastricht vv\Draaiboek Maastricht-Amsterdam 2026[35].docx,Draaiboek Maastricht-Amsterdam 2026[35],…0 city walk roermond schedule ship schedule cyclists monday roermond - arcen 50 km/30 mi 8.00 breakfast 8.00 breakfast 9.30 departure sh…
Roermond - Arcen 49 km ENG 2026,roermond - arcen,Information about a tour 2026\Boutique_ Amsterdam - Maastricht vv\Old\Draaiboek Maastricht-Amsterdam 2024.docx,Draaiboek Maastricht-Amsterdam 2024,…0 city walk roermond schedule ship schedule cyclists monday roermond - arcen 50 km/30 mi 8.00 breakfast 8.00 breakfast 9.30 departure sh…
Roermond - Arcen 49 km ENG 2026,roermond - arcen,Information about a tour 2026\Boutique_ Amsterdam - Maastricht vv\Old\Draaiboek Maastricht-Amsterdam 2026.docx,Draaiboek Maastricht-Amsterdam 2026,…0 city walk roermond schedule ship schedule cyclists monday roermond - arcen 50 km/30 mi 8.00 breakfast 8.00 breakfast 9.30 departure sh…
Rødvig - Køge 44 km ENG 2026,rødvig - køge,Information about a tour 2026\S&B_ Denmark & Sweden DB\Old\Draaiboek Denmark-Sweden 2026.docx,Draaiboek Denmark-Sweden 2026,…e (vallø castle 46km/28.5mi or stevns klint 62km/38.5mi) or rødvig - køge 44km/27.5mi or sailing day today you and your bikes will st…
Schoonhoven - Utrecht 44 km ENG 2026,schoonhoven - utrecht,Information about a tour 2026\Amsterdam to Paris\old\Paris - Amsterdam English 2026 May update.docx,Paris - Amsterdam English 2026 May update,"…liaans restaurant döner and snackbars are also open. day 8: schoonhoven - utrecht begin your day with a scenic waterbus ride to kinderdijk, a…"
Schoonhoven - Utrecht 44 km ENG 2026,schoonhoven - utrecht,Information about a tour 2026\Amsterdam to Paris\old\Paris - Amsterdam English 2026 update juli(1).docx,Paris - Amsterdam English 2026 update juli(1),…liaans restaurant döner and snackbars are also open. day 8: schoonhoven - utrecht (44 / 50 km - 27 / 31 miles) today’s ride leads you through…
Schoonhoven - Utrecht 44 km ENG 2026,schoonhoven - utrecht,Information about a tour 2026\Amsterdam to Paris\old\Paris - Amsterdam English 2026 update juli.docx,Paris - Amsterdam English 2026 update juli,…liaans restaurant döner and snackbars are also open. day 8: schoonhoven - utrecht (44 / 50 km - 27 / 31 miles) today’s ride leads you through…
Schoonhoven - Utrecht 44 km ENG 2026,schoonhoven - utrecht,Information about a tour 2026\Amsterdam to Paris\old\Paris - Amsterdam English 2026 update jun.docx,Paris - Amsterdam English 2026 update jun,…liaans restaurant döner and snackbars are also open. day 8: schoonhoven - utrecht (44 / 50 km - 27 / 31 miles) today’s ride leads you through…
Schoonhoven - Utrecht 44 km ENG 2026,schoonhoven - utrecht,Information about a tour 2026\Amsterdam to Paris\old\Paris - Amsterdam English 2026.docx,Paris - Amsterdam English 2026,"…together. 17:00: back on board. 18:30: diner in town day 8: schoonhoven - utrecht begin your day with a scenic waterbus ride to kinderdijk, a…"
Schoonhoven - Utrecht 44 km ENG 2026,schoonhoven - utrecht,Information about a tour 2026\Amsterdam to Paris\old\Paris - Amsterdam English.docx,Paris - Amsterdam English,"…together. 17:00: back on board. 18:30: diner in town day 8: schoonhoven - utrecht begin your day with a scenic waterbus ride to kinderdijk, a…"
Schoonhoven - Utrecht 44 km ENG 2026,schoonhoven - utrecht,Information about a tour 2026\Premium_ Netherlands & Belgium_ Amsterdam – Bruges vv\old\Draaiboek Brugge-Amsterdam Premium 2025.docx,Draaiboek Brugge-Amsterdam Premium 2025,"…rs.nl/realisatie day 6: dordrecht - kinderdijk kinderdijk - schoonhoven - utrecht (32 km/19 mi. or 58 km/36 mi.) today, your cycling tour beg…"
Schoonhoven - Utrecht 44 km ENG 2026,schoonhoven - utrecht,Information about a tour 2026\Semi-Guided_ Southern tour\Stadsplattegronden\Draaiboek Zuidroute 2026 DAM-vs1-BK.docx,Draaiboek Zuidroute 2026 DAM-vs1-BK,…check with manager) schedule ship schedule guests wednesday schoonhoven - utrecht - haarlem 45 km - 28 mi 7:15-8:30 breakfast 8:30 bike ride …
Schoonhoven - Utrecht 44 km ENG 2026,schoonhoven - utrecht,Information about a tour 2026\Semi-Guided_ Southern tour\old\Draaiboek Zuidroute 2025 ARK (1)(1).docx,Draaiboek Zuidroute 2025 ARK (1)(1),….00 music night ?? schedule ship schedule cyclists thursday schoonhoven - utrecht - haarlem 45 km - 28 mi 7.15-8.30 breakfast 8.30 bike ride …
Schoonhoven - Utrecht 44 km ENG 2026,schoonhoven - utrecht,Information about a tour 2026\Semi-Guided_ Southern tour\old\Draaiboek Zuidroute 2025 ARK (1).docx,Draaiboek Zuidroute 2025 ARK (1),….00 music night ?? schedule ship schedule cyclists thursday schoonhoven - utrecht - haarlem 45 km - 28 mi 7.15-8.30 breakfast 8.30 bike ride …
Schoonhoven - Utrecht 44 km ENG 2026,schoonhoven - utrecht,Information about a tour 2026\Semi-Guided_ Southern tour\old\Draaiboek Zuidroute 2025 ARK (2).docx,Draaiboek Zuidroute 2025 ARK (2),"…h schoonhoven, lek schedule ship schedule cyclists thursday schoonhoven - utrecht - amsterdam 45 km - 28 mi 7.15-8.30 breakfast 8.30 bike rid…"
Schoonhoven - Utrecht 44 km ENG 2026,schoonhoven - utrecht,Information about a tour 2026\Semi-Guided_ Southern tour\old\Draaiboek Zuidroute 2025 ARK.docx,Draaiboek Zuidroute 2025 ARK,….00 music night ?? schedule ship schedule cyclists thursday schoonhoven - utrecht - haarlem 45 km - 28 mi 7.15-8.30 breakfast 8.30 bike ride …
Schoonhoven - Utrecht 44 km ENG 2026,schoonhoven - utrecht,Information about a tour 2026\Semi-Guided_ Southern tour\old\Draaiboek Zuidroute 2025 DAM.docx,Draaiboek Zuidroute 2025 DAM,…eck with manager) schedule ship schedule cyclists wednesday schoonhoven - utrecht - haarlem 45 km - 28 mi 7.15-8.30 breakfast 8.30 bike ride …
Spijkerboor - Alkmaar 41 km ENG 2026,spijkerboor - alkmaar,Information about a tour 2026\Boutique_ Tulip tour 8-days Premium\Old\Draaiboek Tulp 8 Boutique 2025.docx,Draaiboek Tulp 8 Boutique 2025,…boatbiketours.nl/realisatie day 6 : purmerend - spijkerboor spijkerboor - alkmaar (32 km/20 mi. or 43 km/27 mi.) this morning you cycle to th…
Spijkerboor - Alkmaar 30 km ENG 2026,spijkerboor - alkmaar,Information about a tour 2026\Boutique_ Tulip tour 8-days Premium\Old\Draaiboek Tulp 8 Boutique 2025.docx,Draaiboek Tulp 8 Boutique 2025,…boatbiketours.nl/realisatie day 6 : purmerend - spijkerboor spijkerboor - alkmaar (32 km/20 mi. or 43 km/27 mi.) this morning you cycle to th…
Terneuzen - Antwerp 64 km ENG 2026,terneuzen - antwerp,Information about a tour 2026\Premium_ Netherlands & Belgium_ Amsterdam – Bruges vv\Alternatives\Route Dag 4 Terneuzen - Antwerpen.docx,Route Dag 4 Terneuzen - Antwerpen,…route dag 4 terneuzen - antwerpen dit is de route die caroline deiman vandaag (6 augustus 2…
Terneuzen - Antwerp 64 km ENG 2026,terneuzen - antwerp,Information about a tour 2026\Semi-Guided_ Holland & België\Alternatives\Route Dag 4 Terneuzen - Antwerpen.docx,Route Dag 4 Terneuzen - Antwerpen,…route dag 4 terneuzen - antwerpen dit is de route die caroline deiman vandaag (6 augustus 2…
Terneuzen - Antwerpen 58 km ENG 2026,terneuzen - antwerpen,Information about a tour 2026\Premium_ Netherlands & Belgium_ Amsterdam – Bruges vv\Alternatives\Route Dag 4 Terneuzen - Antwerpen.docx,Route Dag 4 Terneuzen - Antwerpen,…route dag 4 terneuzen - antwerpen dit is de route die caroline deiman vandaag (6 augustus 202…
Terneuzen - Antwerpen 58 km ENG 2026,terneuzen - antwerpen,Information about a tour 2026\Semi-Guided_ Holland & België\Alternatives\Route Dag 4 Terneuzen - Antwerpen.docx,Route Dag 4 Terneuzen - Antwerpen,…route dag 4 terneuzen - antwerpen dit is de route die caroline deiman vandaag (6 augustus 202…
Tholen - Kreekrak 21km ENG 2026,tholen - kreekrak,Information about a tour 2026\Netherlands & Belgium_ Amsterdam – Bruges or Bruges – Amsterdam Relax\old\Draaiboek Adam - Brugge RELAX 2022.docx,Draaiboek Adam - Brugge RELAX 2022,"…, mooi terras. van te voren even bellen: 0167502621. day 5: tholen - kreekrak lock kreekrak locks - antwerp (20 km/13 mi. or 36 km/23 mi.…"
Tholen - Kreekrak 21km ENG 2026,tholen - kreekrak,Information about a tour 2026\Semi-Guided_ Holland & België\old\Draaiboek Adam - Brugge Fluvius 2024.docx,Draaiboek Adam - Brugge Fluvius 2024,…ht buiten walenvest (t/o nr. 126) day 3: dordrecht - tholen tholen - kreekrak lock kreekrak lock - antwerp (20 km/13 mi. or 36 km/23 mi.)…
Tholen - Kreekrak 21km ENG 2026,tholen - kreekrak,Information about a tour 2026\Semi-Guided_ Holland & België\old\Draaiboek Adam - Brugge Semi-Guided 2025.docx,Draaiboek Adam - Brugge Semi-Guided 2025,…diotours en plattegrond in de app day 3: dordrecht - tholen tholen - kreekrak lock kreekrak lock - antwerp (20 km/13 mi. or 36 km/23 mi.)…
Thorn - Venlo 55 km ENG 2026,thorn - venlo,Information about a tour 2026\ANWB Limburgse Maas\old\Draaiboek Limburgse Maas ANWB 2025.docx,Draaiboek Limburgse Maas ANWB 2025,…se andere pittoreske straatjes; dag 5: maastricht - thorn / thorn - venlo ca. 45 of 60 km. tijdens het ontbijt zet het schip koers na…
Thorn - Venlo 55 km ENG 2026,thorn - venlo,Information about a tour 2026\ANWB Limburgse Maas\old\Draaiboek Nijmegen-Maastricht ANWB v.v. 2025 (1).docx,Draaiboek Nijmegen-Maastricht ANWB v.v. 2025 (1),…se andere pittoreske straatjes; dag 5: maastricht - thorn / thorn - venlo ca. 45 of 60 km. tijdens het ontbijt zet het schip koers na…
Thorn - Venlo 55 km ENG 2026,thorn - venlo,Information about a tour 2026\ANWB Limburgse Maas\old\Draaiboek Nijmegen-Maastricht ANWB v.v. 2025.docx,Draaiboek Nijmegen-Maastricht ANWB v.v. 2025,…se andere pittoreske straatjes; dag 5: maastricht - thorn / thorn - venlo ca. 45 of 60 km. tijdens het ontbijt zet het schip koers na…
Utrecht - Breukelen 19km ENG 2026,utrecht - breukelen,Information about a tour 2026\Amsterdam to Paris\old\Paris - Amsterdam English 2026 May update.docx,Paris - Amsterdam English 2026 May update,"…this first thing next morning (doelen: +31206530981) day 9: utrecht - breukelen - amsterdam in the morning, enjoy breakfast and prepare for…"
Utrecht - Breukelen 19km ENG 2026,utrecht - breukelen,Information about a tour 2026\Amsterdam to Paris\old\Paris - Amsterdam English 2026 update juli(1).docx,Paris - Amsterdam English 2026 update juli(1),"…this first thing next morning (doelen: +31206530981) day 9: utrecht - breukelen - amsterdam (34 / 36 km - 21 / 22 miles) in the morning, en…"
Utrecht - Breukelen 19km ENG 2026,utrecht - breukelen,Information about a tour 2026\Amsterdam to Paris\old\Paris - Amsterdam English 2026 update juli.docx,Paris - Amsterdam English 2026 update juli,"…this first thing next morning (doelen: +31206530981) day 9: utrecht - breukelen - amsterdam (34 / 36 km - 21 / 22 miles) in the morning, en…"
Utrecht - Breukelen 19km ENG 2026,utrecht - breukelen,Information about a tour 2026\Amsterdam to Paris\old\Paris - Amsterdam English 2026 update jun.docx,Paris - Amsterdam English 2026 update jun,"…this first thing next morning (doelen: +31206530981) day 9: utrecht - breukelen - amsterdam (34 / 36 km - 21 / 22 miles) in the morning, en…"
Utrecht - Breukelen 19km ENG 2026,utrecht - breukelen,Information about a tour 2026\Amsterdam to Paris\old\Paris - Amsterdam English 2026.docx,Paris - Amsterdam English 2026,"…omorrow. ask guests to label luggage with last name. day 9: utrecht - breukelen - amsterdam in the morning, enjoy breakfast and prepare for…"
Utrecht - Breukelen 19km ENG 2026,utrecht - breukelen,Information about a tour 2026\Amsterdam to Paris\old\Paris - Amsterdam English.docx,Paris - Amsterdam English,"…fing 18:30: dinner on board (tip envelops in cabins) day 9: utrecht - breukelen - amsterdam in the morning, enjoy breakfast and prepare for…"
Utrecht - Breukelen 19km ENG 2026,utrecht - breukelen,Information about a tour 2026\Premium_ Netherlands & Belgium_ Amsterdam – Bruges vv\old\Draaiboek Brugge-Amsterdam Premium 2025.docx,Draaiboek Brugge-Amsterdam Premium 2025,"…derdag en vrijdag 10.00-16.00, zaterdag 10.00-13.00. day 7: utrecht - breukelen breukelen - amsterdam (38 km/24 mi. or 47 km/29 mi.) during…"
Venlo - Cuijk 66 km ENG 2026,venlo - cuijk,Information about a tour 2026\ANWB Limburgse Maas\old\Draaiboek Limburgse Maas ANWB 2025.docx,Draaiboek Limburgse Maas ANWB 2025,"…erij vrij) opening: ma gesloten, di-zo 11-17 geopend; dag 6 venlo - cuijk /mook cuijk/mook - grave - cuijk/mook (43 km) van cuijk/moo…"
Venlo - Cuijk 66 km ENG 2026,venlo - cuijk,Information about a tour 2026\ANWB Limburgse Maas\old\Draaiboek Nijmegen-Maastricht ANWB v.v. 2025 (1).docx,Draaiboek Nijmegen-Maastricht ANWB v.v. 2025 (1),"…rweg, donderdag open v.a. 11 uur; bij knp 05, o.a. 1) dag 6 venlo - cuijk /mook cuijk/mook - grave - cuijk/mook (43 km) van cuijk/moo…"
Venlo - Cuijk 66 km ENG 2026,venlo - cuijk,Information about a tour 2026\ANWB Limburgse Maas\old\Draaiboek Nijmegen-Maastricht ANWB v.v. 2025.docx,Draaiboek Nijmegen-Maastricht ANWB v.v. 2025,…v.a. 11 uur; knp 5; steyl; diverse attracties o.a. 1) dag 6 venlo - cuijk cuijk - grave - cuijk (43 km) van cuijk - kleve - cuijk (55…
Venlo - Cuijk 62km ENG 2026,venlo - cuijk,Information about a tour 2026\ANWB Limburgse Maas\old\Draaiboek Limburgse Maas ANWB 2025.docx,Draaiboek Limburgse Maas ANWB 2025,"…erij vrij) opening: ma gesloten, di-zo 11-17 geopend; dag 6 venlo - cuijk /mook cuijk/mook - grave - cuijk/mook (43 km) van cuijk/moo…"
Venlo - Cuijk 62km ENG 2026,venlo - cuijk,Information about a tour 2026\ANWB Limburgse Maas\old\Draaiboek Nijmegen-Maastricht ANWB v.v. 2025 (1).docx,Draaiboek Nijmegen-Maastricht ANWB v.v. 2025 (1),"…rweg, donderdag open v.a. 11 uur; bij knp 05, o.a. 1) dag 6 venlo - cuijk /mook cuijk/mook - grave - cuijk/mook (43 km) van cuijk/moo…"
Venlo - Cuijk 62km ENG 2026,venlo - cuijk,Information about a tour 2026\ANWB Limburgse Maas\old\Draaiboek Nijmegen-Maastricht ANWB v.v. 2025.docx,Draaiboek Nijmegen-Maastricht ANWB v.v. 2025,…v.a. 11 uur; knp 5; steyl; diverse attracties o.a. 1) dag 6 venlo - cuijk cuijk - grave - cuijk (43 km) van cuijk - kleve - cuijk (55…
Venlo - Roermond 50 km ENG 2026,venlo - roermond,Information about a tour 2026\ANWB Limburgse Maas\old\Draaiboek Limburgse Maas ANWB 2025.docx,Draaiboek Limburgse Maas ANWB 2025,…t gevaren deze week. dag 2: cuijk / mook - venlo 66/69 km / venlo - roermond na het ontbijt maak je je op voor de eerste fietsetappe. va…
Venlo - Roermond 50 km ENG 2026,venlo - roermond,Information about a tour 2026\ANWB Limburgse Maas\old\Draaiboek Nijmegen-Maastricht ANWB v.v. 2025 (1).docx,Draaiboek Nijmegen-Maastricht ANWB v.v. 2025 (1),…t gevaren deze week. dag 2: cuijk / mook - venlo 66/69 km / venlo - roermond na het ontbijt maak je je op voor de eerste fietsetappe. va…
Venlo - Roermond 50 km ENG 2026,venlo - roermond,Information about a tour 2026\ANWB Limburgse Maas\old\Draaiboek Nijmegen-Maastricht ANWB v.v. 2025.docx,Draaiboek Nijmegen-Maastricht ANWB v.v. 2025,…andelingetje door cuijk maken. dag 2: cuijk - venlo 66 km / venlo - roermond tekst site: na het ontbijt maak je je op voor de eerste fie…
Venlo - Roermond 50 km ENG 2026,venlo - roermond,Information about a tour 2026\Boutique_ Amsterdam - Maastricht vv\Amsterdam - Maastricht 2026 Draaiboek[35].docx,Amsterdam - Maastricht 2026 Draaiboek[35],…n een borrel voor 11 euro per persoon. day 6 (thu): arcen - venlo - roermond (50 km/30 mi.) again your bike route follows the meuse rive…
Venlo - Roermond 50 km ENG 2026,venlo - roermond,Information about a tour 2026\Boutique_ Amsterdam - Maastricht vv\Old\Amsterdam - Maastricht 2026 Draaiboek.docx,Amsterdam - Maastricht 2026 Draaiboek,…n een borrel voor 11 euro per persoon. day 6 (thu): arcen - venlo - roermond (50 km/30 mi.) again your bike route follows the meuse rive…
Venlo - Roermond 50 km ENG 2026,venlo - roermond,Information about a tour 2026\Boutique_ Amsterdam - Maastricht vv\Old\Draaiboek Amsterdam - Maastricht 2024.docx,Draaiboek Amsterdam - Maastricht 2024,…tiging + borrel (2024) 11-18 uur open. day 6 (thu): arcen - venlo - roermond (50 km/30 mi.) again your bike route follows the meuse rive…
Vianen - Gorinchem 42 km ENG 2026,vianen - gorinchem,Information about a tour 2026\Boutique_ Amsterdam - Maastricht vv\Amsterdam - Maastricht 2026 Draaiboek[35].docx,Amsterdam - Maastricht 2026 Draaiboek[35],…/6 mi) day 2 : weesp - utrecht/vianen (46 km/29 mi) day 3 : vianen - gorinchem heusden (41 km/25 mi) day 4 : heusden lith/oss - cuijk (38 …
Vianen - Gorinchem 42 km ENG 2026,vianen - gorinchem,Information about a tour 2026\Boutique_ Amsterdam - Maastricht vv\Old\Amsterdam - Maastricht 2026 Draaiboek.docx,Amsterdam - Maastricht 2026 Draaiboek,…tpersoon. margreet.kluit@casema.nl 0347-326107 day 3 (mon): vianen - gorinchem gorinchem - heusden (41 km/25 mi.) from vianen you cycle th…
Vianen - Gorinchem 42 km ENG 2026,vianen - gorinchem,Information about a tour 2026\Boutique_ Amsterdam - Maastricht vv\Old\Draaiboek Amsterdam - Maastricht 2024.docx,Draaiboek Amsterdam - Maastricht 2024,…tpersoon. margreet.kluit@casema.nl 0347-326107 day 3 (mon): vianen - gorinchem gorinchem - heusden (41 km/25 mi.) from vianen you cycle th…
Volendam - Hoorn 24 km ENG 2026,volendam - hoorn,Information about a tour 2026\S&B_ 8-day Sail & Bike Tulip Tour\old\Draaiboek Tulp S&B Amsterdam - Z.Schans 2024.docx,Draaiboek Tulp S&B Amsterdam - Z.Schans 2024,"…geopend vanaf 11.00 uur. entree 17,50 inclusief foto day 2: volendam - hoorn (28 km/20 mi.) hoorn - enkhuizen on this first cycling day,…"
Wageningen - Arnhem 29 km ENG 2026,wageningen - arnhem,Information about a tour 2026\Premium_ Amsterdam - Cochem\Draaiboek Amsterdam-Cochem 2026.docx,Draaiboek Amsterdam-Cochem 2026,…en uniek fotomoment en goed zichtbaar vanaf de kade. dag 2: wageningen - arnhem arnhem - rees (± 28 km) today’s ride takes us through the b…
Wageningen - Arnhem 29 km ENG 2026,wageningen - arnhem,Information about a tour 2026\Premium_ Amsterdam - Cochem\Old\Draaiboek Amsterdam - Cochem 2024.docx,Draaiboek Amsterdam - Cochem 2024,… / horeca / winkels: day 2: wijk bij duurstede - wageningen wageningen - arnhem arnhem - rees (35 km/21 mi or 44 km/27 mi) enjoy breakfast …
Wageningen - Arnhem 29 km ENG 2026,wageningen - arnhem,Information about a tour 2026\Premium_ Historic Hanseatic cities\old\Draaiboek Hanze La Mar-Lena Maria 2026(1).docx,Draaiboek Hanze La Mar-Lena Maria 2026(1),"… daar tijd voor is). day 2: wijk bij duurstede - wageningen wageningen - arnhem (37-44 km /23-27.3 mi.) while you enjoy breakfast, the barg…"
Wageningen - Arnhem 29 km ENG 2026,wageningen - arnhem,Information about a tour 2026\Premium_ Historic Hanseatic cities\old\Draaiboek Hanze Premium (Boutique) 2024 .docx,Draaiboek Hanze Premium (Boutique) 2024 ,…orte wandeling day 2 (sun): wijk bij duurstede - wageningen wageningen - arnhem (35 km/21 mi. or 44 km/28 mi.) 2024: doesburg 2024 note: va…
Wageningen - Arnhem 29 km ENG 2026,wageningen - arnhem,Information about a tour 2026\Premium_ Historic Hanseatic cities\old\Draaiboek Hanze premium (Magnifique_s) 2024 .docx,Draaiboek Hanze premium (Magnifique_s) 2024 ,…s daar tijd voor is) day 2: wijk bij duurstede - wageningen wageningen - arnhem (35 km/21 mi. or 44 km/28 mi.) while you are enjoying break…
Wageningen - Arnhem 29 km ENG 2026,wageningen - arnhem,Information about a tour 2026\Semi-Guided_ Hansa Highlights\Draaiboek Hanse Highlights SEMI 2026.docx,Draaiboek Hanse Highlights SEMI 2026,… havenweg schema schip schema fietsers wijk bij duurstede - wageningen - arnhem 43 km / 37 km / 27 km schip vertrekt naar wageningen ontbij…
Werkendam - Biesbosch - Heusden 60 km ENG 2026,werkendam - biesbosch - heusden,Information about a tour 2026\Archive\Semi-Guided_ Veluwe & Biesbosch\Draaiboek DNA Betuwe+Biesbosch ANWB - Rivierenland 2023.docx,Draaiboek DNA Betuwe+Biesbosch ANWB - Rivierenland 2023,"…hip in gorinchem. kosten €2,55 dag 4: gorinchem - werkendam werkendam - biesbosch - heusden (50 of 57 km) het eerste deel van de dag varen we van gorin…"
Wesel - Duisburg 40 km ENG 2026,wesel - duisburg,Information about a tour 2026\Premium_ Amsterdam - Cochem\Draaiboek Amsterdam-Cochem 2026.docx,Draaiboek Amsterdam-Cochem 2026,…entoonstelling - heel speels opgesteld. dag 3: rees - wesel wesel - duisburg duisburg - düsseldorf (± 40-47 km) the barge departs early …
Wesel - Duisburg 40 km ENG 2026,wesel - duisburg,Information about a tour 2026\Premium_ Amsterdam - Cochem\Old\Draaiboek Amsterdam - Cochem 2024.docx,Draaiboek Amsterdam - Cochem 2024,… tegen betaling een klein toertje doen) day 3: rees - wesel wesel - duisburg duisburg - düsseldorf (40 km/24 mi) the barge departs early…
Wesel - Duisburg ENG 2026,wesel - duisburg,Information about a tour 2026\Premium_ Amsterdam - Cochem\Draaiboek Amsterdam-Cochem 2026.docx,Draaiboek Amsterdam-Cochem 2026,…entoonstelling - heel speels opgesteld. dag 3: rees - wesel wesel - duisburg duisburg - düsseldorf (± 40-47 km) the barge departs early …
Wesel - Duisburg ENG 2026,wesel - duisburg,Information about a tour 2026\Premium_ Amsterdam - Cochem\Old\Draaiboek Amsterdam - Cochem 2024.docx,Draaiboek Amsterdam - Cochem 2024,… tegen betaling een klein toertje doen) day 3: rees - wesel wesel - duisburg duisburg - düsseldorf (40 km/24 mi) the barge departs early…
Wijk bij Duurstede - Wageningen 30km ENG 2026,wijk bij duurstede - wageningen,Information about a tour 2026\Premium_ Amsterdam - Cochem\Old\Draaiboek Amsterdam - Cochem 2024.docx,Draaiboek Amsterdam - Cochem 2024,… duurstede. onderweg: highlights / horeca / winkels: day 2: wijk bij duurstede - wageningen wageningen - arnhem arnhem - rees (35 km/21 mi or 44 km/27 …
Wijk bij Duurstede - Wageningen 30km ENG 2026,wijk bij duurstede - wageningen,Information about a tour 2026\Premium_ Historic Hanseatic cities\old\Draaiboek Hanze La Mar-Lena Maria 2025(1).docx,Draaiboek Hanze La Mar-Lena Maria 2025(1),… een wandelingetje te maken (als daar tijd voor is). day 2: wijk bij duurstede - wageningen wageningen - doesburg (48 km/30 mi.) while you are enjoying…
Wijk bij Duurstede - Wageningen 30km ENG 2026,wijk bij duurstede - wageningen,Information about a tour 2026\Premium_ Historic Hanseatic cities\old\Draaiboek Hanze La Mar-Lena Maria 2025(2).docx,Draaiboek Hanze La Mar-Lena Maria 2025(2),… een wandelingetje te maken (als daar tijd voor is). day 2: wijk bij duurstede - wageningen wageningen - doesburg (48 km/30 mi.) while you are enjoying…
Wijk bij Duurstede - Wageningen 30km ENG 2026,wijk bij duurstede - wageningen,Information about a tour 2026\Premium_ Historic Hanseatic cities\old\Draaiboek Hanze La Mar-Lena Maria 2025(3).docx,Draaiboek Hanze La Mar-Lena Maria 2025(3),… een wandelingetje te maken (als daar tijd voor is). day 2: wijk bij duurstede - wageningen wageningen - doesburg (48 km/30 mi.) while you are enjoying…
Wijk bij Duurstede - Wageningen 30km ENG 2026,wijk bij duurstede - wageningen,Information about a tour 2026\Premium_ Historic Hanseatic cities\old\Draaiboek Hanze La Mar-Lena Maria 2025.docx,Draaiboek Hanze La Mar-Lena Maria 2025,… een wandelingetje te maken (als daar tijd voor is). day 2: wijk bij duurstede - wageningen wageningen - doesburg (48 km/30 mi.) while you are enjoying…
Wijk bij Duurstede - Wageningen 30km ENG 2026,wijk bij duurstede - wageningen,Information about a tour 2026\Premium_ Historic Hanseatic cities\old\Draaiboek Hanze La Mar-Lena Maria 2026(1).docx,Draaiboek Hanze La Mar-Lena Maria 2026(1),… een wandelingetje te maken (als daar tijd voor is). day 2: wijk bij duurstede - wageningen wageningen - arnhem (37-44 km /23-27.3 mi.) while you enjoy…
Wijk bij Duurstede - Wageningen 30km ENG 2026,wijk bij duurstede - wageningen,Information about a tour 2026\Premium_ Historic Hanseatic cities\old\Draaiboek Hanze Magnifique II 2025(1).docx,Draaiboek Hanze Magnifique II 2025(1),… een wandelingetje te maken (als daar tijd voor is). day 2: wijk bij duurstede - wageningen wageningen - doesburg (48 km/30 mi.) while you are enjoying…
Wijk bij Duurstede - Wageningen 30km ENG 2026,wijk bij duurstede - wageningen,Information about a tour 2026\Premium_ Historic Hanseatic cities\old\Draaiboek Hanze Magnifique II 2025(2).docx,Draaiboek Hanze Magnifique II 2025(2),… een wandelingetje te maken (als daar tijd voor is). day 2: wijk bij duurstede - wageningen wageningen - doesburg (48 km/30 mi.) while you are enjoying…
Wijk bij Duurstede - Wageningen 30km ENG 2026,wijk bij duurstede - wageningen,Information about a tour 2026\Premium_ Historic Hanseatic cities\old\Draaiboek Hanze Magnifique II 2025(3).docx,Draaiboek Hanze Magnifique II 2025(3),… een wandelingetje te maken (als daar tijd voor is). day 2: wijk bij duurstede - wageningen wageningen - doesburg (48 km/30 mi.) while you are enjoying…
Wijk bij Duurstede - Wageningen 30km ENG 2026,wijk bij duurstede - wageningen,Information about a tour 2026\Premium_ Historic Hanseatic cities\old\Draaiboek Hanze Magnifique II 2025.docx,Draaiboek Hanze Magnifique II 2025,… een wandelingetje te maken (als daar tijd voor is). day 2: wijk bij duurstede - wageningen wageningen - doesburg (48 km/30 mi.) while you are enjoying…
Wijk bij Duurstede - Wageningen 30km ENG 2026,wijk bij duurstede - wageningen,Information about a tour 2026\Premium_ Historic Hanseatic cities\old\Draaiboek Hanze Premium (Boutique) 2024 .docx,Draaiboek Hanze Premium (Boutique) 2024 ,…e dropbox. wijk bij duurstede: korte wandeling day 2 (sun): wijk bij duurstede - wageningen wageningen - arnhem (35 km/21 mi. or 44 km/28 mi.) 2024: do…
Wijk bij Duurstede - Wageningen 30km ENG 2026,wijk bij duurstede - wageningen,Information about a tour 2026\Premium_ Historic Hanseatic cities\old\Draaiboek Hanze premium (Magnifique_s) 2024 .docx,Draaiboek Hanze premium (Magnifique_s) 2024 ,… een wandelingetje te maken. (als daar tijd voor is) day 2: wijk bij duurstede - wageningen wageningen - arnhem (35 km/21 mi. or 44 km/28 mi.) while yo…
Wijk bij Duurstede - Wageningen 30km ENG 2026,wijk bij duurstede - wageningen,Information about a tour 2026\Semi-Guided_ Hansa Highlights\Draaiboek Hanse Highlights SEMI 2026.docx,Draaiboek Hanse Highlights SEMI 2026,"…s wijk bij duurstede, havenweg schema schip schema fietsers wijk bij duurstede - wageningen - arnhem 43 km / 37 km / 27 km schip vertrekt naar wagening…"
Wijk bij Duurstede - Wageningen 30km ENG 2026,wijk bij duurstede - wageningen,Information about a tour 2026\Semi-Guided_ Hansa Highlights\Old\Draaiboek Hansa Highlights.docx,Draaiboek Hansa Highlights,…). na het diner: evnt. stadswandeling door rl. day 2 (sun): wijk bij duurstede - wageningen wageningen - doesburg (50 km/31 mi.) n.b. heel 2024 wordt d…
Wijk bij Duurstede - Wageningen 30km ENG 2026,wijk bij duurstede - wageningen,Information about a tour 2026\Semi-Guided_ Hansa Highlights\Old\Draaiboek Hanse Highlights SEMI 2025(1).docx,Draaiboek Hanse Highlights SEMI 2025(1),…ider plattegrondjes van wijk bij d. aan boord. day 2 (sun): wijk bij duurstede - wageningen wageningen - doesburg (48 km/30 mi.) n.b. ook heel 2025 wor…
Wijk bij Duurstede - Wageningen 30km ENG 2026,wijk bij duurstede - wageningen,Information about a tour 2026\Semi-Guided_ Hansa Highlights\Old\Draaiboek Hanse Highlights SEMI 2025.docx,Draaiboek Hanse Highlights SEMI 2025,…ider plattegrondjes van wijk bij d. aan boord. day 2 (sun): wijk bij duurstede - wageningen wageningen - doesburg (48 km/30 mi.) n.b. ook heel 2025 wor…
Winningen - Koblenz 11 km ENG 2026,winningen - koblenz,Information about a tour 2026\Boutique_ Koblenz - Merzig\Oud\Draaiboek Merzig - Koblenz 2024.docx,Draaiboek Merzig - Koblenz 2024,"…nal guests. day 7 (fri): cochem - karden karden - winningen winningen - koblenz (42 km/26 mi.) today you travel to karden by barge, from wh…"
Winningen - Koblenz 11 km ENG 2026,winningen - koblenz,Information about a tour 2026\Semi-Guided_ Koblenz-Koblenz\Old\Draaiboek Koblenz - Koblenz 2025 semi_.docx,Draaiboek Koblenz - Koblenz 2025 semi_,"…ttle-bus/?lang=en · nacht in cochem dag 7 zaterdag cochem - winningen - koblenz terwijl u ontbijt, vaart het schip van cochem naar winninge…"
Zons - Cologne 29 km ENG 2026,zons - cologne,Information about a tour 2026\Premium_ Amsterdam - Cochem\Old\Draaiboek Amsterdam - Cochem 2024.docx,Draaiboek Amsterdam - Cochem 2024,…in de rest van ruhrort weinig te doen). day 4: düsseldorf - zons - cologne (28 km/17 mi or 54 km/33 mi) the bike tour starts from düss…
Alphen a/d Rijn - Kudelstaart 27 km ENG 2026,alphen a/d rijn - kudelstaart,Information about a tour 2026\Boutique_ Tulip tour 8-days Premium\Old\Draaiboek Tulp 8 Boutique 2025.docx,Draaiboek Tulp 8 Boutique 2025,…dertje (woe-za v.a. 12:00). day 4 : gouda - alphen a/d rijn alphen a/d rijn - kudelstaart (21 km/13 mi. or 38 km/24 mi.) we stay in gouda this mornin…
Alphen a/d Rijn - Kudelstaart 27 km ENG 2026,alphen a/d rijn - kudelstaart,Information about a tour 2026\Premium_ 8-day Tulip Tour\Old\Draaiboek Tulp 8 Premium 2025.docx,Draaiboek Tulp 8 Premium 2025,…oten. koffie/thee mogelijk. day 4 : gouda - alphen a/d rijn alphen a/d rijn - kudelstaart (21 km/13 mi. or 38 km/24 mi.) we stay in gouda this mornin…
Aschaffenburg - Freudenberg 54km ENG 2026,aschaffenburg - freudenberg,Information about a tour 2026\Premium_ Asschaffenburg - Bamberg or v.v\Old\Asschaffenburg - Bamberg 2025.docx,Asschaffenburg - Bamberg 2025,…and documentation room; pre-registration recommended day 2: aschaffenburg - freudenberg (48 km/28.8 mi) today is your first bike ride. for part of …
Auxerre - Joigny 50 km ENG 2026,auxerre - joigny,"Information about a tour 2026\Premium_ France_ Northern Burgundy, Auxerre – Moret sur Loing or vv Premium\Old\Draaiboek Auxerre - Moret 2025.docx",Draaiboek Auxerre - Moret 2025,…tart excursie chablis 17.30 terug van excursie day 3 (thu): auxerre - joigny (28 km/18 mi or 43/26 mi- afstanden aanpassen?) today we st…
Breukelen - Amsterdam 34 km ENG 2026,breukelen - amsterdam,Information about a tour 2026\Amsterdam to Paris\old\Paris - Amsterdam English 2026 May update.docx,Paris - Amsterdam English 2026 May update,"… thing next morning (doelen: +31206530981) day 9: utrecht - breukelen - amsterdam in the morning, enjoy breakfast and prepare for disembarkat…"
Breukelen - Amsterdam 34 km ENG 2026,breukelen - amsterdam,Information about a tour 2026\Amsterdam to Paris\old\Paris - Amsterdam English 2026 update juli(1).docx,Paris - Amsterdam English 2026 update juli(1),"… thing next morning (doelen: +31206530981) day 9: utrecht - breukelen - amsterdam (34 / 36 km - 21 / 22 miles) in the morning, enjoy breakfas…"
Breukelen - Amsterdam 34 km ENG 2026,breukelen - amsterdam,Information about a tour 2026\Amsterdam to Paris\old\Paris - Amsterdam English 2026 update juli.docx,Paris - Amsterdam English 2026 update juli,"… thing next morning (doelen: +31206530981) day 9: utrecht - breukelen - amsterdam (34 / 36 km - 21 / 22 miles) in the morning, enjoy breakfas…"
Breukelen - Amsterdam 34 km ENG 2026,breukelen - amsterdam,Information about a tour 2026\Amsterdam to Paris\old\Paris - Amsterdam English 2026 update jun.docx,Paris - Amsterdam English 2026 update jun,"… thing next morning (doelen: +31206530981) day 9: utrecht - breukelen - amsterdam (34 / 36 km - 21 / 22 miles) in the morning, enjoy breakfas…"
Breukelen - Amsterdam 34 km ENG 2026,breukelen - amsterdam,Information about a tour 2026\Amsterdam to Paris\old\Paris - Amsterdam English 2026.docx,Paris - Amsterdam English 2026,"…sk guests to label luggage with last name. day 9: utrecht - breukelen - amsterdam in the morning, enjoy breakfast and prepare for disembarkat…"
Breukelen - Amsterdam 34 km ENG 2026,breukelen - amsterdam,Information about a tour 2026\Amsterdam to Paris\old\Paris - Amsterdam English.docx,Paris - Amsterdam English,"…: dinner on board (tip envelops in cabins) day 9: utrecht - breukelen - amsterdam in the morning, enjoy breakfast and prepare for disembarkat…"
Breukelen - Amsterdam 34 km ENG 2026,breukelen - amsterdam,Information about a tour 2026\Boutique_ Amsterdam - Maastricht vv\Draaiboek Maastricht-Amsterdam 2026[35].docx,Draaiboek Maastricht-Amsterdam 2026[35],…heusden - gorinchem - vianen (41 km/25 mi) day 7 : vianen - breukelen - amsterdam (42 km/26 mi) disclaimer: program and details barring chang…
Breukelen - Amsterdam 34 km ENG 2026,breukelen - amsterdam,Information about a tour 2026\Boutique_ Amsterdam - Maastricht vv\Old\Draaiboek Maastricht-Amsterdam 2024.docx,Draaiboek Maastricht-Amsterdam 2024,…kluit@casema.nl 0347-326107 day 7 (fri): vianen - breukelen breukelen - amsterdam (47 km/26 mi.) you will sail during breakfast. today’s bike…
Breukelen - Amsterdam 34 km ENG 2026,breukelen - amsterdam,Information about a tour 2026\Boutique_ Amsterdam - Maastricht vv\Old\Draaiboek Maastricht-Amsterdam 2026.docx,Draaiboek Maastricht-Amsterdam 2026,…eren: yolanda 06 517 98 045 day 7 (fri): vianen - breukelen breukelen - amsterdam (47 km/26 mi.) you will sail during breakfast. today’s bike…
Breukelen - Amsterdam 34 km ENG 2026,breukelen - amsterdam,Information about a tour 2026\Premium_ Netherlands & Belgium_ Amsterdam – Bruges vv\old\Draaiboek Brugge - Adam Premium 2024.docx,Draaiboek Brugge - Adam Premium 2024,"…0.00-16.00, zaterdag 10.00-13.00. day 7: vianen - breukelen breukelen - amsterdam (38 km/24 mi. or 47 km/29 mi.) during breakfast the ship wi…"
Breukelen - Amsterdam 34 km ENG 2026,breukelen - amsterdam,Information about a tour 2026\Premium_ Netherlands & Belgium_ Amsterdam – Bruges vv\old\Draaiboek Brugge-Amsterdam Premium 2025.docx,Draaiboek Brugge-Amsterdam Premium 2025,"….00-16.00, zaterdag 10.00-13.00. day 7: utrecht - breukelen breukelen - amsterdam (38 km/24 mi. or 47 km/29 mi.) during breakfast the ship wi…"
Breukelen - Amsterdam 34 km ENG 2026,breukelen - amsterdam,Information about a tour 2026\Semi-Guided_ Holland & België\old\Draaiboek Brugge - Adam Semi-Guided 2025.docx,Draaiboek Brugge - Adam Semi-Guided 2025,… ligplaats: vianen jan blankenweg day 7: vianen - breukelen breukelen - amsterdam (37 km/22 mi. or 47 km/29 mi during breakfast the barge wil…
Comines - Kortrijk - Harelbeke 46 km ENG 2026,comines - kortrijk - harelbeke,Information about a tour 2026\Premium_ Belgium & France_ Through Flanders Fields and along the Somme\Brugge - Abbeville 2026 - teksten.docx,Brugge - Abbeville 2026 - teksten,…ps the most famous dish of lille. day 12: lille - comines / comines - kortrijk - harelbeke (07 september-monday) 39 km / 24 mi 53 km / 33 mi during br…
Copenhagen - Helsingør 48 km ENG 2026,copenhagen - helsingør,Information about a tour 2026\S&B_ Denmark & Sweden DB\Old\Draaiboek Denemarken-Zweden Daarboek 3 juni 2024_.docx,Draaiboek Denemarken-Zweden Daarboek 3 juni 2024_,…air ! vindmøllevej www.copenhill.dk day 2: thursday sailing copenhagen - helsingør cycling helsingør-hornbaek-esrum-helsingør (45 km / 28 mi) …
Copenhagen - Helsingør 48 km ENG 2026,copenhagen - helsingør,Information about a tour 2026\S&B_ Denmark & Sweden DB\Old\Draaiboek Denmark-Sweden 2026.docx,Draaiboek Denmark-Sweden 2026,"…e distributed and adjust next morning from 8:45am on. day 2 copenhagen - helsingør 49 km/29.5 mi today we cycle along the kastellet citadel, l…"
Helsingborg - Landskrona 27 km ENG 2026,helsingborg - landskrona,Information about a tour 2026\S&B_ Denmark & Sweden DB\Old\Draaiboek Denemarken-Zweden Daarboek 3 juni 2024_.docx,Draaiboek Denemarken-Zweden Daarboek 3 juni 2024_,… gurrehus 2 day 3: sailing helsingør - helsingborg cycling: helsingborg - landskrona (54 km/33 mi) or helsingborg roundtour (35 km/22 mi) today …
Helsingborg - Landskrona 27 km ENG 2026,helsingborg - landskrona,Information about a tour 2026\S&B_ Denmark & Sweden DB\Old\Draaiboek Denmark-Sweden 2026.docx,Draaiboek Denmark-Sweden 2026,…a nice beer in the microbrewery benchwarmers taproom. day 4 helsingborg - landskrona 28km/17.5mi ven 17 km/10.5mi in the morning you’ll cycle al…
Helsingborg - Landskrona 27 km ENG 2026,helsingborg - landskrona,Information about a tour 2026\S&B_ Denmark & Sweden DB\Old\Draaiboek Schema Denemarken - Zweden 2025.docx,Draaiboek Schema Denemarken - Zweden 2025,…ed in 1982. valdemarslund 1 gurre church 3 gurrehus 2 day 4 helsingborg - landskrona (ferry) - ven in the morning you’ll cycle along the coast o…
Kreekrak - Tholen 29km ENG 2026,kreekrak - tholen,Information about a tour 2026\Premium_ Netherlands & Belgium_ Amsterdam – Bruges vv\old\Draaiboek Brugge - Adam Premium 2024.docx,Draaiboek Brugge - Adam Premium 2024,…werpen staat in de dropbox. day 5: antwerp - kreekrak locks kreekrak - tholen tholen - dordrecht (34 km/21 mi. or 22 km/14 mi.) this morn…
Kreekrak - Tholen 29km ENG 2026,kreekrak - tholen,Information about a tour 2026\Premium_ Netherlands & Belgium_ Amsterdam – Bruges vv\old\Draaiboek Brugge-Amsterdam Premium 2025.docx,Draaiboek Brugge-Amsterdam Premium 2025,…werpen staat in de dropbox. day 5: antwerp - kreekrak locks kreekrak - tholen tholen - dordrecht (34 km/21 mi. or 22 km/14 mi.) this morn…
Kreekrak - Tholen 29km ENG 2026,kreekrak - tholen,Information about a tour 2026\Semi-Guided_ Holland & België\old\Draaiboek Brugge - Adam Semi-Guided 2025.docx,Draaiboek Brugge - Adam Semi-Guided 2025,… om 06:00 uit antwerpen. de fluvius doet áltijd het traject kreekrak - tholen! (dus we worden bij de kreekraksluizen afgezet. fietsen naa…
Long - Abbeville 48 km ENG 2026,long - abbeville,Information about a tour 2026\Premium_ Belgium & France_ Through Flanders Fields and along the Somme\Brugge - Abbeville 2026 - teksten.docx,Brugge - Abbeville 2026 - teksten,…ng and its pink and white château of the same name. day 13: long - abbeville (25 august-tuesday) 57 km / 35 mi today’s ride takes you al…
Makkum - Stavoren 30 km ENG 2026,makkum - stavoren,Information about a tour 2026\Premium_ Islandhopping Netherlands Premium 2025\old\Draaiboek Islandhopping Netherlands Premium 2025.docx,Draaiboek Islandhopping Netherlands Premium 2025,…kels op het plein/ markt in het centrum. day 7 (zaterdag ): makkum - stavoren (28 of 48 km /18 or 30 mi.) sailing: makkum - stavoren - en…
Makkum - Stavoren 30 km ENG 2026,makkum - stavoren,Information about a tour 2026\Premium_ Islandhopping Netherlands Premium 2025\old\Draaiboek Islandhopping Netherlands Premium 210525(1).docx,Draaiboek Islandhopping Netherlands Premium 210525(1),…kels op het plein/ markt in het centrum. day 7 (zaterdag ): makkum - stavoren (28 km. / 18 mi. of 48 km / 30 mi.) sailing: makkum - stavo…
Makkum - Stavoren 30 km ENG 2026,makkum - stavoren,Information about a tour 2026\Premium_ Islandhopping Netherlands Premium 2025\old\Draaiboek Islandhopping Netherlands Premium 210525.docx,Draaiboek Islandhopping Netherlands Premium 210525,…kels op het plein/ markt in het centrum. day 7 (zaterdag ): makkum - stavoren (28 km. / 18 mi. of 48 km / 30 mi.) sailing: makkum - stavo…
Makkum - Stavoren 30 km ENG 2026,makkum - stavoren,Information about a tour 2026\S&B_ Wadden Sea\Old\Draaiboek S&B WaddenSea self guided 2025.docx,Draaiboek S&B WaddenSea self guided 2025,…reca en winkels op het plein/ markt in het centrum. day 7 : makkum - stavoren (28 of 48 km /18 or 30 mi.) sailing: makkum - stavoren - en…
Roermond - Venlo 34 km ENG 2026,roermond - venlo,Information about a tour 2026\Boutique_ Amsterdam - Maastricht vv\Draaiboek Maastricht-Amsterdam 2026[35].docx,Draaiboek Maastricht-Amsterdam 2026[35],… day 2 : maastricht / born - roermond (41 km/25 mi) day 3 : roermond - venlo - arcen (50 km/31 mi) day 4 : arcen - cuijk (53 km/32 mi) d…
Roermond - Venlo 34 km ENG 2026,roermond - venlo,Information about a tour 2026\Boutique_ Amsterdam - Maastricht vv\Old\Draaiboek Maastricht-Amsterdam 2024.docx,Draaiboek Maastricht-Amsterdam 2024,…derland (gevestigd in een voormalige kazerne). day 3 (mon): roermond - venlo - arcen (50 km/31 mi.) today you start biking from roermond…
Roermond - Venlo 34 km ENG 2026,roermond - venlo,Information about a tour 2026\Boutique_ Amsterdam - Maastricht vv\Old\Draaiboek Maastricht-Amsterdam 2026.docx,Draaiboek Maastricht-Amsterdam 2026,…derland (gevestigd in een voormalige kazerne). day 3 (mon): roermond - venlo - arcen (50 km/31 mi.) today you start biking from roermond…
Roermond - Venlo 34 km ENG 2026,roermond - venlo,Information about a tour 2026\RS_ Holland & België\Old\Operational sheet Roadscholar RS Holland and Belgium 2024.docx,Operational sheet Roadscholar RS Holland and Belgium 2024,…e designer outlet roermond / open tot 20.00 dag 10 - sunday roermond - venlo (45 km/29 mi) short option (25 km/15 mi) activity note: bik…
Rüdesheim - Mainz 34 km ENG 2025,rüdesheim - mainz,Information about a tour 2026\Semi-Guided_ Koblenz-Koblenz\Old\Draaiboek Koblenz - Koblenz 2025 semi_.docx,Draaiboek Koblenz - Koblenz 2025 semi_,…. en meer horeca. • overnachting in rüdesheim dag 3 dinsdag rüdesheim - mainz nadat u ’s ochtends rüdesheim misschien al hebt bekeken voo…
Rüdesheim - Mainz 34 km ENG 2025,rüdesheim - mainz,Information about a tour 2026\Semi-Guided_ Koblenz-Koblenz\Old\Draaiboek Koblenz - Koblenz 2026.docx,Draaiboek Koblenz - Koblenz 2026,…sselgasse (fietsen verboden) en rheinstrasse. dag 3 maandag rüdesheim - mainz vandaag kunt u kiezen uit de 34 km lange vlakke route langs…
Rüdesheim - Mainz 39 km ENG 2026,rüdesheim - mainz,Information about a tour 2026\Semi-Guided_ Koblenz-Koblenz\Old\Draaiboek Koblenz - Koblenz 2025 semi_.docx,Draaiboek Koblenz - Koblenz 2025 semi_,…. en meer horeca. • overnachting in rüdesheim dag 3 dinsdag rüdesheim - mainz nadat u ’s ochtends rüdesheim misschien al hebt bekeken voo…
Rüdesheim - Mainz 39 km ENG 2026,rüdesheim - mainz,Information about a tour 2026\Semi-Guided_ Koblenz-Koblenz\Old\Draaiboek Koblenz - Koblenz 2026.docx,Draaiboek Koblenz - Koblenz 2026,…sselgasse (fietsen verboden) en rheinstrasse. dag 3 maandag rüdesheim - mainz vandaag kunt u kiezen uit de 34 km lange vlakke route langs…
Sens - Pont-sur-Yonne 29 km ENG 2026,sens - pont-sur-yonne,"Information about a tour 2026\Premium_ France_ Northern Burgundy, Auxerre – Moret sur Loing or vv Premium\Old\Draaiboek Auxerre - Moret 2025.docx",Draaiboek Auxerre - Moret 2025,… 43 km zie moret-auxerre? dan slakken mogelijk day 6 (sun): sens - pont-sur-yonne (32 km/20 mi or 42 km/26 mi) before we start cycling we wil…
Sens - Pont-sur-Yonne 29 km ENG 2026,sens - pont-sur-yonne,"Information about a tour 2026\Premium_ France_ Northern Burgundy, Auxerre – Moret sur Loing or vv Premium\Old\Draaiboek Sens - Moret 2025.docx",Draaiboek Sens - Moret 2025,"…ot: le rendez-vous seb et aurelia +33-386648634 day 4, fri: sens - pont-sur-yonne (20-42 km/12.4-26 mi.) before we start cycling, we will spe…"
Tholen - Antwerpen 54km ENG 2026,tholen - antwerpen,Information about a tour 2026\Semi-Guided_ Holland & België\old\Draaiboek Adam - Brugge Fluvius 2024.docx,Draaiboek Adam - Brugge Fluvius 2024,…ty walk schedule ship schedule cyclists tuesday dordrecht - tholen - antwerpen 20 km/13 mi or 36 km/23 mi 06.00 departure ship to tholen 0…
Tholen - Antwerpen 54km ENG 2026,tholen - antwerpen,Information about a tour 2026\Semi-Guided_ Holland & België\old\Draaiboek Adam - Brugge Semi-Guided 2025.docx,Draaiboek Adam - Brugge Semi-Guided 2025,…ty walk schedule ship schedule cyclists tuesday dordrecht - tholen - antwerpen 20 km/13 mi or 36 km/23 mi 06.00 departure ship to tholen 0…
Tholen - Antwerpen 55km ENG 2026,tholen - antwerpen,Information about a tour 2026\Semi-Guided_ Holland & België\old\Draaiboek Adam - Brugge Fluvius 2024.docx,Draaiboek Adam - Brugge Fluvius 2024,…ty walk schedule ship schedule cyclists tuesday dordrecht - tholen - antwerpen 20 km/13 mi or 36 km/23 mi 06.00 departure ship to tholen 0…
Tholen - Antwerpen 55km ENG 2026,tholen - antwerpen,Information about a tour 2026\Semi-Guided_ Holland & België\old\Draaiboek Adam - Brugge Semi-Guided 2025.docx,Draaiboek Adam - Brugge Semi-Guided 2025,…ty walk schedule ship schedule cyclists tuesday dordrecht - tholen - antwerpen 20 km/13 mi or 36 km/23 mi 06.00 departure ship to tholen 0…
Villeneuve-sur-Yonne - Sens 54 km ENG 2026,villeneuve-sur-yonne - sens,"Information about a tour 2026\Premium_ France_ Northern Burgundy, Auxerre – Moret sur Loing or vv Premium\Old\Draaiboek Auxerre - Moret 2025.docx",Draaiboek Auxerre - Moret 2025,…cten. leuke winkel om gasten op te attenderen. day 5 (sat): villeneuve-sur-yonne - sens (28 km/18 mi or 52 km/33 mi) day five also offers two cycli…
Vinneuf - Moret  33 km ENG 2026,vinneuf - moret,"Information about a tour 2026\Premium_ France_ Northern Burgundy, Auxerre – Moret sur Loing or vv Premium\Old\Draaiboek Sens - Moret 2025.docx",Draaiboek Sens - Moret 2025,"…, bel dan van tevoren. day 5, sat: pont-sur-yonne - vinneuf vinneuf - moret-sur-loing (35-40 km/22-25 mi.) the ship cruises to vinneuf …"
Ytres - Péronne 52 km ENG 2026,ytres - péronne,Information about a tour 2026\Premium_ Belgium & France_ Bruges – Paris or Paris – Bruges Premium\old\Draaiboek Brugge-Parijs 2024.docx,Draaiboek Brugge-Parijs 2024,"…les-havrincourt” dag 7 vrijdag havrincourt - tunnel - ytres ytres - péronne 40 / 53 km (25 / 33 mile) the canal du nord has 2 tunnels, …"
Ytres - Péronne 52 km ENG 2026,ytres - péronne,Information about a tour 2026\Premium_ Belgium & France_ Bruges – Paris or Paris – Bruges Premium\old\Draaiboek Brugge-Parijs 2025 (1).docx,Draaiboek Brugge-Parijs 2025 (1),"…ncourt” dag 7 vrijdag/zaterdag havrincourt - tunnel - ytres ytres - péronne 40 / 53 km (25 / 33 mile) the canal du nord has 2 tunnels, …"
Ytres - Péronne 52 km ENG 2026,ytres - péronne,Information about a tour 2026\Premium_ Belgium & France_ Bruges – Paris or Paris – Bruges Premium\old\Draaiboek Brugge-Parijs 2026.docx,Draaiboek Brugge-Parijs 2026,…incourt-les-havrincourt” dag 7 havrincourt - tunnel - ytres ytres - péronne fleur: woensdag clair d’etoile: vrijdag the canal du nord h…
Ytres - Péronne 39 km ENG 2026,ytres - péronne,Information about a tour 2026\Premium_ Belgium & France_ Bruges – Paris or Paris – Bruges Premium\old\Draaiboek Brugge-Parijs 2024.docx,Draaiboek Brugge-Parijs 2024,"…les-havrincourt” dag 7 vrijdag havrincourt - tunnel - ytres ytres - péronne 40 / 53 km (25 / 33 mile) the canal du nord has 2 tunnels, …"
Ytres - Péronne 39 km ENG 2026,ytres - péronne,Information about a tour 2026\Premium_ Belgium & France_ Bruges – Paris or Paris – Bruges Premium\old\Draaiboek Brugge-Parijs 2025 (1).docx,Draaiboek Brugge-Parijs 2025 (1),"…ncourt” dag 7 vrijdag/zaterdag havrincourt - tunnel - ytres ytres - péronne 40 / 53 km (25 / 33 mile) the canal du nord has 2 tunnels, …"
Ytres - Péronne 39 km ENG 2026,ytres - péronne,Information about a tour 2026\Premium_ Belgium & France_ Bruges – Paris or Paris – Bruges Premium\old\Draaiboek Brugge-Parijs 2026.docx,Draaiboek Brugge-Parijs 2026,…incourt-les-havrincourt” dag 7 havrincourt - tunnel - ytres ytres - péronne fleur: woensdag clair d’etoile: vrijdag the canal du nord h…
Zell - Cochem 37 km ENG 2026,zell - cochem,Information about a tour 2026\Boutique_ Koblenz - Merzig\Oud\Draaiboek Merzig - Koblenz 2024.docx,Draaiboek Merzig - Koblenz 2024,…20.00 tourbriefing schedule ship schedule cyclists thursday zell - cochem 39 km/24 mi 8.00 breakfast 8.00 breakfast 9.30 ship departs…
Zell - Cochem 37 km ENG 2026,zell - cochem,Information about a tour 2026\Premium_ Cochem - Metz v.v (8 days and 9 days)\old\Draaiboek Metz-Cochem 2024.docx,Draaiboek Metz-Cochem 2024,…ll 20.00 tourbriefing schedule ship schedule cyclists day 7 zell - cochem 37 km/ 22 mi 08:00 breakfast 08:00 breakfast 08:45 departur…
Zell - Cochem 37 km ENG 2026,zell - cochem,Information about a tour 2026\Premium_ Cochem - Metz v.v (8 days and 9 days)\old\Draaiboek Metz-Cochem 2025(1).docx,Draaiboek Metz-Cochem 2025(1),…ll 20.00 tourbriefing schedule ship schedule cyclists day 7 zell - cochem 37 km/ 22 mi 08:00 breakfast 08:00 breakfast 08:45 departur…
Zell - Cochem 37 km ENG 2026,zell - cochem,Information about a tour 2026\Premium_ Cochem - Metz v.v (8 days and 9 days)\old\Draaiboek Metz-Cochem 2025(2).docx,Draaiboek Metz-Cochem 2025(2),…ll 20.00 tourbriefing schedule ship schedule cyclists day 7 zell - cochem 37 km/ 22 mi 08:00 breakfast 08:00 breakfast 08:45 departur…
Zell - Cochem 37 km ENG 2026,zell - cochem,Information about a tour 2026\Premium_ Cochem - Metz v.v (8 days and 9 days)\old\Draaiboek Metz-Cochem 2025(5).docx,Draaiboek Metz-Cochem 2025(5),…ll 20.00 tourbriefing schedule ship schedule cyclists day 7 zell - cochem 37 km/ 22 mi 08:00 breakfast 08:00 breakfast 08:45 departur…
Zell - Cochem 37 km ENG 2026,zell - cochem,Information about a tour 2026\Semi-Guided_ Koblenz-Koblenz\Old\Draaiboek Koblenz - Koblenz 2025 semi_.docx,Draaiboek Koblenz - Koblenz 2025 semi_,"…ues vrijdag schema schip schema fietsers dag 6 bernkastel - zell - cochem zell - cochem, 37 km , 23 mi 06.00 schip vertrekt 06.00 sch…"
Zell - Cochem 37 km ENG 2026,zell - cochem,Information about a tour 2026\Semi-Guided_ Koblenz-Koblenz\Old\Draaiboek Koblenz - Koblenz 2026.docx,Draaiboek Koblenz - Koblenz 2026,… naar marktplein 6 do varen bernkastel-kues -zell / fietsen zell - cochem wijnproeverij 7 vr varen cochem - alken / alken - koblenz 8…
