file,path,paragraphs,tables,chars,error
2024 DUG en DUM fietsen info briefje.docx,Information about a tour 2026\ANWB Limburgse Maas\old\2024 DUG en DUM fietsen info briefje.docx,25,0,608,
Draaiboek Limburgse Maas ANWB 2025.docx,Information about a tour 2026\ANWB Limburgse Maas\old\Draaiboek Limburgse Maas ANWB 2025.docx,380,8,49104,
Draaiboek Nijmegen-Maastricht ANWB v.v. 2025 (1).docx,Information about a tour 2026\ANWB Limburgse Maas\old\Draaiboek Nijmegen-Maastricht ANWB v.v. 2025 (1).docx,398,8,50016,
Draaiboek Nijmegen-Maastricht ANWB v.v. 2025.docx,Information about a tour 2026\ANWB Limburgse Maas\old\Draaiboek Nijmegen-Maastricht ANWB v.v. 2025.docx,339,8,42464,
Draaiboek Veluwe+Hanzesteden 2025 new.docx,Information about a tour 2026\ANWB_ Veluwe en Hanzesteden\old\Draaiboek Veluwe+Hanzesteden 2025 new.docx,424,8,63892,
Draaiboek Veluwe+Hanzesteden 2025.docx,Information about a tour 2026\ANWB_ Veluwe en Hanzesteden\old\Draaiboek Veluwe+Hanzesteden 2025.docx,405,8,56417,
Amsterdam - Paris English 2026 update juli (1).docx,Information about a tour 2026\Amsterdam to Paris\old\Amsterdam - Paris English 2026 update juli (1).docx,624,8,42523,
Amsterdam - Paris English 2026 update juli .docx,Information about a tour 2026\Amsterdam to Paris\old\Amsterdam - Paris English 2026 update juli .docx,639,8,43933,
Amsterdam - Paris English 2026 update jun  (1).docx,Information about a tour 2026\Amsterdam to Paris\old\Amsterdam - Paris English 2026 update jun  (1).docx,626,8,42836,
Amsterdam - Paris English 2026 update jun .docx,Information about a tour 2026\Amsterdam to Paris\old\Amsterdam - Paris English 2026 update jun .docx,602,8,40322,
Amsterdam - Paris English 2026 update may .docx,Information about a tour 2026\Amsterdam to Paris\old\Amsterdam - Paris English 2026 update may .docx,586,8,38269,
Amsterdam - Paris English 2026(1).docx,Information about a tour 2026\Amsterdam to Paris\old\Amsterdam - Paris English 2026(1).docx,550,8,25667,
Amsterdam - Paris English 2026.docx,Information about a tour 2026\Amsterdam to Paris\old\Amsterdam - Paris English 2026.docx,551,8,25796,
Paris - Amsterdam English 2026 May update.docx,Information about a tour 2026\Amsterdam to Paris\old\Paris - Amsterdam English 2026 May update.docx,552,8,36171,
Paris - Amsterdam English 2026 update juli(1).docx,Information about a tour 2026\Amsterdam to Paris\old\Paris - Amsterdam English 2026 update juli(1).docx,604,8,39853,
Paris - Amsterdam English 2026 update juli.docx,Information about a tour 2026\Amsterdam to Paris\old\Paris - Amsterdam English 2026 update juli.docx,636,8,42453,
Paris - Amsterdam English 2026 update jun.docx,Information about a tour 2026\Amsterdam to Paris\old\Paris - Amsterdam English 2026 update jun.docx,604,8,39781,
Paris - Amsterdam English 2026.docx,Information about a tour 2026\Amsterdam to Paris\old\Paris - Amsterdam English 2026.docx,461,8,28552,
Paris - Amsterdam English.docx,Information about a tour 2026\Amsterdam to Paris\old\Paris - Amsterdam English.docx,420,8,24625,
Draaiboek DNA Betuwe+Biesbosch ANWB - Rivierenland 2023.docx,Information about a tour 2026\Archive\Semi-Guided_ Veluwe & Biesbosch\Draaiboek DNA Betuwe+Biesbosch ANWB - Rivierenland 2023.docx,338,7,45846,
ALTENA.docx,Information about a tour 2026\Archive\Semi-Guided_ Veluwe & Biesbosch\Toeristische informatie\ALTENA.docx,6,0,1742,
Arnhem.docx,Information about a tour 2026\Archive\Semi-Guided_ Veluwe & Biesbosch\Toeristische informatie\Arnhem.docx,29,0,5856,
BERG EN DAL.docx,Information about a tour 2026\Archive\Semi-Guided_ Veluwe & Biesbosch\Toeristische informatie\BERG EN DAL.docx,23,0,5745,
BETUWE.docx,Information about a tour 2026\Archive\Semi-Guided_ Veluwe & Biesbosch\Toeristische informatie\BETUWE.docx,15,0,4289,
Cuijk.docx,Information about a tour 2026\Archive\Semi-Guided_ Veluwe & Biesbosch\Toeristische informatie\Cuijk.docx,36,0,6599,
DE BIESBOSCH.docx,Information about a tour 2026\Archive\Semi-Guided_ Veluwe & Biesbosch\Toeristische informatie\DE BIESBOSCH.docx,69,0,13441,
Doornenburg.docx,Information about a tour 2026\Archive\Semi-Guided_ Veluwe & Biesbosch\Toeristische informatie\Doornenburg.docx,15,0,4202,
FORT LOEVENSTEIN.docx,Information about a tour 2026\Archive\Semi-Guided_ Veluwe & Biesbosch\Toeristische informatie\FORT LOEVENSTEIN.docx,21,0,8701,
GELDERMALSEN.docx,Information about a tour 2026\Archive\Semi-Guided_ Veluwe & Biesbosch\Toeristische informatie\GELDERMALSEN.docx,29,0,3613,
GREBBEBERG.docx,Information about a tour 2026\Archive\Semi-Guided_ Veluwe & Biesbosch\Toeristische informatie\GREBBEBERG.docx,12,0,3552,
Gorinchem.docx,Information about a tour 2026\Archive\Semi-Guided_ Veluwe & Biesbosch\Toeristische informatie\Gorinchem.docx,26,0,4485,
Grave.docx,Information about a tour 2026\Archive\Semi-Guided_ Veluwe & Biesbosch\Toeristische informatie\Grave.docx,28,0,6209,
Heusden.docx,Information about a tour 2026\Archive\Semi-Guided_ Veluwe & Biesbosch\Toeristische informatie\Heusden.docx,20,0,3513,
KASTEEL VAN AMERONGEN.docx,Information about a tour 2026\Archive\Semi-Guided_ Veluwe & Biesbosch\Toeristische informatie\KASTEEL VAN AMERONGEN.docx,18,0,5448,
Maas.docx,Information about a tour 2026\Archive\Semi-Guided_ Veluwe & Biesbosch\Toeristische informatie\Maas.docx,35,0,7334,
NIJMEGEN.docx,Information about a tour 2026\Archive\Semi-Guided_ Veluwe & Biesbosch\Toeristische informatie\NIJMEGEN.docx,48,0,6893,
Nationaal park Loonse + Drunense Duinen.docx,Information about a tour 2026\Archive\Semi-Guided_ Veluwe & Biesbosch\Toeristische informatie\Nationaal park Loonse + Drunense Duinen.docx,16,0,4431,
Nijmegen WAALBRUG.docx,Information about a tour 2026\Archive\Semi-Guided_ Veluwe & Biesbosch\Toeristische informatie\Nijmegen WAALBRUG.docx,8,0,1949,
Ooijpolder.docx,Information about a tour 2026\Archive\Semi-Guided_ Veluwe & Biesbosch\Toeristische informatie\Ooijpolder.docx,34,1,10971,
Pannerdensch Kanaal.docx,Information about a tour 2026\Archive\Semi-Guided_ Veluwe & Biesbosch\Toeristische informatie\Pannerdensch Kanaal.docx,21,0,2657,
RHENEN.docx,Information about a tour 2026\Archive\Semi-Guided_ Veluwe & Biesbosch\Toeristische informatie\RHENEN.docx,22,0,4189,
RIVIER DE LINGE.docx,Information about a tour 2026\Archive\Semi-Guided_ Veluwe & Biesbosch\Toeristische informatie\RIVIER DE LINGE.docx,21,0,3302,
RIVIER DE MAAS.docx,Information about a tour 2026\Archive\Semi-Guided_ Veluwe & Biesbosch\Toeristische informatie\RIVIER DE MAAS.docx,25,0,5382,
TIEL.docx,Information about a tour 2026\Archive\Semi-Guided_ Veluwe & Biesbosch\Toeristische informatie\TIEL.docx,27,0,2878,
WAGENINGEN.docx,Information about a tour 2026\Archive\Semi-Guided_ Veluwe & Biesbosch\Toeristische informatie\WAGENINGEN.docx,50,0,7492,
ZALTBOMMEL.docx,Information about a tour 2026\Archive\Semi-Guided_ Veluwe & Biesbosch\Toeristische informatie\ZALTBOMMEL.docx,30,0,4432,
Amsterdam - Maastricht 2026 Draaiboek[35].docx,Information about a tour 2026\Boutique_ Amsterdam - Maastricht vv\Amsterdam - Maastricht 2026 Draaiboek[35].docx,318,10,27563,
Draaiboek Maastricht-Amsterdam 2026[35].docx,Information about a tour 2026\Boutique_ Amsterdam - Maastricht vv\Draaiboek Maastricht-Amsterdam 2026[35].docx,248,10,23730,
Amsterdam - Maastricht 2026 Draaiboek.docx,Information about a tour 2026\Boutique_ Amsterdam - Maastricht vv\Old\Amsterdam - Maastricht 2026 Draaiboek.docx,281,8,26987,
Draaiboek Amsterdam - Maastricht 2024.docx,Information about a tour 2026\Boutique_ Amsterdam - Maastricht vv\Old\Draaiboek Amsterdam - Maastricht 2024.docx,309,8,25561,
Draaiboek Maastricht-Amsterdam 2024.docx,Information about a tour 2026\Boutique_ Amsterdam - Maastricht vv\Old\Draaiboek Maastricht-Amsterdam 2024.docx,248,8,19785,
Draaiboek Maastricht-Amsterdam 2026.docx,Information about a tour 2026\Boutique_ Amsterdam - Maastricht vv\Old\Draaiboek Maastricht-Amsterdam 2026.docx,238,8,23117,
Heusden wandeling.docx,Information about a tour 2026\Boutique_ Amsterdam - Maastricht vv\Stadswandelingen\Heusden wandeling.docx,3,0,20019,
Amsterdam - Rijn kanaal.docx,Information about a tour 2026\Boutique_ Amsterdam - Maastricht vv\Toeristische informatie\Amsterdam - Rijn kanaal.docx,18,1,4584,
Amsterdam.docx,Information about a tour 2026\Boutique_ Amsterdam - Maastricht vv\Toeristische informatie\Amsterdam.docx,142,0,25737,
Beesel.docx,Information about a tour 2026\Boutique_ Amsterdam - Maastricht vv\Toeristische informatie\Beesel.docx,4,0,415,
Born.docx,Information about a tour 2026\Boutique_ Amsterdam - Maastricht vv\Toeristische informatie\Born.docx,7,0,860,
Cuijk.docx,Information about a tour 2026\Boutique_ Amsterdam - Maastricht vv\Toeristische informatie\Cuijk.docx,36,0,6599,
Gorinchem.docx,Information about a tour 2026\Boutique_ Amsterdam - Maastricht vv\Toeristische informatie\Gorinchem.docx,26,0,4485,
Grave.docx,Information about a tour 2026\Boutique_ Amsterdam - Maastricht vv\Toeristische informatie\Grave.docx,28,0,6209,
Heusden.docx,Information about a tour 2026\Boutique_ Amsterdam - Maastricht vv\Toeristische informatie\Heusden.docx,20,0,3513,
Hollandse waterlinie.docx,Information about a tour 2026\Boutique_ Amsterdam - Maastricht vv\Toeristische informatie\Hollandse waterlinie.docx,30,0,6008,
IJburg.docx,Information about a tour 2026\Boutique_ Amsterdam - Maastricht vv\Toeristische informatie\IJburg.docx,41,1,7426,
Kessel.docx,Information about a tour 2026\Boutique_ Amsterdam - Maastricht vv\Toeristische informatie\Kessel.docx,11,0,2278,
Limburg Kolenmijnen.docx,Information about a tour 2026\Boutique_ Amsterdam - Maastricht vv\Toeristische informatie\Limburg Kolenmijnen.docx,14,0,2590,
Maas.docx,Information about a tour 2026\Boutique_ Amsterdam - Maastricht vv\Toeristische informatie\Maas.docx,35,0,7334,
Maaseik.docx,Information about a tour 2026\Boutique_ Amsterdam - Maastricht vv\Toeristische informatie\Maaseik.docx,13,0,3544,
Maastricht.docx,Information about a tour 2026\Boutique_ Amsterdam - Maastricht vv\Toeristische informatie\Maastricht.docx,52,0,14925,
Muiden.docx,Information about a tour 2026\Boutique_ Amsterdam - Maastricht vv\Toeristische informatie\Muiden.docx,30,0,3718,
Nederland Waterland.docx,Information about a tour 2026\Boutique_ Amsterdam - Maastricht vv\Toeristische informatie\Nederland Waterland.docx,11,0,3247,
Roermond.docx,Information about a tour 2026\Boutique_ Amsterdam - Maastricht vv\Toeristische informatie\Roermond.docx,49,0,10804,
Vecht Breukelen Loenen Weesp.docx,Information about a tour 2026\Boutique_ Amsterdam - Maastricht vv\Toeristische informatie\Vecht Breukelen Loenen Weesp.docx,29,0,4583,
Venlo.docx,Information about a tour 2026\Boutique_ Amsterdam - Maastricht vv\Toeristische informatie\Venlo.docx,27,0,3580,
2026 Draaiboek Green Heart  - update 18 may 2026.docx,Information about a tour 2026\Boutique_ Green Heart of Holland\2026 Draaiboek Green Heart  - update 18 may 2026.docx,385,10,32598,
2026 Draaiboek Groene Hart  versie mrt 2026.docx,Information about a tour 2026\Boutique_ Green Heart of Holland\Old\2026 Draaiboek Groene Hart  versie mrt 2026.docx,344,8,34341,
Draaiboek Groene Hart 2024.docx,Information about a tour 2026\Boutique_ Green Heart of Holland\Old\Draaiboek Groene Hart 2024.docx,333,8,27712,
Draaiboek Groene Hart 2025 - versie nov 2024.docx,Information about a tour 2026\Boutique_ Green Heart of Holland\Old\Draaiboek Groene Hart 2025 - versie nov 2024.docx,345,8,34453,
Amsterdam - Rijn kanaal.docx,Information about a tour 2026\Boutique_ Green Heart of Holland\Toeristische informatie\Amsterdam - Rijn kanaal.docx,18,1,4584,
Amsterdam geschiedenis.docx,Information about a tour 2026\Boutique_ Green Heart of Holland\Toeristische informatie\Amsterdam geschiedenis.docx,90,0,29140,
Amsterdam.docx,Information about a tour 2026\Boutique_ Green Heart of Holland\Toeristische informatie\Amsterdam.docx,142,0,25737,
Delft stadswandeling.docx,Information about a tour 2026\Boutique_ Green Heart of Holland\Toeristische informatie\Delft stadswandeling.docx,6,0,1947,
Delft.docx,Information about a tour 2026\Boutique_ Green Heart of Holland\Toeristische informatie\Delft.docx,63,0,17519,
Delfts blauw.docx,Information about a tour 2026\Boutique_ Green Heart of Holland\Toeristische informatie\Delfts blauw.docx,49,0,15027,
Den Haag Parlement.docx,Information about a tour 2026\Boutique_ Green Heart of Holland\Toeristische informatie\Den Haag Parlement.docx,70,0,14873,
Gouda St. jan.docx,Information about a tour 2026\Boutique_ Green Heart of Holland\Toeristische informatie\Gouda St. jan.docx,22,0,2565,
Hansje Brinker.docx,Information about a tour 2026\Boutique_ Green Heart of Holland\Toeristische informatie\Hansje Brinker.docx,21,0,4418,
Hollandse waterlinie.docx,Information about a tour 2026\Boutique_ Green Heart of Holland\Toeristische informatie\Hollandse waterlinie.docx,30,0,6008,
IJburg.docx,Information about a tour 2026\Boutique_ Green Heart of Holland\Toeristische informatie\IJburg.docx,41,1,7426,
Leiden stadswandeling.docx,Information about a tour 2026\Boutique_ Green Heart of Holland\Toeristische informatie\Leiden stadswandeling.docx,42,0,35745,
Leiden.docx,Information about a tour 2026\Boutique_ Green Heart of Holland\Toeristische informatie\Leiden.docx,39,0,5603,
Marken.docx,Information about a tour 2026\Boutique_ Green Heart of Holland\Toeristische informatie\Marken.docx,56,0,17026,
Muiden.docx,Information about a tour 2026\Boutique_ Green Heart of Holland\Toeristische informatie\Muiden.docx,30,0,3718,
Nederland Waterland.docx,Information about a tour 2026\Boutique_ Green Heart of Holland\Toeristische informatie\Nederland Waterland.docx,11,0,3247,
Oude Wetering.docx,Information about a tour 2026\Boutique_ Green Heart of Holland\Toeristische informatie\Oude Wetering.docx,16,0,8371,
Rembrandt.docx,Information about a tour 2026\Boutique_ Green Heart of Holland\Toeristische informatie\Rembrandt.docx,91,0,37943,
Schoonhoven.docx,Information about a tour 2026\Boutique_ Green Heart of Holland\Toeristische informatie\Schoonhoven.docx,8,0,477,
Verfmolen De Kat.docx,Information about a tour 2026\Boutique_ Green Heart of Holland\Toeristische informatie\Verfmolen De Kat.docx,18,2,8664,
Volendam stadswandeling .docx,Information about a tour 2026\Boutique_ Green Heart of Holland\Toeristische informatie\Volendam stadswandeling .docx,7,0,1420,
Volendam.docx,Information about a tour 2026\Boutique_ Green Heart of Holland\Toeristische informatie\Volendam.docx,27,0,10215,
Draaiboek Koblenz - Merzig 2024 .docx,Information about a tour 2026\Boutique_ Koblenz - Merzig\Oud\Draaiboek Koblenz - Merzig 2024 .docx,448,8,28036,
Draaiboek Koblenz - Merzig 2024.docx,Information about a tour 2026\Boutique_ Koblenz - Merzig\Oud\Draaiboek Koblenz - Merzig 2024.docx,231,8,25450,
Draaiboek Merzig - Koblenz 2024.docx,Information about a tour 2026\Boutique_ Koblenz - Merzig\Oud\Draaiboek Merzig - Koblenz 2024.docx,243,8,25568,
Draaiboek Landscapes & Seascapes 2024.docx,Information about a tour 2026\Boutique_ North Holland Landscapes & Seascapes\old\Draaiboek Landscapes & Seascapes 2024.docx,326,8,22989,
Draaiboek Landscapes & Seascapes 2025 - update 21 april 2025.docx,C:\Users\MarcKuijn\OneDrive - Channel Cruises\Bureaublad\knooppunten-toolset_1\knooppunten-toolset\draaiboek test\Information about a tour 2026\Boutique_ North Holland Landscapes & Seascapes\old\Draaiboek Landscapes & Seascapes 2025 - update 21 april 2025.docx,,,,Package not found at 'C:\Users\MarcKuijn\OneDrive - Channel Cruises\Bureaublad\k
Draaiboek Landscapes & Seascapes 2025 - update nov.docx,Information about a tour 2026\Boutique_ North Holland Landscapes & Seascapes\old\Draaiboek Landscapes & Seascapes 2025 - update nov.docx,333,8,27001,
Draaiboek Tulp 8 Boutique 2025.docx,Information about a tour 2026\Boutique_ Tulip tour 8-days Premium\Old\Draaiboek Tulp 8 Boutique 2025.docx,237,9,22553,
Alkmaar geschiedenis.docx,Information about a tour 2026\Boutique_ Tulip tour 8-days Premium\Toeristische informatie\Alkmaar geschiedenis.docx,23,0,5118,
Amsterdam geschiedenis.docx,Information about a tour 2026\Boutique_ Tulip tour 8-days Premium\Toeristische informatie\Amsterdam geschiedenis.docx,90,0,29140,
Amsterdam.docx,Information about a tour 2026\Boutique_ Tulip tour 8-days Premium\Toeristische informatie\Amsterdam.docx,142,0,25737,
Bloemenveiling Aalmeer.docx,Information about a tour 2026\Boutique_ Tulip tour 8-days Premium\Toeristische informatie\Bloemenveiling Aalmeer.docx,28,0,3585,
Bollenteelt.docx,Information about a tour 2026\Boutique_ Tulip tour 8-days Premium\Toeristische informatie\Bollenteelt.docx,19,1,4225,
Boskoop.docx,Information about a tour 2026\Boutique_ Tulip tour 8-days Premium\Toeristische informatie\Boskoop.docx,9,0,1980,
Cruquius Museum.docx,Information about a tour 2026\Boutique_ Tulip tour 8-days Premium\Toeristische informatie\Cruquius Museum.docx,17,0,6185,
Gouda St. jan.docx,Information about a tour 2026\Boutique_ Tulip tour 8-days Premium\Toeristische informatie\Gouda St. jan.docx,22,0,2565,
Hansje Brinker.docx,Information about a tour 2026\Boutique_ Tulip tour 8-days Premium\Toeristische informatie\Hansje Brinker.docx,21,0,4418,
Het verhaal Hans Brinker.docx,Information about a tour 2026\Boutique_ Tulip tour 8-days Premium\Toeristische informatie\Het verhaal Hans Brinker.docx,27,0,7797,
Hollandse waterlinie.docx,Information about a tour 2026\Boutique_ Tulip tour 8-days Premium\Toeristische informatie\Hollandse waterlinie.docx,30,0,6008,
Hortus Bulborum.docx,Information about a tour 2026\Boutique_ Tulip tour 8-days Premium\Toeristische informatie\Hortus Bulborum.docx,6,0,3849,
Leiden stadswandeling.docx,Information about a tour 2026\Boutique_ Tulip tour 8-days Premium\Toeristische informatie\Leiden stadswandeling.docx,42,0,35745,
Leiden.docx,Information about a tour 2026\Boutique_ Tulip tour 8-days Premium\Toeristische informatie\Leiden.docx,39,0,5603,
Nederland Waterland.docx,Information about a tour 2026\Boutique_ Tulip tour 8-days Premium\Toeristische informatie\Nederland Waterland.docx,11,0,3247,
Pilgrims.docx,Information about a tour 2026\Boutique_ Tulip tour 8-days Premium\Toeristische informatie\Pilgrims.docx,33,0,6986,
Rembrandt.docx,Information about a tour 2026\Boutique_ Tulip tour 8-days Premium\Toeristische informatie\Rembrandt.docx,91,0,37943,
Tulpomanie.docx,Information about a tour 2026\Boutique_ Tulip tour 8-days Premium\Toeristische informatie\Tulpomanie.docx,16,0,4649,
Verfmolen De Kat.docx,Information about a tour 2026\Boutique_ Tulip tour 8-days Premium\Toeristische informatie\Verfmolen De Kat.docx,18,2,8664,
Zaanse Schans.docx,Information about a tour 2026\Boutique_ Tulip tour 8-days Premium\Toeristische informatie\Zaanse Schans.docx,35,0,4463,
Zaanstreek.docx,Information about a tour 2026\Boutique_ Tulip tour 8-days Premium\Toeristische informatie\Zaanstreek.docx,2,1,2898,
kaas van Veen.docx,Information about a tour 2026\Boutique_ Tulip tour 8-days Premium\Toeristische informatie\kaas van Veen.docx,15,0,3339,
Amsterdam geschiedenis.docx,Information about a tour 2026\Fluvius_ 5-day Tulip Tour\Toeristische informatie\Amsterdam geschiedenis.docx,90,0,29140,
Amsterdam.docx,Information about a tour 2026\Fluvius_ 5-day Tulip Tour\Toeristische informatie\Amsterdam.docx,142,0,25737,
Bloemenveiling Aalmeer.docx,Information about a tour 2026\Fluvius_ 5-day Tulip Tour\Toeristische informatie\Bloemenveiling Aalmeer.docx,28,0,3585,
Bollenteelt.docx,Information about a tour 2026\Fluvius_ 5-day Tulip Tour\Toeristische informatie\Bollenteelt.docx,19,1,4225,
Cruquius Museum.docx,Information about a tour 2026\Fluvius_ 5-day Tulip Tour\Toeristische informatie\Cruquius Museum.docx,17,0,6185,
Draaiboek Tulp 5 premium 2023.docx,Information about a tour 2026\Fluvius_ 5-day Tulip Tour\Toeristische informatie\Draaiboek Tulp 5 premium 2023.docx,153,5,10844,
Hansje Brinker.docx,Information about a tour 2026\Fluvius_ 5-day Tulip Tour\Toeristische informatie\Hansje Brinker.docx,21,0,4418,
Hollandse waterlinie.docx,Information about a tour 2026\Fluvius_ 5-day Tulip Tour\Toeristische informatie\Hollandse waterlinie.docx,30,0,6008,
Keukenhof.docx,Information about a tour 2026\Fluvius_ 5-day Tulip Tour\Toeristische informatie\Keukenhof.docx,10,0,2592,
Nederland Waterland.docx,Information about a tour 2026\Fluvius_ 5-day Tulip Tour\Toeristische informatie\Nederland Waterland.docx,11,0,3247,
Oude Wetering.docx,Information about a tour 2026\Fluvius_ 5-day Tulip Tour\Toeristische informatie\Oude Wetering.docx,16,0,8371,
Rembrandt.docx,Information about a tour 2026\Fluvius_ 5-day Tulip Tour\Toeristische informatie\Rembrandt.docx,91,0,37943,
Tulpomanie.docx,Information about a tour 2026\Fluvius_ 5-day Tulip Tour\Toeristische informatie\Tulpomanie.docx,16,0,4649,
Verfmolen De Kat.docx,Information about a tour 2026\Fluvius_ 5-day Tulip Tour\Toeristische informatie\Verfmolen De Kat.docx,18,2,8664,
Volendam - Broek -Amsterdam uitgebreid.docx,Information about a tour 2026\Fluvius_ 5-day Tulip Tour\Toeristische informatie\Volendam - Broek -Amsterdam uitgebreid.docx,114,0,16112,
Zaanse Schans.docx,Information about a tour 2026\Fluvius_ 5-day Tulip Tour\Toeristische informatie\Zaanse Schans.docx,35,0,4463,
Zaanstreek.docx,Information about a tour 2026\Fluvius_ 5-day Tulip Tour\Toeristische informatie\Zaanstreek.docx,2,1,2898,
Draaiboek Adam - Brugge RELAX 2022.docx,Information about a tour 2026\Netherlands & Belgium_ Amsterdam – Bruges or Bruges – Amsterdam Relax\old\Draaiboek Adam - Brugge RELAX 2022.docx,701,11,48347,
Draaiboek Tulp 8 Magnifique 2025.docx,Information about a tour 2026\Premium_ 8-day Tulip Tour\Old\Draaiboek Tulp 8 Magnifique 2025.docx,224,9,20687,
Draaiboek Tulp 8 Premium 2025.docx,Information about a tour 2026\Premium_ 8-day Tulip Tour\Old\Draaiboek Tulp 8 Premium 2025.docx,228,9,23051,
Draaiboek Amsterdam-Cochem 2026.docx,Information about a tour 2026\Premium_ Amsterdam - Cochem\Draaiboek Amsterdam-Cochem 2026.docx,354,8,29676,
Draaiboek Amsterdam - Cochem 2024.docx,Information about a tour 2026\Premium_ Amsterdam - Cochem\Old\Draaiboek Amsterdam - Cochem 2024.docx,260,8,23774,
Asschaffenburg - Bamberg 2025.docx,Information about a tour 2026\Premium_ Asschaffenburg - Bamberg or v.v\Old\Asschaffenburg - Bamberg 2025.docx,171,8,14047,
Bamberg - Asschaffenburg  2025.docx,Information about a tour 2026\Premium_ Asschaffenburg - Bamberg or v.v\Old\Bamberg - Asschaffenburg  2025.docx,166,15,4617,
Canal de St Quentin.docx,C:\Users\MarcKuijn\OneDrive - Channel Cruises\Bureaublad\knooppunten-toolset_1\knooppunten-toolset\draaiboek test\Information about a tour 2026\Premium_ Belgium & France_ Bruges – Paris or Paris – Bruges Premium\Toeristische informatie\Canal de St Quentin.docx,,,,Package not found at 'C:\Users\MarcKuijn\OneDrive - Channel Cruises\Bureaublad\k
Doornik.docx,Information about a tour 2026\Premium_ Belgium & France_ Bruges – Paris or Paris – Bruges Premium\Toeristische informatie\Doornik.docx,31,0,4834,
Lewarde Mijnmuseum.docx,Information about a tour 2026\Premium_ Belgium & France_ Bruges – Paris or Paris – Bruges Premium\Toeristische informatie\Lewarde Mijnmuseum.docx,19,0,3391,
Meetjesland van Gent naar Brugge.docx,C:\Users\MarcKuijn\OneDrive - Channel Cruises\Bureaublad\knooppunten-toolset_1\knooppunten-toolset\draaiboek test\Information about a tour 2026\Premium_ Belgium & France_ Bruges – Paris or Paris – Bruges Premium\Toeristische informatie\Meetjesland van Gent naar Brugge.docx,,,,Package not found at 'C:\Users\MarcKuijn\OneDrive - Channel Cruises\Bureaublad\k
Moerbrugge en de polders rond Brugge.docx,C:\Users\MarcKuijn\OneDrive - Channel Cruises\Bureaublad\knooppunten-toolset_1\knooppunten-toolset\draaiboek test\Information about a tour 2026\Premium_ Belgium & France_ Bruges – Paris or Paris – Bruges Premium\Toeristische informatie\Moerbrugge en de polders rond Brugge.docx,,,,Package not found at 'C:\Users\MarcKuijn\OneDrive - Channel Cruises\Bureaublad\k
Oudenaarde.docx,Information about a tour 2026\Premium_ Belgium & France_ Bruges – Paris or Paris – Bruges Premium\Toeristische informatie\Oudenaarde.docx,72,0,14051,
Draaiboek Brugge-Parijs 2024.docx,Information about a tour 2026\Premium_ Belgium & France_ Bruges – Paris or Paris – Bruges Premium\old\Draaiboek Brugge-Parijs 2024.docx,594,15,57463,
Draaiboek Brugge-Parijs 2025 (1).docx,Information about a tour 2026\Premium_ Belgium & France_ Bruges – Paris or Paris – Bruges Premium\old\Draaiboek Brugge-Parijs 2025 (1).docx,578,15,56181,
Draaiboek Brugge-Parijs 2026.docx,Information about a tour 2026\Premium_ Belgium & France_ Bruges – Paris or Paris – Bruges Premium\old\Draaiboek Brugge-Parijs 2026.docx,629,0,51409,
Draaiboek Parijs-Brugge 2024.docx,Information about a tour 2026\Premium_ Belgium & France_ Bruges – Paris or Paris – Bruges Premium\old\Draaiboek Parijs-Brugge 2024.docx,548,0,46886,
Brugge - Abbeville 2026 - teksten.docx,Information about a tour 2026\Premium_ Belgium & France_ Through Flanders Fields and along the Somme\Brugge - Abbeville 2026 - teksten.docx,156,0,19476,
Metz Hotel letter from BBT 2024.docx,Information about a tour 2026\Premium_ Cochem - Metz v.v (8 days and 9 days)\Welcome Letter Hotel Metz\Metz Hotel letter from BBT 2024.docx,33,0,1819,
Draaiboek Cochem-Metz 2024.docx,Information about a tour 2026\Premium_ Cochem - Metz v.v (8 days and 9 days)\old\Draaiboek Cochem-Metz 2024.docx,242,8,20715,
Draaiboek Cochem-Metz 2025(2).docx,Information about a tour 2026\Premium_ Cochem - Metz v.v (8 days and 9 days)\old\Draaiboek Cochem-Metz 2025(2).docx,304,8,30907,
Draaiboek Cochem-Metz 2025(3).docx,Information about a tour 2026\Premium_ Cochem - Metz v.v (8 days and 9 days)\old\Draaiboek Cochem-Metz 2025(3).docx,284,8,28654,
Draaiboek Metz-Cochem 2024.docx,Information about a tour 2026\Premium_ Cochem - Metz v.v (8 days and 9 days)\old\Draaiboek Metz-Cochem 2024.docx,261,8,22297,
Draaiboek Metz-Cochem 2025(1).docx,Information about a tour 2026\Premium_ Cochem - Metz v.v (8 days and 9 days)\old\Draaiboek Metz-Cochem 2025(1).docx,384,8,37938,
Draaiboek Metz-Cochem 2025(2).docx,Information about a tour 2026\Premium_ Cochem - Metz v.v (8 days and 9 days)\old\Draaiboek Metz-Cochem 2025(2).docx,381,8,37281,
Draaiboek Metz-Cochem 2025(5).docx,Information about a tour 2026\Premium_ Cochem - Metz v.v (8 days and 9 days)\old\Draaiboek Metz-Cochem 2025(5).docx,266,8,26847,
Restaurants in Trier QR codes 2025.docx,Information about a tour 2026\Premium_ Cochem - Metz v.v (8 days and 9 days)\old\Restaurants in Trier QR codes 2025.docx,35,0,426,
Draaiboek Auxerre - Moret 2025.docx,"Information about a tour 2026\Premium_ France_ Northern Burgundy, Auxerre – Moret sur Loing or vv Premium\Old\Draaiboek Auxerre - Moret 2025.docx",305,8,25364,
Draaiboek Moret - Auxerre 2025.docx,"Information about a tour 2026\Premium_ France_ Northern Burgundy, Auxerre – Moret sur Loing or vv Premium\Old\Draaiboek Moret - Auxerre 2025.docx",292,8,28302,
Draaiboek Moret - Sens 2025.docx,"Information about a tour 2026\Premium_ France_ Northern Burgundy, Auxerre – Moret sur Loing or vv Premium\Old\Draaiboek Moret - Sens 2025.docx",201,10,21994,
Draaiboek Sens - Moret 2025.docx,"Information about a tour 2026\Premium_ France_ Northern Burgundy, Auxerre – Moret sur Loing or vv Premium\Old\Draaiboek Sens - Moret 2025.docx",212,9,20798,
Draaiboek Hanze La Mar-Lena Maria 2025(1).docx,Information about a tour 2026\Premium_ Historic Hanseatic cities\old\Draaiboek Hanze La Mar-Lena Maria 2025(1).docx,326,9,32043,
Draaiboek Hanze La Mar-Lena Maria 2025(2).docx,Information about a tour 2026\Premium_ Historic Hanseatic cities\old\Draaiboek Hanze La Mar-Lena Maria 2025(2).docx,328,9,31523,
Draaiboek Hanze La Mar-Lena Maria 2025(3).docx,Information about a tour 2026\Premium_ Historic Hanseatic cities\old\Draaiboek Hanze La Mar-Lena Maria 2025(3).docx,326,9,31104,
Draaiboek Hanze La Mar-Lena Maria 2025.docx,Information about a tour 2026\Premium_ Historic Hanseatic cities\old\Draaiboek Hanze La Mar-Lena Maria 2025.docx,323,9,30618,
Draaiboek Hanze La Mar-Lena Maria 2026(1).docx,Information about a tour 2026\Premium_ Historic Hanseatic cities\old\Draaiboek Hanze La Mar-Lena Maria 2026(1).docx,354,9,35945,
Draaiboek Hanze Magnifique II 2025(1).docx,Information about a tour 2026\Premium_ Historic Hanseatic cities\old\Draaiboek Hanze Magnifique II 2025(1).docx,328,9,32831,
Draaiboek Hanze Magnifique II 2025(2).docx,Information about a tour 2026\Premium_ Historic Hanseatic cities\old\Draaiboek Hanze Magnifique II 2025(2).docx,327,9,32573,
Draaiboek Hanze Magnifique II 2025(3).docx,Information about a tour 2026\Premium_ Historic Hanseatic cities\old\Draaiboek Hanze Magnifique II 2025(3).docx,323,9,31876,
Draaiboek Hanze Magnifique II 2025.docx,Information about a tour 2026\Premium_ Historic Hanseatic cities\old\Draaiboek Hanze Magnifique II 2025.docx,324,9,31405,
Draaiboek Hanze Premium (Boutique) 2024 .docx,Information about a tour 2026\Premium_ Historic Hanseatic cities\old\Draaiboek Hanze Premium (Boutique) 2024 .docx,351,9,29150,
Draaiboek Hanze premium (Magnifique_s) 2024 .docx,Information about a tour 2026\Premium_ Historic Hanseatic cities\old\Draaiboek Hanze premium (Magnifique_s) 2024 .docx,298,9,27316,
Draaiboek Islandhopping Netherlands Premium 2025.docx,Information about a tour 2026\Premium_ Islandhopping Netherlands Premium 2025\old\Draaiboek Islandhopping Netherlands Premium 2025.docx,444,8,25863,
Draaiboek Islandhopping Netherlands Premium 210525(1).docx,Information about a tour 2026\Premium_ Islandhopping Netherlands Premium 2025\old\Draaiboek Islandhopping Netherlands Premium 210525(1).docx,478,9,30541,
Draaiboek Islandhopping Netherlands Premium 210525.docx,Information about a tour 2026\Premium_ Islandhopping Netherlands Premium 2025\old\Draaiboek Islandhopping Netherlands Premium 210525.docx,470,9,30278,
Folder De 7 wonderen van Grenspark Groot Saeftinghe.docx,C:\Users\MarcKuijn\OneDrive - Channel Cruises\Bureaublad\knooppunten-toolset_1\knooppunten-toolset\draaiboek test\Information about a tour 2026\Premium_ Netherlands & Belgium_ Amsterdam – Bruges vv\Alternatives\Folder De 7 wonderen van Grenspark Groot Saeftinghe.docx,,,,Package not found at 'C:\Users\MarcKuijn\OneDrive - Channel Cruises\Bureaublad\k
Folder InHulst en achterland.docx,Information about a tour 2026\Premium_ Netherlands & Belgium_ Amsterdam – Bruges vv\Alternatives\Folder InHulst en achterland.docx,3,0,160,
Folder Museum Axel.docx,Information about a tour 2026\Premium_ Netherlands & Belgium_ Amsterdam – Bruges vv\Alternatives\Folder Museum Axel.docx,1,0,163,
Folder Museum Hulst.docx,Information about a tour 2026\Premium_ Netherlands & Belgium_ Amsterdam – Bruges vv\Alternatives\Folder Museum Hulst.docx,1,0,163,
Lovendegem - Sas van Gent Route info.docx,Information about a tour 2026\Premium_ Netherlands & Belgium_ Amsterdam – Bruges vv\Alternatives\Lovendegem - Sas van Gent Route info.docx,32,0,4841,
Lovendegem Kasteel.docx,Information about a tour 2026\Premium_ Netherlands & Belgium_ Amsterdam – Bruges vv\Alternatives\Lovendegem Kasteel.docx,10,0,1784,
Philippine.docx,Information about a tour 2026\Premium_ Netherlands & Belgium_ Amsterdam – Bruges vv\Alternatives\Philippine.docx,28,0,7115,
Route Dag 4 Terneuzen - Antwerpen.docx,Information about a tour 2026\Premium_ Netherlands & Belgium_ Amsterdam – Bruges vv\Alternatives\Route Dag 4 Terneuzen - Antwerpen.docx,14,0,1029,
Sas van Gent Algemeen.docx,Information about a tour 2026\Premium_ Netherlands & Belgium_ Amsterdam – Bruges vv\Alternatives\Sas van Gent Algemeen.docx,52,0,11557,
Sas van Gent Plattegrond met info.docx,Information about a tour 2026\Premium_ Netherlands & Belgium_ Amsterdam – Bruges vv\Alternatives\Sas van Gent Plattegrond met info.docx,7,0,258,
Sas van Gent Rondje.docx,Information about a tour 2026\Premium_ Netherlands & Belgium_ Amsterdam – Bruges vv\Alternatives\Sas van Gent Rondje.docx,24,0,4426,
Terneuzen Kunst op de Boulevard.docx,Information about a tour 2026\Premium_ Netherlands & Belgium_ Amsterdam – Bruges vv\Alternatives\Terneuzen Kunst op de Boulevard.docx,5,0,230,
Terneuzen Stadswandeling ‘Spiekbriefje’.docx,Information about a tour 2026\Premium_ Netherlands & Belgium_ Amsterdam – Bruges vv\Alternatives\Terneuzen Stadswandeling ‘Spiekbriefje’.docx,14,0,2966,
Terneuzen Stadswandeling.docx,Information about a tour 2026\Premium_ Netherlands & Belgium_ Amsterdam – Bruges vv\Alternatives\Terneuzen Stadswandeling.docx,62,0,13442,
Draaiboek Adam - Brugge Premium 2025 boutique .docx,Information about a tour 2026\Premium_ Netherlands & Belgium_ Amsterdam – Bruges vv\old\Draaiboek Adam - Brugge Premium 2025 boutique .docx,294,8,35546,
Draaiboek Adam - Brugge Premium 2025 new MAGs.docx,Information about a tour 2026\Premium_ Netherlands & Belgium_ Amsterdam – Bruges vv\old\Draaiboek Adam - Brugge Premium 2025 new MAGs.docx,298,8,36513,
Draaiboek Brugge - Adam Premium 2024.docx,Information about a tour 2026\Premium_ Netherlands & Belgium_ Amsterdam – Bruges vv\old\Draaiboek Brugge - Adam Premium 2024.docx,355,8,33205,
Draaiboek Brugge-Amsterdam Premium 2025.docx,Information about a tour 2026\Premium_ Netherlands & Belgium_ Amsterdam – Bruges vv\old\Draaiboek Brugge-Amsterdam Premium 2025.docx,247,8,35942,
Draaiboek Epernay - Parijs Zwaantje 2025.docx,Information about a tour 2026\Premium_ Parijs - Epernay v.v\Oud\Draaiboek Epernay - Parijs Zwaantje 2025.docx,258,8,25665,
Draaiboek Parijs - Epernay Zwaantje 2025.docx,Information about a tour 2026\Premium_ Parijs - Epernay v.v\Oud\Draaiboek Parijs - Epernay Zwaantje 2025.docx,248,7,26527,
Draaiboek Paris to Soissons 2025 (emergency operational sheet).docx,Information about a tour 2026\Premium_ Parijs - Epernay v.v\Oud\Draaiboek Paris to Soissons 2025 (emergency operational sheet).docx,251,0,19835,
Draaiboek Soissons - Parijs (Emergency operational sheet).docx,Information about a tour 2026\Premium_ Parijs - Epernay v.v\Oud\Draaiboek Soissons - Parijs (Emergency operational sheet).docx,216,9,16508,
Champagne reis - Dhuys - sculpturen en aquaduct.docx,Information about a tour 2026\Premium_ Parijs - Epernay v.v\Toeristische informatie\Champagne reis - Dhuys - sculpturen en aquaduct.docx,13,0,2841,
Champagne.docx,Information about a tour 2026\Premium_ Parijs - Epernay v.v\Toeristische informatie\Champagne.docx,79,0,22206,
La Ferté sous Jouarre.docx,Information about a tour 2026\Premium_ Parijs - Epernay v.v\Toeristische informatie\La Ferté sous Jouarre.docx,32,0,16429,
Draaiboek Montargis -Parijs Fleur 2024.docx,Information about a tour 2026\Premium_ Parijs - Montargis v.v\old\Draaiboek Montargis -Parijs Fleur 2024.docx,469,8,26658,
Draaiboek Montargis-Parijs Fleur 2024.docx,Information about a tour 2026\Premium_ Parijs - Montargis v.v\old\Draaiboek Montargis-Parijs Fleur 2024.docx,475,9,29373,
Draaiboek Parijs - Montargis Fleur 2024 (1).docx,Information about a tour 2026\Premium_ Parijs - Montargis v.v\old\Draaiboek Parijs - Montargis Fleur 2024 (1).docx,482,9,33076,
Draaiboek Parijs - Montargis Fleur 2024(1).docx,Information about a tour 2026\Premium_ Parijs - Montargis v.v\old\Draaiboek Parijs - Montargis Fleur 2024(1).docx,458,8,26044,
Draaiboek Parijs-Montargis 2026.docx,Information about a tour 2026\Premium_ Parijs - Montargis v.v\old\Draaiboek Parijs-Montargis 2026.docx,238,8,32105,
Amsterdam geschiedenis.docx,Information about a tour 2026\Premium_ Tulip tour 5-days\Toeristische informatie\Amsterdam geschiedenis.docx,90,0,29140,
Amsterdam.docx,Information about a tour 2026\Premium_ Tulip tour 5-days\Toeristische informatie\Amsterdam.docx,142,0,25737,
Bloemenveiling Aalmeer.docx,Information about a tour 2026\Premium_ Tulip tour 5-days\Toeristische informatie\Bloemenveiling Aalmeer.docx,28,0,3585,
Bollenteelt.docx,Information about a tour 2026\Premium_ Tulip tour 5-days\Toeristische informatie\Bollenteelt.docx,19,1,4225,
Cruquius Museum.docx,Information about a tour 2026\Premium_ Tulip tour 5-days\Toeristische informatie\Cruquius Museum.docx,17,0,6185,
Draaiboek Tulp 5 premium 2023.docx,Information about a tour 2026\Premium_ Tulip tour 5-days\Toeristische informatie\Draaiboek Tulp 5 premium 2023.docx,153,5,10844,
Hansje Brinker.docx,Information about a tour 2026\Premium_ Tulip tour 5-days\Toeristische informatie\Hansje Brinker.docx,21,0,4418,
Hollandse waterlinie.docx,Information about a tour 2026\Premium_ Tulip tour 5-days\Toeristische informatie\Hollandse waterlinie.docx,30,0,6008,
Keukenhof.docx,Information about a tour 2026\Premium_ Tulip tour 5-days\Toeristische informatie\Keukenhof.docx,10,0,2592,
Nederland Waterland.docx,Information about a tour 2026\Premium_ Tulip tour 5-days\Toeristische informatie\Nederland Waterland.docx,11,0,3247,
Oude Wetering.docx,Information about a tour 2026\Premium_ Tulip tour 5-days\Toeristische informatie\Oude Wetering.docx,16,0,8371,
Rembrandt.docx,Information about a tour 2026\Premium_ Tulip tour 5-days\Toeristische informatie\Rembrandt.docx,91,0,37943,
Tulpomanie.docx,Information about a tour 2026\Premium_ Tulip tour 5-days\Toeristische informatie\Tulpomanie.docx,16,0,4649,
Verfmolen De Kat.docx,Information about a tour 2026\Premium_ Tulip tour 5-days\Toeristische informatie\Verfmolen De Kat.docx,18,2,8664,
Volendam - Broek -Amsterdam uitgebreid.docx,Information about a tour 2026\Premium_ Tulip tour 5-days\Toeristische informatie\Volendam - Broek -Amsterdam uitgebreid.docx,114,0,16112,
Zaanstreek.docx,Information about a tour 2026\Premium_ Tulip tour 5-days\Toeristische informatie\Zaanstreek.docx,2,1,2898,
2024 RS international info briefje.docx,Information about a tour 2026\RS_ Danube DB\old\2024 Operational Information - Danube\2024 RS international info briefje.docx,20,0,439,
Danube 3044-2024 Operations JJ version as of 9-Sep-24.docx,Information about a tour 2026\RS_ Danube DB\old\2024 Operational Information - Danube\Danube 3044-2024 Operations JJ version as of 9-Sep-24.docx,479,13,51607,
Danube Operational Sheet - by Jana and Nicole 28-Apr-26.docx,Information about a tour 2026\RS_ Danube DB\old\Danube Operational Sheet - by Jana and Nicole 28-Apr-26.docx,675,12,50808,
Danube Operational Sheet - updated by Ingrid and Jana 28-Aug-2025.docx,Information about a tour 2026\RS_ Danube DB\old\Danube Operational Sheet - updated by Ingrid and Jana 28-Aug-2025.docx,631,12,48827,
2026 Updated BBT Draaiboek RS Holl-Belg (pim).docx,Information about a tour 2026\RS_ Holland & België\Old\2026 Updated BBT Draaiboek RS Holl-Belg (pim).docx,397,14,68461,
Operational sheet Roadscholar RS Holland and Belgium 2024.docx,Information about a tour 2026\RS_ Holland & België\Old\Operational sheet Roadscholar RS Holland and Belgium 2024.docx,305,15,31522,
2024 Brief auto RS Tulip 2023.docx,Information about a tour 2026\RS_ Holland tulip tour\Archive\2024 Brief auto RS Tulip 2023.docx,22,0,582,
RS Tulip first departure.docx,Information about a tour 2026\RS_ Holland tulip tour\Archive\RS Tulip first departure.docx,244,8,18376,
RS Tulip second departure (2).docx,Information about a tour 2026\RS_ Holland tulip tour\Archive\RS Tulip second departure (2).docx,148,8,18222,
Afsluitdijk.docx,Information about a tour 2026\S&B_ 8-day Sail & Bike Tulip Tour\Toeristische informatie\Afsluitdijk.docx,31,0,10415,
Alkmaar geschiedenis.docx,Information about a tour 2026\S&B_ 8-day Sail & Bike Tulip Tour\Toeristische informatie\Alkmaar geschiedenis.docx,23,0,5118,
Amsterdam geschiedenis.docx,Information about a tour 2026\S&B_ 8-day Sail & Bike Tulip Tour\Toeristische informatie\Amsterdam geschiedenis.docx,90,0,29140,
Amsterdam.docx,Information about a tour 2026\S&B_ 8-day Sail & Bike Tulip Tour\Toeristische informatie\Amsterdam.docx,142,0,25737,
Bloemenveiling Aalmeer.docx,Information about a tour 2026\S&B_ 8-day Sail & Bike Tulip Tour\Toeristische informatie\Bloemenveiling Aalmeer.docx,28,0,3585,
Enkhuizen.docx,Information about a tour 2026\S&B_ 8-day Sail & Bike Tulip Tour\Toeristische informatie\Enkhuizen.docx,24,0,4744,
Flevopolders.docx,Information about a tour 2026\S&B_ 8-day Sail & Bike Tulip Tour\Toeristische informatie\Flevopolders.docx,22,0,5299,
Hortus Bulborum.docx,Information about a tour 2026\S&B_ 8-day Sail & Bike Tulip Tour\Toeristische informatie\Hortus Bulborum.docx,6,0,3849,
Marken.docx,Information about a tour 2026\S&B_ 8-day Sail & Bike Tulip Tour\Toeristische informatie\Marken.docx,56,0,17026,
Medemblik.docx,Information about a tour 2026\S&B_ 8-day Sail & Bike Tulip Tour\Toeristische informatie\Medemblik.docx,21,0,8411,
Tulpomanie.docx,Information about a tour 2026\S&B_ 8-day Sail & Bike Tulip Tour\Toeristische informatie\Tulpomanie.docx,16,0,4649,
Volendam stadswandeling .docx,Information about a tour 2026\S&B_ 8-day Sail & Bike Tulip Tour\Toeristische informatie\Volendam stadswandeling .docx,7,0,1420,
Volendam.docx,Information about a tour 2026\S&B_ 8-day Sail & Bike Tulip Tour\Toeristische informatie\Volendam.docx,27,0,10215,
Zaanse Schans.docx,Information about a tour 2026\S&B_ 8-day Sail & Bike Tulip Tour\Toeristische informatie\Zaanse Schans.docx,35,0,4463,
Zaanstreek.docx,Information about a tour 2026\S&B_ 8-day Sail & Bike Tulip Tour\Toeristische informatie\Zaanstreek.docx,2,1,2898,
Draaiboek SenB Tulip Leafde Fan Fryslan 2025 v2.docx,Information about a tour 2026\S&B_ 8-day Sail & Bike Tulip Tour\old\Draaiboek SenB Tulip Leafde Fan Fryslan 2025 v2.docx,325,9,25888,
Draaiboek Tulp S&B Amsterdam - Z.Schans 2024.docx,Information about a tour 2026\S&B_ 8-day Sail & Bike Tulip Tour\old\Draaiboek Tulp S&B Amsterdam - Z.Schans 2024.docx,278,8,21721,
Draaiboek Tulp SailZaanse Schans Amsterdam.docx,Information about a tour 2026\S&B_ 8-day Sail & Bike Tulip Tour\old\Draaiboek Tulp SailZaanse Schans Amsterdam.docx,235,8,20611,
Draaiboek Denemarken-Zweden Daarboek 3 juni 2024_.docx,Information about a tour 2026\S&B_ Denmark & Sweden DB\Old\Draaiboek Denemarken-Zweden Daarboek 3 juni 2024_.docx,350,9,47416,
Draaiboek Denmark-Sweden 2026.docx,Information about a tour 2026\S&B_ Denmark & Sweden DB\Old\Draaiboek Denmark-Sweden 2026.docx,513,13,50632,
Draaiboek Schema Denemarken - Zweden 2025.docx,Information about a tour 2026\S&B_ Denmark & Sweden DB\Old\Draaiboek Schema Denemarken - Zweden 2025.docx,290,13,37484,
Afsluitdijk.docx,Information about a tour 2026\S&B_ IJsselmeer & National Parks\Toeristische informatie\Afsluitdijk.docx,31,0,10415,
Amsterdam geschiedenis.docx,Information about a tour 2026\S&B_ IJsselmeer & National Parks\Toeristische informatie\Amsterdam geschiedenis.docx,90,0,29140,
Amsterdam.docx,Information about a tour 2026\S&B_ IJsselmeer & National Parks\Toeristische informatie\Amsterdam.docx,142,0,25737,
Enkhuizen.docx,Information about a tour 2026\S&B_ IJsselmeer & National Parks\Toeristische informatie\Enkhuizen.docx,24,0,4744,
Friesland uitgebreid.docx,Information about a tour 2026\S&B_ IJsselmeer & National Parks\Toeristische informatie\Friesland uitgebreid.docx,89,1,13558,
Gaasterland.docx,Information about a tour 2026\S&B_ IJsselmeer & National Parks\Toeristische informatie\Gaasterland.docx,31,1,7872,
Giethoorn.docx,Information about a tour 2026\S&B_ IJsselmeer & National Parks\Toeristische informatie\Giethoorn.docx,48,0,18581,
Harlingen.docx,Information about a tour 2026\S&B_ IJsselmeer & National Parks\Toeristische informatie\Harlingen.docx,46,0,12244,
IJburg.docx,Information about a tour 2026\S&B_ IJsselmeer & National Parks\Toeristische informatie\IJburg.docx,41,1,7426,
Kalenberg.docx,Information about a tour 2026\S&B_ IJsselmeer & National Parks\Toeristische informatie\Kalenberg.docx,6,0,1308,
Medemblik-Hoorn-Enkhuizen uitgebreid.docx,Information about a tour 2026\S&B_ IJsselmeer & National Parks\Toeristische informatie\Medemblik-Hoorn-Enkhuizen uitgebreid.docx,139,0,20802,
Muiden.docx,Information about a tour 2026\S&B_ IJsselmeer & National Parks\Toeristische informatie\Muiden.docx,30,0,3718,
Noordoostpolder.docx,Information about a tour 2026\S&B_ IJsselmeer & National Parks\Toeristische informatie\Noordoostpolder.docx,29,0,8404,
Rembrandt.docx,Information about a tour 2026\S&B_ IJsselmeer & National Parks\Toeristische informatie\Rembrandt.docx,91,0,37943,
Sloten.docx,Information about a tour 2026\S&B_ IJsselmeer & National Parks\Toeristische informatie\Sloten.docx,21,0,2377,
Texel.docx,Information about a tour 2026\S&B_ IJsselmeer & National Parks\Toeristische informatie\Texel.docx,51,0,15763,
Volendam stadswandeling .docx,Information about a tour 2026\S&B_ IJsselmeer & National Parks\Toeristische informatie\Volendam stadswandeling .docx,7,0,1420,
Volendam.docx,Information about a tour 2026\S&B_ IJsselmeer & National Parks\Toeristische informatie\Volendam.docx,27,0,10215,
Weerribben.docx,Information about a tour 2026\S&B_ IJsselmeer & National Parks\Toeristische informatie\Weerribben.docx,36,0,9830,
Zwartsluis.docx,Information about a tour 2026\S&B_ IJsselmeer & National Parks\Toeristische informatie\Zwartsluis.docx,13,0,2829,
Draaiboek S&B WaddenSea self guided 2025.docx,Information about a tour 2026\S&B_ Wadden Sea\Old\Draaiboek S&B WaddenSea self guided 2025.docx,413,8,24792,
Afsluitdijk.docx,Information about a tour 2026\S&B_ Wadden Sea\Toeristische informatie\Afsluitdijk.docx,31,0,10415,
Enkhuizen.docx,Information about a tour 2026\S&B_ Wadden Sea\Toeristische informatie\Enkhuizen.docx,24,0,4744,
Franeker.docx,Information about a tour 2026\S&B_ Wadden Sea\Toeristische informatie\Franeker.docx,28,0,15461,
Gaasterland.docx,Information about a tour 2026\S&B_ Wadden Sea\Toeristische informatie\Gaasterland.docx,31,1,7872,
Highlights Sail Bike wad geredigeerd.docx,Information about a tour 2026\S&B_ Wadden Sea\Toeristische informatie\Highlights Sail Bike wad geredigeerd.docx,235,0,25860,
Highlights Sail_geredigeerd.docx,Information about a tour 2026\S&B_ Wadden Sea\Toeristische informatie\Highlights Sail_geredigeerd.docx,235,0,25860,
Medemblik.docx,Information about a tour 2026\S&B_ Wadden Sea\Toeristische informatie\Medemblik.docx,21,0,8411,
Volendam stadswandeling .docx,Information about a tour 2026\S&B_ Wadden Sea\Toeristische informatie\Volendam stadswandeling .docx,7,0,1420,
Volendam.docx,Information about a tour 2026\S&B_ Wadden Sea\Toeristische informatie\Volendam.docx,27,0,10215,
Draaiboek Hanse Highlights SEMI 2026.docx,Information about a tour 2026\Semi-Guided_ Hansa Highlights\Draaiboek Hanse Highlights SEMI 2026.docx,256,8,27232,
Draaiboek Hansa Highlights.docx,Information about a tour 2026\Semi-Guided_ Hansa Highlights\Old\Draaiboek Hansa Highlights.docx,306,8,47905,
Draaiboek Hanse Highlights SEMI 2025(1).docx,Information about a tour 2026\Semi-Guided_ Hansa Highlights\Old\Draaiboek Hanse Highlights SEMI 2025(1).docx,304,8,43416,
Draaiboek Hanse Highlights SEMI 2025.docx,Information about a tour 2026\Semi-Guided_ Hansa Highlights\Old\Draaiboek Hanse Highlights SEMI 2025.docx,328,8,48993,
Airborne museum.docx,Information about a tour 2026\Semi-Guided_ Hansa Highlights\Toeristische informatie\Airborne museum.docx,26,2,5633,
Amsterdam - Rijn kanaal.docx,Information about a tour 2026\Semi-Guided_ Hansa Highlights\Toeristische informatie\Amsterdam - Rijn kanaal.docx,18,1,4584,
Arnhem (1).docx,Information about a tour 2026\Semi-Guided_ Hansa Highlights\Toeristische informatie\Arnhem (1).docx,29,0,5856,
Arnhem.docx,Information about a tour 2026\Semi-Guided_ Hansa Highlights\Toeristische informatie\Arnhem.docx,29,0,5856,
Bronkhorst (1).docx,Information about a tour 2026\Semi-Guided_ Hansa Highlights\Toeristische informatie\Bronkhorst (1).docx,8,0,1623,
Doesburg (1).docx,Information about a tour 2026\Semi-Guided_ Hansa Highlights\Toeristische informatie\Doesburg (1).docx,22,0,4271,
Doesburg.docx,Information about a tour 2026\Semi-Guided_ Hansa Highlights\Toeristische informatie\Doesburg.docx,22,0,4271,
Elburg (1).docx,Information about a tour 2026\Semi-Guided_ Hansa Highlights\Toeristische informatie\Elburg (1).docx,24,0,3773,
Flevopolders.docx,Information about a tour 2026\Semi-Guided_ Hansa Highlights\Toeristische informatie\Flevopolders.docx,22,0,5299,
Garderen (1).docx,Information about a tour 2026\Semi-Guided_ Hansa Highlights\Toeristische informatie\Garderen (1).docx,23,0,2099,
Garderen.docx,Information about a tour 2026\Semi-Guided_ Hansa Highlights\Toeristische informatie\Garderen.docx,23,0,2099,
Hanze verbond.docx,Information about a tour 2026\Semi-Guided_ Hansa Highlights\Toeristische informatie\Hanze verbond.docx,26,0,7125,
Harderwijk.docx,Information about a tour 2026\Semi-Guided_ Hansa Highlights\Toeristische informatie\Harderwijk.docx,20,0,2993,
Hattem.docx,Information about a tour 2026\Semi-Guided_ Hansa Highlights\Toeristische informatie\Hattem.docx,20,0,2815,
Hollandse waterlinie (1).docx,Information about a tour 2026\Semi-Guided_ Hansa Highlights\Toeristische informatie\Hollandse waterlinie (1).docx,30,0,6008,
Hollandse waterlinie.docx,Information about a tour 2026\Semi-Guided_ Hansa Highlights\Toeristische informatie\Hollandse waterlinie.docx,30,0,6008,
IJsel (1).docx,Information about a tour 2026\Semi-Guided_ Hansa Highlights\Toeristische informatie\IJsel (1).docx,13,0,3904,
Kampen (1).docx,Information about a tour 2026\Semi-Guided_ Hansa Highlights\Toeristische informatie\Kampen (1).docx,24,0,5235,
Nederrijn (1).docx,Information about a tour 2026\Semi-Guided_ Hansa Highlights\Toeristische informatie\Nederrijn (1).docx,16,0,3179,
Nederrijn.docx,Information about a tour 2026\Semi-Guided_ Hansa Highlights\Toeristische informatie\Nederrijn.docx,16,0,3179,
Noordoostpolder (1).docx,Information about a tour 2026\Semi-Guided_ Hansa Highlights\Toeristische informatie\Noordoostpolder (1).docx,29,0,8404,
Rembrandt (1).docx,Information about a tour 2026\Semi-Guided_ Hansa Highlights\Toeristische informatie\Rembrandt (1).docx,91,0,37943,
Rembrandt.docx,Information about a tour 2026\Semi-Guided_ Hansa Highlights\Toeristische informatie\Rembrandt.docx,91,0,37943,
Spakenburg en bunschoten (1).docx,Information about a tour 2026\Semi-Guided_ Hansa Highlights\Toeristische informatie\Spakenburg en bunschoten (1).docx,9,0,3803,
Spakenburg en bunschoten.docx,Information about a tour 2026\Semi-Guided_ Hansa Highlights\Toeristische informatie\Spakenburg en bunschoten.docx,9,0,3803,
Vecht Breukelen Loenen Weesp (1).docx,Information about a tour 2026\Semi-Guided_ Hansa Highlights\Toeristische informatie\Vecht Breukelen Loenen Weesp (1).docx,29,0,4583,
Veluwe (1).docx,Information about a tour 2026\Semi-Guided_ Hansa Highlights\Toeristische informatie\Veluwe (1).docx,70,0,15754,
Vorden (1).docx,Information about a tour 2026\Semi-Guided_ Hansa Highlights\Toeristische informatie\Vorden (1).docx,20,0,4090,
Weerribben.docx,Information about a tour 2026\Semi-Guided_ Hansa Highlights\Toeristische informatie\Weerribben.docx,36,0,9830,
Folder De 7 wonderen van Grenspark Groot Saeftinghe.docx,Information about a tour 2026\Semi-Guided_ Holland & België\Alternatives\Folder De 7 wonderen van Grenspark Groot Saeftinghe.docx,11,0,845,
Folder InHulst en achterland.docx,Information about a tour 2026\Semi-Guided_ Holland & België\Alternatives\Folder InHulst en achterland.docx,3,0,160,
Folder Museum Axel.docx,Information about a tour 2026\Semi-Guided_ Holland & België\Alternatives\Folder Museum Axel.docx,1,0,163,
Folder Museum Hulst.docx,Information about a tour 2026\Semi-Guided_ Holland & België\Alternatives\Folder Museum Hulst.docx,1,0,163,
Lovendegem - Sas van Gent Route info.docx,Information about a tour 2026\Semi-Guided_ Holland & België\Alternatives\Lovendegem - Sas van Gent Route info.docx,32,0,4841,
Lovendegem Kasteel.docx,Information about a tour 2026\Semi-Guided_ Holland & België\Alternatives\Lovendegem Kasteel.docx,10,0,1784,
Route Dag 4 Terneuzen - Antwerpen.docx,Information about a tour 2026\Semi-Guided_ Holland & België\Alternatives\Route Dag 4 Terneuzen - Antwerpen.docx,14,0,1029,
Sas van Gent Algemeen.docx,Information about a tour 2026\Semi-Guided_ Holland & België\Alternatives\Sas van Gent Algemeen.docx,52,0,11557,
Sas van Gent Plattegrond met info.docx,Information about a tour 2026\Semi-Guided_ Holland & België\Alternatives\Sas van Gent Plattegrond met info.docx,7,0,258,
Sas van Gent Rondje.docx,Information about a tour 2026\Semi-Guided_ Holland & België\Alternatives\Sas van Gent Rondje.docx,24,0,4426,
Terneuzen Kunst op de Boulevard.docx,Information about a tour 2026\Semi-Guided_ Holland & België\Alternatives\Terneuzen Kunst op de Boulevard.docx,5,0,230,
Terneuzen Stadswandeling ‘Spiekbriefje’.docx,Information about a tour 2026\Semi-Guided_ Holland & België\Alternatives\Terneuzen Stadswandeling ‘Spiekbriefje’.docx,14,0,2966,
Terneuzen Stadswandeling.docx,Information about a tour 2026\Semi-Guided_ Holland & België\Alternatives\Terneuzen Stadswandeling.docx,62,0,13442,
Draaiboek Adam - Brugge Fluvius 2024.docx,Information about a tour 2026\Semi-Guided_ Holland & België\old\Draaiboek Adam - Brugge Fluvius 2024.docx,311,8,38111,
Draaiboek Adam - Brugge Semi-Guided 2025.docx,Information about a tour 2026\Semi-Guided_ Holland & België\old\Draaiboek Adam - Brugge Semi-Guided 2025.docx,346,8,42221,
Draaiboek Brugge - Adam Semi-Guided 2025.docx,Information about a tour 2026\Semi-Guided_ Holland & België\old\Draaiboek Brugge - Adam Semi-Guided 2025.docx,320,8,37679,
Draaiboek Koblenz - Koblenz 2025 semi_.docx,Information about a tour 2026\Semi-Guided_ Koblenz-Koblenz\Old\Draaiboek Koblenz - Koblenz 2025 semi_.docx,296,8,42938,
Draaiboek Koblenz - Koblenz 2026.docx,Information about a tour 2026\Semi-Guided_ Koblenz-Koblenz\Old\Draaiboek Koblenz - Koblenz 2026.docx,522,10,46266,
Alkmaar geschiedenis.docx,C:\Users\MarcKuijn\OneDrive - Channel Cruises\Bureaublad\knooppunten-toolset_1\knooppunten-toolset\draaiboek test\Information about a tour 2026\Semi-Guided_ Northern Tour\Touristic information\Alkmaar geschiedenis.docx,,,,Package not found at 'C:\Users\MarcKuijn\OneDrive - Channel Cruises\Bureaublad\k
Amsterdam geschiedenis.docx,C:\Users\MarcKuijn\OneDrive - Channel Cruises\Bureaublad\knooppunten-toolset_1\knooppunten-toolset\draaiboek test\Information about a tour 2026\Semi-Guided_ Northern Tour\Touristic information\Amsterdam geschiedenis.docx,,,,Package not found at 'C:\Users\MarcKuijn\OneDrive - Channel Cruises\Bureaublad\k
Enkhuizen.docx,C:\Users\MarcKuijn\OneDrive - Channel Cruises\Bureaublad\knooppunten-toolset_1\knooppunten-toolset\draaiboek test\Information about a tour 2026\Semi-Guided_ Northern Tour\Touristic information\Enkhuizen.docx,,,,Package not found at 'C:\Users\MarcKuijn\OneDrive - Channel Cruises\Bureaublad\k
Franeker.docx,C:\Users\MarcKuijn\OneDrive - Channel Cruises\Bureaublad\knooppunten-toolset_1\knooppunten-toolset\draaiboek test\Information about a tour 2026\Semi-Guided_ Northern Tour\Touristic information\Franeker.docx,,,,Package not found at 'C:\Users\MarcKuijn\OneDrive - Channel Cruises\Bureaublad\k
Gaasterland.docx,C:\Users\MarcKuijn\OneDrive - Channel Cruises\Bureaublad\knooppunten-toolset_1\knooppunten-toolset\draaiboek test\Information about a tour 2026\Semi-Guided_ Northern Tour\Touristic information\Gaasterland.docx,,,,Package not found at 'C:\Users\MarcKuijn\OneDrive - Channel Cruises\Bureaublad\k
Harlingen.docx,C:\Users\MarcKuijn\OneDrive - Channel Cruises\Bureaublad\knooppunten-toolset_1\knooppunten-toolset\draaiboek test\Information about a tour 2026\Semi-Guided_ Northern Tour\Touristic information\Harlingen.docx,,,,Package not found at 'C:\Users\MarcKuijn\OneDrive - Channel Cruises\Bureaublad\k
Medemblik.docx,C:\Users\MarcKuijn\OneDrive - Channel Cruises\Bureaublad\knooppunten-toolset_1\knooppunten-toolset\draaiboek test\Information about a tour 2026\Semi-Guided_ Northern Tour\Touristic information\Medemblik.docx,,,,Package not found at 'C:\Users\MarcKuijn\OneDrive - Channel Cruises\Bureaublad\k
NOORDROUTE_toeristische info.docx,C:\Users\MarcKuijn\OneDrive - Channel Cruises\Bureaublad\knooppunten-toolset_1\knooppunten-toolset\draaiboek test\Information about a tour 2026\Semi-Guided_ Northern Tour\Touristic information\NOORDROUTE_toeristische info.docx,,,,Package not found at 'C:\Users\MarcKuijn\OneDrive - Channel Cruises\Bureaublad\k
Rembrandt.docx,C:\Users\MarcKuijn\OneDrive - Channel Cruises\Bureaublad\knooppunten-toolset_1\knooppunten-toolset\draaiboek test\Information about a tour 2026\Semi-Guided_ Northern Tour\Touristic information\Rembrandt.docx,,,,Package not found at 'C:\Users\MarcKuijn\OneDrive - Channel Cruises\Bureaublad\k
Texel.docx,C:\Users\MarcKuijn\OneDrive - Channel Cruises\Bureaublad\knooppunten-toolset_1\knooppunten-toolset\draaiboek test\Information about a tour 2026\Semi-Guided_ Northern Tour\Touristic information\Texel.docx,,,,Package not found at 'C:\Users\MarcKuijn\OneDrive - Channel Cruises\Bureaublad\k
Volendam stadswandeling .docx,C:\Users\MarcKuijn\OneDrive - Channel Cruises\Bureaublad\knooppunten-toolset_1\knooppunten-toolset\draaiboek test\Information about a tour 2026\Semi-Guided_ Northern Tour\Touristic information\Volendam stadswandeling .docx,,,,Package not found at 'C:\Users\MarcKuijn\OneDrive - Channel Cruises\Bureaublad\k
Volendam.docx,C:\Users\MarcKuijn\OneDrive - Channel Cruises\Bureaublad\knooppunten-toolset_1\knooppunten-toolset\draaiboek test\Information about a tour 2026\Semi-Guided_ Northern Tour\Touristic information\Volendam.docx,,,,Package not found at 'C:\Users\MarcKuijn\OneDrive - Channel Cruises\Bureaublad\k
"2.0 PD UPDATE JULI 24, Draaiboek Noordroute 2024.docx","Information about a tour 2026\Semi-Guided_ Northern Tour\old\2.0 PD UPDATE JULI 24, Draaiboek Noordroute 2024.docx",490,8,61880,
Draaiboek Noordroute 2025(1).docx,Information about a tour 2026\Semi-Guided_ Northern Tour\old\Draaiboek Noordroute 2025(1).docx,409,8,65722,
Draaiboek Noordroute 2025.docx,Information about a tour 2026\Semi-Guided_ Northern Tour\old\Draaiboek Noordroute 2025.docx,408,8,67725,
Draaiboek Zuidroute 2026 DAM-vs1-BK.docx,Information about a tour 2026\Semi-Guided_ Southern tour\Stadsplattegronden\Draaiboek Zuidroute 2026 DAM-vs1-BK.docx,460,8,56553,
Amsterdam geschiedenis.docx,Information about a tour 2026\Semi-Guided_ Southern tour\Toeristische informatie\Amsterdam geschiedenis.docx,90,0,29140,
Delft stadswandeling.docx,Information about a tour 2026\Semi-Guided_ Southern tour\Toeristische informatie\Delft stadswandeling.docx,6,0,1947,
Delft.docx,Information about a tour 2026\Semi-Guided_ Southern tour\Toeristische informatie\Delft.docx,63,0,17519,
Delfts blauw.docx,Information about a tour 2026\Semi-Guided_ Southern tour\Toeristische informatie\Delfts blauw.docx,49,0,15027,
Oudewater.docx,Information about a tour 2026\Semi-Guided_ Southern tour\Toeristische informatie\Oudewater.docx,24,0,9170,
Utrecht.docx,Information about a tour 2026\Semi-Guided_ Southern tour\Toeristische informatie\Utrecht.docx,74,0,27079,
Vecht Breukelen Loenen Weesp.docx,Information about a tour 2026\Semi-Guided_ Southern tour\Toeristische informatie\Vecht Breukelen Loenen Weesp.docx,29,0,4583,
Draaiboek Zuidroute 2025 ARK (1)(1).docx,Information about a tour 2026\Semi-Guided_ Southern tour\old\Draaiboek Zuidroute 2025 ARK (1)(1).docx,429,8,62413,
Draaiboek Zuidroute 2025 ARK (1).docx,Information about a tour 2026\Semi-Guided_ Southern tour\old\Draaiboek Zuidroute 2025 ARK (1).docx,429,8,62411,
Draaiboek Zuidroute 2025 ARK (2).docx,Information about a tour 2026\Semi-Guided_ Southern tour\old\Draaiboek Zuidroute 2025 ARK (2).docx,429,8,63834,
Draaiboek Zuidroute 2025 ARK.docx,Information about a tour 2026\Semi-Guided_ Southern tour\old\Draaiboek Zuidroute 2025 ARK.docx,392,8,53214,
Draaiboek Zuidroute 2025 DAM.docx,Information about a tour 2026\Semi-Guided_ Southern tour\old\Draaiboek Zuidroute 2025 DAM.docx,397,8,54936,
input basic sustainable talk English.docx,Information about a tour 2026\Sustainability Talk 2026 tourguides\English Version 2026\input basic sustainable talk English.docx,32,0,3580,
sustainable talk Claire d_etoile.docx,Information about a tour 2026\Sustainability Talk 2026 tourguides\English Version 2026\sustainable talk Claire d_etoile.docx,20,0,2467,
sustainable talk Flora.docx,Information about a tour 2026\Sustainability Talk 2026 tourguides\English Version 2026\sustainable talk Flora.docx,27,0,3249,
sustainable talk Fluvius.docx,Information about a tour 2026\Sustainability Talk 2026 tourguides\English Version 2026\sustainable talk Fluvius.docx,28,0,3350,
sustainable talk Gandalf.docx,Information about a tour 2026\Sustainability Talk 2026 tourguides\English Version 2026\sustainable talk Gandalf.docx,24,0,3029,
sustainable talk Lamar.docx,Information about a tour 2026\Sustainability Talk 2026 tourguides\English Version 2026\sustainable talk Lamar.docx,24,0,3082,
sustainable talk Lena Maria.docx,Information about a tour 2026\Sustainability Talk 2026 tourguides\English Version 2026\sustainable talk Lena Maria.docx,30,0,3541,
sustainable talk Princesse Royal.docx,Information about a tour 2026\Sustainability Talk 2026 tourguides\English Version 2026\sustainable talk Princesse Royal.docx,27,0,3354,
sustainable talk River Cruises Holding.docx,Information about a tour 2026\Sustainability Talk 2026 tourguides\English Version 2026\sustainable talk River Cruises Holding.docx,20,0,2865,
sustainable talk Sarah.docx,Information about a tour 2026\Sustainability Talk 2026 tourguides\English Version 2026\sustainable talk Sarah.docx,21,0,2655,
sustainable talk Tallship company Atlantis and Antiqua.docx,C:\Users\MarcKuijn\OneDrive - Channel Cruises\Bureaublad\knooppunten-toolset_1\knooppunten-toolset\draaiboek test\Information about a tour 2026\Sustainability Talk 2026 tourguides\English Version 2026\sustainable talk Tallship company Atlantis and Antiqua.docx,,,,Package not found at 'C:\Users\MarcKuijn\OneDrive - Channel Cruises\Bureaublad\k
