route_id,name,tour,program,day,option,language,match_status,source_row,day_desc,option_raw,target_km,diff_km,elev_m,confidence,applied
26883959|53899228,Test ride: Bruges 11 km ENG 2026,Holland and Belgium: The Best of Holland and Belgium,Bruges - Amsterdam,1,1,EN,ambiguous,73,Day 1: Bruges,Optie 1,11.0,0.16,39.7,Hoog,True
54779001|54779450,Volendam - Zaanse Schanse - Amsterdam (Minerva) 42km ENG,Holland: Northern Tour,Program: Northern Tour,2,1,EN,ambiguous,106,Day 2: Zaandam – Zaanse Schans – Alkmaar,Optie 1,44.0,0.67,126.5,Laag (niet toegepast),False
26773939|55469711,Amsterdam (Minerva) - Waterland (loop) 34 km ENG 2026,Holland: Southern Tour,Program: Southern Tour,7,1,EN,ambiguous,119,Day 7: Zaandam – Amsterdam,Optie 1,32.0,1.7,132.3,Redelijk,True
26921017|55195305,Schoonhoven - Oudewater - Utrecht 45 km / 28 mi ENG 2026,Netherlands: Amsterdam - Maastricht or v.v.,Program: Amsterdam - Maastricht,4,1,EN,ambiguous,140,Day 4: Heusden – Lith | Lith – Cuijck,Optie 1,40.0,4.63,113.9,Laag (niet toegepast),False
26921017|55195305,Schoonhoven - Oudewater - Utrecht 45 km / 28 mi ENG 2026,Netherlands: Amsterdam - Maastricht or v.v.,Program: Maastricht - Amsterdam,5,1,EN,ambiguous,149,Day 5: Cuijk – Oss | Oss – Heusden,Optie 1,40.0,4.63,113.9,Laag (niet toegepast),False
29010740|53844944|53899229,Bruges - Damme (loop) 22 km ENG 2026,France and Belgium: Paris - Bruges,Program: Bruges - Paris,1,1,EN,ambiguous,153,Day 1: Bruges,Optie 1,22.0,0.56,79.6,Hoog,True
26957550|53899240,Arleux - Havrincourt (via Vaucelles) 53 km ENG 2026,France and Belgium: Paris - Bruges,Program: Bruges - Paris,6,2,EN,ambiguous,158,Day 6: Arleux – Havrincourt,Optie 2,53.0,0.06,427.8,Hoog,True
29118252|53446538,Pont-Ste-Maxence - Compiègne 42 km ENG 2026,France and Belgium: Paris - Bruges,Program: Paris - Bruges,4,1,EN,ambiguous,171,Day 4: Pont-Ste.-Maxence – Compiègne,Optie 1,42.0,0.1,295.9,Hoog,True
,Volendam-Diemen 47 km DEU 2022,Holland: Best of Holland,Program: Best of Holland,2,2,DE,not_found,246,Day 2: Zaandam – Zaanse Schans – Beemster – Hoorn,Optie 2,51.0,4.24,152.8,Laag (niet toegepast),False
,Volendam-Diemen 39 km DEU 2022,Holland: Best of Holland,Program: Best of Holland,3,1,DE,not_found,247,Day 3: Hoorn – Volendam | Volendam – Marken (ferry) | Marken – Waterland – Weesp,Optie 1,39.0,3.71,138.5,Redelijk,True
,Schoonhoven - Alblasserdam - Rotterdam(Coolhaven) 32+3 km DEU 2022,Holland: Best of Holland,Program: Best of Holland,4,2,DE,not_found,248,Day 4: Utrecht – Schoonhoven | Schoonhoven – Dordrecht,Optie 2,53.0,2.1,205.9,Redelijk,True
,Rotterdam (Coolhaven) - Gouda 35 km DEU 2022,Holland: Best of Holland,Program: Best of Holland,5,1,DE,not_found,249,Day 5: Dordrecht – Alblasserdam (Waterbus) | Alblasserdam – Gouda,Optie 1,37.0,2.34,119.3,Redelijk,True
,Gouda - Oude Wetering 54 km DEU 2024,Holland: Best of Holland,Program: Best of Holland,5,2,DE,not_found,249,Day 5: Dordrecht – Alblasserdam (Waterbus) | Alblasserdam – Gouda,Optie 2,52.0,2.1,140.9,Redelijk,True
,Gouda - Oude Wetering 32 km DEU 2022,Holland: Best of Holland,Program: Best of Holland,6,1,DE,not_found,250,Day 6: Gouda – Leiden – Uithoorn,Optie 1,33.0,1.11,74.7,Redelijk,True
,Rotterdam (Coolhaven) - Gouda 50 km DEU 2022,Holland: Best of Holland,Program: Best of Holland,6,2,DE,not_found,250,Day 6: Gouda – Leiden – Uithoorn,Optie 2,52.0,1.93,149.8,Redelijk,True
,Waterland Rundtour (Buiksloterweg) 28 km DEU 2022,Holland: Best of Holland,Program: Best of Holland,7,1,DE,not_found,251,Day 7: Uithoorn – Amsterdam,Optie 1,26.0,1.67,88.4,Laag (niet toegepast),False
,Amsterdam (Minerva) - Haarlem - Amsterdam (Minerva) 50 km DEU 2024,Holland: Tulip Tour 5 days,Tulip 5 day 2027,3,1,DE,not_found,320,Day 3: Haarlem - Alkmaar,Optie 1,50.0,0.25,185.2,Hoog,True
29010740|53844944|53899229,Bruges - Damme (loop) 22 km ENG 2026,Holland and Belgium Relax Tour - 11 days,Amsterdam - Bruges,9,1,EN,ambiguous,339,Day 9: Ghent – Bruges,Optie 1,22.0,0.56,79.6,Hoog,True
26883959|53899228,Test ride: Bruges 11 km ENG 2026,Holland and Belgium Relax Tour - 11 days,Bruges - Amsterdam,1,1,EN,ambiguous,342,Day 1: Bruges,Optie 1,11.0,0.16,39.7,Hoog,True
27138290|54994027,Hoorn - Enkhuizen (via coast) 26 km ENG 2026,Sail and Bike IJsselmeer + National Parks,Program: IJsselmeer + National parks,3,1,EN,ambiguous,451,Day 3: Hoorn – Enkhuizen | Enkhuizen – Urk,Optie 1,26.0,0.04,61.3,Hoog,True
,Amsterdam (Minerva) - Haarlem - Amsterdam (Minerva) 50 km DEU 2024,Holland: 5-day Tulip Tour Premium,5-day Tulip tour Premium,3,1,DE,not_found,677,Day 3: Haarlem - Alkmaar,Optie 1,50.0,0.25,185.2,Hoog,True
53657693|55429032,Rüdesheim - Mainz 34 km DEU 2026,Cochem - Aschaffenburg or v.v.,Program: Cochem - Aschaffenburg,5,1,DE,ambiguous,972,Day 5: Rüdesheim (Bingen) – Mainz,Optie 1,35.0,1.04,196.1,Redelijk,True
,Remagen - Koblenz 44 km DEU 2023,Netherlands & Germany: Amsterdam - Cochem Premium,Program: Amsterdam - Cochem,6,1,DE,not_found,1240,Day 6: Bonn – Remagen | Remagen – Koblenz,Optie 1,44.0,0.05,191.8,Hoog,True
44936799|53451895,Meaux - La Ferté 52 km ENG 2026,France: 8d Paris – Epernay or v.v.,Epernay - Paris,5,2,EN,ambiguous,1513,Day 5: La Ferté-sous-Jouarre – Meaux,Optie 2,52.0,0.33,661.2,Hoog,True
44936799|53451895,Meaux - La Ferté 52 km ENG 2026,France: 8d Paris – Epernay or v.v.,Paris - Soissons,6,1,EN,ambiguous,1522,Day 6: Compiègne – Soissons,Optie 1,50.0,1.67,661.2,Laag (niet toegepast),False
44936799|53451895,Meaux - La Ferté 52 km ENG 2026,France: 8d Paris – Epernay or v.v.,Soissons - Paris,3,1,EN,ambiguous,1527,Day 3: Soissons – Compiègne,Optie 1,50.0,1.67,661.2,Laag (niet toegepast),False
53657693|55429032,Rüdesheim - Mainz 34 km DEU 2026,Rhine and Moselle: Koblenz – Koblenz,Program: Koblenz - Koblenz 2027,4,1,DE,ambiguous,1544,Day 4: Mainz – St. Goar | St. Goar – Oberlahnstein,Optie 1,30.0,3.56,187.3,Redelijk,True
,Akersloot - De Rijp - Schermerhoorn - Akersloot ENG 2024,Springtime Tour: Tulips and Dutch Highlights,Program: Springtime Semi-Guided,5,1,EN,not_found,1569,Day 5: Alkmaar – Zaandam | Zaandam - Haarlem,Optie 1,38.0,0.2,109.5,Laag (niet toegepast),False
29010740|53844944|53899229,Bruges - Damme (loop) 22 km ENG 2026,Through Flanders Fields and along the Somme,Program Bruges - Abbeville,1,1,EN,ambiguous,1586,Day 1: Bruges,Optie 1,22.0,0.44,64.2,Hoog,True
49271812|53899230,Moerbrugge - Deinze 47 km ENG 2026,Through Flanders Fields and along the Somme,Program Bruges - Abbeville,2,1,EN,ambiguous,1587,Day 2: Bruges – Moerbrugge | Moerbrugge – Deinze,Optie 1,47.0,0.43,214.4,Hoog,True
49284930|53899231,Moerbrugge - Deinze 58 km ENG 2026,Through Flanders Fields and along the Somme,Program Bruges - Abbeville,2,2,EN,ambiguous,1587,Day 2: Bruges – Moerbrugge | Moerbrugge – Deinze,Optie 2,58.0,0.05,278.7,Hoog,True
49272340|53899233,Waregem - Kortrijk - Menen 52 km ENG 2026,Through Flanders Fields and along the Somme,Program Bruges - Abbeville,3,2,EN,ambiguous,1588,Day 3: Deinze – Waregem | Waregem – Kortrijk – Menen,Optie 2,52.0,0.21,257.0,Hoog,True
45443829|53899234,Menen - Lille 36 km ENG 2026,Through Flanders Fields and along the Somme,Program Bruges - Abbeville,4,1,EN,ambiguous,1589,Day 4: Menen – Lille,Optie 1,36.0,0.41,148.6,Hoog,True
49272396|53899235,Menen - Lille (via Tyne Cot) 58 km ENG 2026,Through Flanders Fields and along the Somme,Program Bruges - Abbeville,4,2,EN,ambiguous,1589,Day 4: Menen – Lille,Optie 2,58.0,0.28,301.9,Hoog,True
49290379|53899236,Don - Arleux (via Lewarde) 51 km ENG 2026,Through Flanders Fields and along the Somme,Program Bruges - Abbeville,5,1,EN,ambiguous,1590,Day 5: Lille – Don | Don – Arleux,Optie 1,51.0,0.4,229.1,Hoog,True
49290310|53899237,Don - Arleux (via Lens) 56 km ENG 2026,Through Flanders Fields and along the Somme,Program Bruges - Abbeville,5,2,EN,ambiguous,1590,Day 5: Lille – Don | Don – Arleux,Optie 2,56.0,0.32,284.2,Hoog,True
41409908|53899239,Arleux - Havrincourt (via Masnière) 41 km ENG 2026,Through Flanders Fields and along the Somme,Program Bruges - Abbeville,6,1,EN,ambiguous,1591,Day 6: Arleux – Havrincourt,Optie 1,41.0,0.3,274.3,Hoog,True
26957550|53899240,Arleux - Havrincourt (via Vaucelles) 53 km ENG 2026,Through Flanders Fields and along the Somme,Program Bruges - Abbeville,6,2,EN,ambiguous,1591,Day 6: Arleux – Havrincourt,Optie 2,53.0,0.14,426.0,Hoog,True
49290474|53899241,Ytres - Péronne - Cappy 46 km ENG 2026,Through Flanders Fields and along the Somme,Program Bruges - Abbeville,7,1,EN,ambiguous,1592,Day 7: Havrincourt – Ytres | Ytres – Cappy,Optie 1,46.0,0.27,311.9,Hoog,True
49290619|53899242,Cappy - Corbie 44 km ENG 2026,Through Flanders Fields and along the Somme,Program Bruges - Abbeville,8,1,EN,ambiguous,1593,Day 8: Cappy – Corbie,Optie 1,44.0,0.42,336.6,Hoog,True
49290631|53899243,Cappy - Corbie (via Thiepval) 54 km ENG 2026,Through Flanders Fields and along the Somme,Program Bruges - Abbeville,8,2,EN,ambiguous,1593,Day 8: Cappy – Corbie,Optie 2,54.0,0.11,423.5,Hoog,True
49293254|53899244,Corbie - Amiens 29 km ENG 2026,Through Flanders Fields and along the Somme,Program Bruges - Abbeville,9,1,EN,ambiguous,1594,Day 9: Corbie – Amiens,Optie 1,29.0,0.1,218.1,Hoog,True
49296021|53899245,Corbie - Amiens (via Moreuil) 53 km ENG 2026,Through Flanders Fields and along the Somme,Program Bruges - Abbeville,9,2,EN,ambiguous,1594,Day 9: Corbie – Amiens,Optie 2,53.0,0.07,446.9,Hoog,True
49295951|53899248,Samara - Long 39 km ENG 2026,Through Flanders Fields and along the Somme,Program Bruges - Abbeville,11,1,EN,ambiguous,1596,Day 11: Amiens – Samara,Optie 1,42.0,4.0,390.0,Redelijk,True
49293250|53899247,Amiens - Samara 51 km ENG 2026,Through Flanders Fields and along the Somme,Program Bruges - Abbeville,11,2,EN,ambiguous,1596,Day 11: Amiens – Samara,Optie 2,51.0,0.44,302.0,Hoog,True
49940703|53899246,Amiens - Samara 42 km ENG 2026,Through Flanders Fields and along the Somme,Program Bruges - Abbeville,12,1,EN,ambiguous,1597,Day 12: Samara – La Breilloire Breilloire – Long,Optie 1,39.0,2.96,273.1,Redelijk,True
49977604|53899250,Long - Abbeville 57 km ENG 2026,Through Flanders Fields and along the Somme,Program Bruges - Abbeville,13,1,EN,ambiguous,1598,Day 13: Long – Abbeville,Optie 1,57.0,0.52,371.7,Hoog,True
49940887|53899204|53899251,Abbeville - Saint-Valery (loop) 47 km ENG 2026,Through Flanders Fields and along the Somme,Program Bruges - Abbeville,14,1,EN,ambiguous,1599,Day 14: Abbeville – Saint-Valéry-sur-Somme – Abbeville,Optie 1,47.0,0.3,296.4,Hoog,True
49297091|53899205|53899252,Abbeville - Saint-Valery (loop) 68 km ENG 2026,Through Flanders Fields and along the Somme,Program Bruges - Abbeville,14,2,EN,ambiguous,1599,Day 14: Abbeville – Saint-Valéry-sur-Somme – Abbeville,Optie 2,68.0,0.07,360.7,Hoog,True
49940887|53899204|53899251,Abbeville - Saint-Valery (loop) 47 km ENG 2026,Through Flanders Fields and along the Somme,Program Abbeville - Bruges,2,1,EN,ambiguous,1602,Day 2: Abbeville – Saint-Valéry-sur-Somme – Abbeville,Optie 1,47.0,0.3,296.4,Hoog,True
49297091|53899205|53899252,Abbeville - Saint-Valery (loop) 68 km ENG 2026,Through Flanders Fields and along the Somme,Program Abbeville - Bruges,2,2,EN,ambiguous,1602,Day 2: Abbeville – Saint-Valéry-sur-Somme – Abbeville,Optie 2,68.0,0.07,360.7,Hoog,True
50029518|53899206,Abbeville - Long 57 km ENG 2026,Through Flanders Fields and along the Somme,Program Abbeville - Bruges,3,1,EN,ambiguous,1603,Day 3: Abbeville – Long,Optie 1,57.0,0.54,375.7,Hoog,True
50029634|53899208,Long - Samara 39 km ENG 2026,Through Flanders Fields and along the Somme,Program Abbeville - Bruges,4,1,EN,ambiguous,1604,Day 4: Long – La Breilloire | La Breilloire – Samara,Optie 1,39.0,0.49,358.8,Hoog,True
50029821|53899209,Samara - Amiens 16 km ENG 2026,Through Flanders Fields and along the Somme,Program Abbeville - Bruges,5,1,EN,ambiguous,1605,Day 5: Samara – Amiens,Optie 1,16.0,0.39,87.5,Hoog,True
50029963|53899210,Amiens - Corbie 28 km ENG 2026,Through Flanders Fields and along the Somme,Program Abbeville - Bruges,6,1,EN,ambiguous,1606,Day 6: Amiens – Corbie,Optie 1,28.0,0.02,213.5,Hoog,True
50029949|53899211,Amiens - Corbie (via Moreuil) 52 km ENG 2026,Through Flanders Fields and along the Somme,Program Abbeville - Bruges,6,2,EN,ambiguous,1606,Day 6: Amiens – Corbie,Optie 2,52.0,0.08,448.0,Hoog,True
50030734|53899212,Corbie - Cappy 44 km ENG 2026,Through Flanders Fields and along the Somme,Program Abbeville - Bruges,7,1,EN,ambiguous,1607,Day 7: Corbie – Cappy,Optie 1,44.0,0.2,343.5,Hoog,True
50030721|53899213,Corbie - Cappy (via Thiepval) 54 km ENG 2026,Through Flanders Fields and along the Somme,Program Abbeville - Bruges,7,2,EN,ambiguous,1607,Day 7: Corbie – Cappy,Optie 2,54.0,0.25,431.8,Hoog,True
50030812|53899214,Frise - Péronne - Ytres 41 km ENG 2026,Through Flanders Fields and along the Somme,Program Abbeville - Bruges,8,1,EN,ambiguous,1608,Day 8: Cappy – Péronne – Havrincourt,Optie 1,41.0,0.37,333.5,Redelijk,True
49434555|53899215,Havrincourt - Douai 47 km ENG 2026,Through Flanders Fields and along the Somme,Program Abbeville - Bruges,9,1,EN,ambiguous,1609,Day 9: Havrincourt – Douai,Optie 1,47.0,0.18,234.5,Hoog,True
50031097|53899216,Havrincourt - Cambrai - Douai 61 km ENG 2026,Through Flanders Fields and along the Somme,Program Abbeville - Bruges,9,2,EN,ambiguous,1609,Day 9: Havrincourt – Douai,Optie 2,61.0,0.24,328.8,Hoog,True
50031485|53899217,Douai - Lille 50 km ENG 2026,Through Flanders Fields and along the Somme,Program Abbeville - Bruges,10,1,EN,ambiguous,1610,Day 10: Douai – Lille,Optie 1,50.0,0.16,209.1,Hoog,True
50031384|53899218,Douai - Lille (via Lens) 65 km ENG 2026,Through Flanders Fields and along the Somme,Program Abbeville - Bruges,10,2,EN,ambiguous,1610,Day 10: Douai – Lille,Optie 2,65.0,0.32,306.7,Hoog,True
50040474|53899219,Comines - Kortrijk - Harelbeke 39 km ENG 2026,Through Flanders Fields and along the Somme,Program Abbeville - Bruges,12,1,EN,ambiguous,1612,Day 12: Lille – Comines | Comines – Kortrijk – Harelbeke,Optie 1,39.0,0.23,179.3,Hoog,True
50032598|53899221,Comines - Kortrijk - Harelbeke (via Tyne Cot) 53 km ENG 2026,Through Flanders Fields and along the Somme,Program Abbeville - Bruges,12,2,EN,ambiguous,1612,Day 12: Lille – Comines | Comines – Kortrijk – Harelbeke,Optie 2,53.0,0.27,269.8,Hoog,True
49440887|53899222,Harelbeke - Oudenaarde - Deinze 57 km ENG 2026,Through Flanders Fields and along the Somme,Program Abbeville - Bruges,13,1,EN,ambiguous,1613,Day 13: Harelbeke – Deinze,Optie 1,57.0,0.4,310.4,Hoog,True
49434614|53899223,Deinze - Bruges 46 km ENG 2026,Through Flanders Fields and along the Somme,Program Abbeville - Bruges,14,1,EN,ambiguous,1614,Day 14: Deinze – Bruges,Optie 1,46.0,0.15,222.5,Hoog,True
49434619|53899224,Deinze - Bruges 63 km ENG 2026,Through Flanders Fields and along the Somme,Program Abbeville - Bruges,14,2,EN,ambiguous,1614,Day 14: Deinze – Bruges,Optie 2,63.0,0.02,298.2,Hoog,True
55680104|55915923,Tholen - Antwerpen 55km DEU 2026,Through Europe’s Heartland: between Amsterdam and Paris,Tour program: Amsterdam - Paris,4,1,DE,ambiguous,1620,Day 4: Into Belgium – Willemstad to Antwerp,Optie 1,56.0,2.67,267.4,Laag (niet toegepast),False
53846187|53853120,Bruges - Damme (loop) 22 km DEU 2026,Through Europe’s Heartland: between Amsterdam and Paris,Tour program: Amsterdam - Paris,7,1,DE,ambiguous,1623,Day 7: Into Bruges – Ghent to Bruges,Optie 1,22.0,0.41,83.0,Hoog,True
53846187|53853120,Bruges - Damme (loop) 22 km DEU 2026,Through Europe’s Heartland: between Amsterdam and Paris,Tour Program: Paris - Amsterdam,6,1,DE,ambiguous,1634,Day 6: Crossing borders – Antwerp to Dordrecht,Optie 1,22.0,0.41,83.0,Laag (niet toegepast),False
53677237|53851702,Dordrecht // Alblasserdam - Kinderdijk - Schoonhoven 32 km DEU 2026,Through Europe’s Heartland: between Amsterdam and Paris,Tour Program: Paris - Amsterdam,7,1,DE,ambiguous,1635,Day 7: Windmills and silversmiths – Dordrecht to Schoonhoven,Optie 1,32.0,0.4,84.3,Hoog,True
53437609|53516736|53516818,Day 4 (2/2): Luxor East Bank,Egypt & The Nile – A Journey to Ancient wonders,Egypt & The Nile,4,1,,ambiguous,1656,Day 4: Luxor East Bank,Optie 1,26.0,3.62,60.2,Redelijk,True
53437785|53516737|53516827,Day 5: Luxor – Esna,Egypt & The Nile – A Journey to Ancient wonders,Egypt & The Nile,5,1,,ambiguous,1657,Day 5: Luxor – Esna,Optie 1,51.0,0.59,185.6,Hoog,True
53437928|53516738|53516836,Day 6: Kom Ombo & Aswan,Egypt & The Nile – A Journey to Ancient wonders,Egypt & The Nile,6,1,,ambiguous,1658,Day 6: Kom Ombo & Aswan,Optie 1,31.0,2.18,166.5,Redelijk,True
53438029|53516742|53517245,Day 9 (1/2): Luxor West Bank,Egypt & The Nile – A Journey to Ancient wonders,Egypt & The Nile,7,1,,ambiguous,1659,Day 7: Aswan & Philae Temple,Optie 1,35.0,3.25,172.4,Laag (niet toegepast),False
53437978|53516741|53516851,Day 8: Edfu & Monastic Heritage,Egypt & The Nile – A Journey to Ancient wonders,Egypt & The Nile,8,1,,ambiguous,1660,Day 8: Edfu & Monastic Heritage,Optie 1,21.0,4.87,70.5,Redelijk,True
55380774|55616458,Tournon - La Voulte sur Rhône 47km ENG,France: Provence & the Rhône Valley,Lyon - Arles,2,1,EN,ambiguous,1709,Day 2: Along the Northern Rhône: Lyon – Chavanay – Tournon-sur-Rhône,Optie 1,45.0,2.16,209.8,Redelijk,True
54893821|55616457,Cote Rotie loop 37km (15km^ avg 3%),France: Provence & the Rhône Valley,Lyon - Arles,3,1,,ambiguous,1710,Day 3: ViaRhôna and  Ardèche Views: Tournon-sur-Rhône – La Voulte-sur-Rhône – Vi,Optie 1,40.0,2.51,659.6,Laag (niet toegepast),False
55617063|55617525,Tarascon – Pont du Gard – Avignon 57km ENG 2026,France: Provence & the Rhône Valley,Lyon - Arles,4,1,EN,ambiguous,1711,Day 4: Hilltop Villages and Rhône Wines: Viviers – Châteauneuf-du-Pape – Avignon,Optie 1,60.0,3.43,444.5,Laag (niet toegepast),False
54691556|55616447,Saint Etiennes des Sorts - Orange - Roquemare 35km ENG,France: Provence & the Rhône Valley,Lyon - Arles,5,1,EN,ambiguous,1712,Day 5: Avignon and Provençal Life: Avignon,Optie 1,40.0,4.39,229.7,Laag (niet toegepast),False
55505411|55616463,Tarascon - Chateau des Baux - Arles 54km,France: Provence & the Rhône Valley,Lyon - Arles,6,1,,ambiguous,1713,Day 6: Roman past at the Pont du Gard: Avignon – Pont du Gard – Tarascon,Optie 1,55.0,1.11,487.6,Laag (niet toegepast),False
55380990|55616459,Lamastre - La Voulte Sur Rhône (La Dolce Via) 66km ENG,France: Provence & the Rhône Valley,Lyon - Arles,7,2,EN,ambiguous,1714,Day 7: Van Gogh’s Provence: Tarascon – Arles,Optie 2,65.0,1.0,668.0,Laag (niet toegepast),False
55380990|55616459,Lamastre - La Voulte Sur Rhône (La Dolce Via) 66km ENG,France: Provence & the Rhône Valley,Arles - Lyon,2,2,EN,ambiguous,1717,Day 2: Van Gogh’s Provence: Arles – Tarascon,Optie 2,65.0,1.0,668.0,Laag (niet toegepast),False
55505411|55616463,Tarascon - Chateau des Baux - Arles 54km,France: Provence & the Rhône Valley,Arles - Lyon,3,1,,ambiguous,1718,Day 3: The Pont du Gard: Tarascon – Pont du Gard – Avignon,Optie 1,55.0,1.11,487.6,Laag (niet toegepast),False
55617063|55617525,Tarascon – Pont du Gard – Avignon 57km ENG 2026,France: Provence & the Rhône Valley,Arles - Lyon,3,2,EN,ambiguous,1718,Day 3: The Pont du Gard: Tarascon – Pont du Gard – Avignon,Optie 2,60.0,3.43,444.5,Redelijk,True
54893821|55616457,Cote Rotie loop 37km (15km^ avg 3%),France: Provence & the Rhône Valley,Arles - Lyon,4,1,,ambiguous,1719,Day 4: The Papal City: Avignon,Optie 1,40.0,2.51,659.6,Laag (niet toegepast),False
54691556|55616447,Saint Etiennes des Sorts - Orange - Roquemare 35km ENG,France: Provence & the Rhône Valley,Arles - Lyon,6,1,EN,ambiguous,1721,Day 6: Rhône or Ardèche: Viviers – La Voulte-sur-Rhône – Tournon-sur-Rhône,Optie 1,40.0,4.39,229.7,Laag (niet toegepast),False
55380774|55616458,Tournon - La Voulte sur Rhône 47km ENG,France: Provence & the Rhône Valley,Arles - Lyon,7,1,EN,ambiguous,1722,Day 7: Northern Rhône Wines: Tournon-sur-Rhône – Chavanay – Lyon,Optie 1,45.0,2.16,209.8,Redelijk,True
55191379|55487439,Oberwesel - Nierlahnstein 37km ENG,Rhine highlights between Koblenz and Duisburg,Koblenz - Duisburg - Koblenz,6,1,EN,ambiguous,1775,Day 6: In Beethoven's footsteps: Cologne – Bonn,Optie 1,38.0,0.52,289.4,Laag (niet toegepast),False
