route_id,name,stem,status
31540094,Aalter-Brug - Ghent (city) 26 km ENG 2026,aalter-brug - ghent (city),UNCOVERED
55695403,Aalterbrug - Brugge 40km ENG 2026,aalterbrug - brugge,UNCOVERED
28437321,Ablon - Melun 42 km ENG 2026,ablon - melun,UNCOVERED
53331783,Akersloot - Amsterdam (Oosterdok) 39 km ENG 2026,akersloot - amsterdam (oosterdok),UNCOVERED
50264683,Akersloot - Amsterdam (Oosterdok) (before 15 April) 43 km ENG 2026,akersloot - amsterdam (oosterdok) (before april),UNCOVERED
50264946,Akersloot - Amsterdam (Oosterdok) (before 15 April) 36 km ENG 2026,akersloot - amsterdam (oosterdok) (before april),UNCOVERED
54360761,Akersloot - Amsterdam (Oosterdok) (before 15 April) 36 km ENG 2026 (white label),akersloot - amsterdam (oosterdok) (before april) (white label),UNCOVERED
54360762,Akersloot - Amsterdam (Oosterdok) (before 15 April) 43 km ENG 2026 (white label),akersloot - amsterdam (oosterdok) (before april) (white label),UNCOVERED
54360760,Akersloot - Amsterdam (Oosterdok) 39 km ENG 2026 (white label),akersloot - amsterdam (oosterdok) (white label),UNCOVERED
54650013,Alblasserdam - Kinderdijk - Nieuwpoort (via Gouda) 47 km / 28 mi ENG 2026,alblasserdam - kinderdijk - nieuwpoort (via gouda) / mi,UNCOVERED
26548732,Alblasserdam - Kinderdijk - Schoonhoven (via Gouda) 45 km / 28 mi ENG 2026,alblasserdam - kinderdijk - schoonhoven (via gouda) / mi,UNCOVERED
55924785,Alf - Bernkastel Kues 49km ENG 2026 (traced),alf - bernkastel kues (traced),UNCOVERED
55992071,Alf - Bernkastel-Kues 48 km ENG 2026,alf - bernkastel-kues,UNCOVERED
55992660,Alf - Cochem 37 km ENG 2026,alf - cochem,UNCOVERED
29495469,Alken - Cochem (via Eltz) 33 km ENG 2026,alken - cochem (via eltz),UNCOVERED
55924749,Alken - Kobern - Winningen - Koblenz 25 km ENG 2025 (traced),alken - kobern - winningen - koblenz (traced),UNCOVERED
54596408,Alkmaar - Amsterdam (Buiksloterweg) 47 km ENG 2026,alkmaar - amsterdam (buiksloterweg),UNCOVERED
54609300,Alkmaar - Amsterdam (Buiksloterweg) (via Schermer) 51 km ENG 2026,alkmaar - amsterdam (buiksloterweg) (via schermer),UNCOVERED
54502072,Alkmaar - Amsterdam (Minerva) 46 km ENG 2026,alkmaar - amsterdam (minerva),UNCOVERED
54502069,Alkmaar - Amsterdam (Minerva) (via Schermer) 53 km ENG 2026,alkmaar - amsterdam (minerva) (via schermer),UNCOVERED
54502067,Alkmaar - Amsterdam (Minerva) (via Schermer) (before 15 April) 51 km ENG 2026,alkmaar - amsterdam (minerva) (via schermer) (before april),UNCOVERED
45160527,Alkmaar - Amsterdam (Oosterdok) 48 km ENG 2026,alkmaar - amsterdam (oosterdok),UNCOVERED
29179529,Alkmaar - Amsterdam (Oosterdok) (via Schermer) 54 km ENG 2026,alkmaar - amsterdam (oosterdok) (via schermer),UNCOVERED
53543790,Alkmaar - Amsterdam (Oosterdok) (via Schermer) (before 15 April) 53 km ENG 2026,alkmaar - amsterdam (oosterdok) (via schermer) (before april),UNCOVERED
54360763,Alkmaar - Amsterdam (Oosterdok) (via Schermer) (before 15 April) 53 km ENG 2026 (white label),alkmaar - amsterdam (oosterdok) (via schermer) (before april) (white label),UNCOVERED
54360759,Alkmaar - Amsterdam (Oosterdok) (via Schermer) 55 km ENG 2026 (white label),alkmaar - amsterdam (oosterdok) (via schermer) (white label),UNCOVERED
49098613,Alkmaar - Amsterdam (Oosterdok) (via Volendam) 63 km ENG 2026,alkmaar - amsterdam (oosterdok) (via volendam),UNCOVERED
54360764,Alkmaar - Amsterdam (Oosterdok) (via Volendam) 62 km ENG 2026 (white label),alkmaar - amsterdam (oosterdok) (via volendam) (white label),UNCOVERED
54360758,Alkmaar - Amsterdam (Oosterdok) 46 km ENG 2026 (white label),alkmaar - amsterdam (oosterdok) (white label),UNCOVERED
31327316,Alkmaar - Den Helder 53 km ENG 2026 (N),alkmaar - den helder (n),UNCOVERED
49133508,Alkmaar - Dunes (loop via Bergen & Egmond) 35 km ENG 2026,alkmaar - dunes (loop via bergen & egmond),UNCOVERED
49228113,Alkmaar - Dunes (loop via Bergen & Schoorl) 39 km ENG 2026 (N),alkmaar - dunes (loop via bergen & schoorl) (n),UNCOVERED
54360757,Alkmaar - Dunes (loop via Bergen & Schoorl) 39 km ENG 2026 (N) (white label),alkmaar - dunes (loop via bergen & schoorl) (n) (white label),UNCOVERED
49133472,"Alkmaar - Dunes (loop via Bergen, Schoorl & Egmond) 49 km ENG 2026","alkmaar - dunes (loop via bergen, schoorl & egmond)",UNCOVERED
49610230,Alkmaar - Egmond - Zaanse Schans 45km ENG 2025 via Hortus CUE,alkmaar - egmond - zaanse schans via hortus cue,UNCOVERED
49610229,Alkmaar - Heiloo - Zaanse Schans 33km ENG 2025 via Hortus,alkmaar - heiloo - zaanse schans via hortus,UNCOVERED
53535791,Alkmaar - Zaandam (via Egmond Binnen) 47 km ENG 2026,alkmaar - zaandam (via egmond binnen),UNCOVERED
49172310,Alkmaar - Zaandam (via Egmond) 52 km ENG 2026,alkmaar - zaandam (via egmond),UNCOVERED
49173252,Alkmaar - Zaandam (via Heiloo) 38 km ENG 2026,alkmaar - zaandam (via heiloo),UNCOVERED
53517551,Alkmaar - Zaandam (via Schermer) 43 km ENG 2026,alkmaar - zaandam (via schermer),UNCOVERED
54554549,Alkmaar - Zaanse Schans -  (via Schermer) (before 15 April) 42 km ENG 2026,alkmaar - zaanse schans - (via schermer) (before april),UNCOVERED
54563880,Alkmaar - Zaanse Schans - Amsterdam (Minerva) 45 km ENG 2026,alkmaar - zaanse schans - amsterdam (minerva),UNCOVERED
55915172,Alkmaar - Zaanse Schans - Amsterdam (Oosterdok) 50 km ENG 2026,alkmaar - zaanse schans - amsterdam (oosterdok),UNCOVERED
53517876,Alkmaar - Zaanse Schans - Zaandam (via Egmond Binnen) 46 km ENG 2026 ,alkmaar - zaanse schans - zaandam (via egmond binnen),UNCOVERED
31427203,Alkmaar - Zaanse Schans - Zaandam (via Egmond) 50 km ENG 2026,alkmaar - zaanse schans - zaandam (via egmond),UNCOVERED
31432899,Alkmaar - Zaanse Schans - Zaandam (via Heiloo) 37 km ENG 2026,alkmaar - zaanse schans - zaandam (via heiloo),UNCOVERED
53536935,Alkmaar - Zaanse Schans - Zaandam (via Schermer) 45 km ENG 2026,alkmaar - zaanse schans - zaandam (via schermer),UNCOVERED
53535441,Alkmaar - Zaanse Schans - Zaandam (via Schermer) (before 15 April) 48 km ENG 2026,alkmaar - zaanse schans - zaandam (via schermer) (before april),UNCOVERED
49094075,Alphen a/d Rijn - Gouda 40 km ENG 2026,alphen a/d rijn - gouda,UNCOVERED
49094310,Alphen a/d Rijn - Gouda 48 km ENG 2026,alphen a/d rijn - gouda,UNCOVERED
54360738,Alphen a/d Rijn - Kudelstaart 23 km ENG 2026 (white label),alphen a/d rijn - kudelstaart (white label),UNCOVERED
54360739,Alphen a/d Rijn - Kudelstaart 39 km ENG 2026 (white label),alphen a/d rijn - kudelstaart (white label),UNCOVERED
49094508,Alphen a/d Rijn - Oude Wetering 26 km ENG 2026,alphen a/d rijn - oude wetering,UNCOVERED
49094619,Alphen a/d Rijn - Oude Wetering 36 km ENG 2026,alphen a/d rijn - oude wetering,UNCOVERED
54360741,Alphen a/d Rijn - Oude Wetering 26 km ENG 2026 (white label),alphen a/d rijn - oude wetering (white label),UNCOVERED
54360742,Alphen a/d Rijn - Oude Wetering 36 km ENG 2026 (white label),alphen a/d rijn - oude wetering (white label),UNCOVERED
54360771,Alphen a/d Rijn - Uithoorn 26 km ENG 2026 (white label),alphen a/d rijn - uithoorn (white label),UNCOVERED
54360772,Alphen a/d Rijn - Uithoorn 36 km ENG 2026 (white label),alphen a/d rijn - uithoorn (white label),UNCOVERED
55781221,ALT: Alkmaar - Hoorn 32 km ENG 2026,alt: alkmaar - hoorn,UNCOVERED
55781293,ALT: Alkmaar - Hoorn 54 km ENG 2026,alt: alkmaar - hoorn,UNCOVERED
55781397,ALT: Alkmaar - Hoorn 47 km ENG 2026,alt: alkmaar - hoorn,UNCOVERED
55781407,ALT: Alkmaar - Hoorn 47 km ENG 2026 ,alt: alkmaar - hoorn,UNCOVERED
55781425,ALT: Alkmaar - Hoorn 54 km ENG 2026,alt: alkmaar - hoorn,UNCOVERED
55781432,ALT: Alkmaar - Hoorn 32 km ENG 2026 ,alt: alkmaar - hoorn,UNCOVERED
26537140,Amsterdam (Buiksloterweg) - Zaanse Schans 23 km ENG 2026,amsterdam (buiksloterweg) - zaanse schans,UNCOVERED
26769817,Amsterdam (Buiksloterweg) - Zaanse Schans 37 km ENG 2026,amsterdam (buiksloterweg) - zaanse schans,UNCOVERED
53994101,Amsterdam (Buiksloterweg) - Zaanse Schans - Zaandam 28 km ENG 2026,amsterdam (buiksloterweg) - zaanse schans - zaandam,UNCOVERED
55138421,Amsterdam (Hoxten) -Breukelen 36 km ENG 2026 ,amsterdam (hoxten) -breukelen,UNCOVERED
55140465,Amsterdam (Hoxton Hotel) - Breukelen   km ENG 2026 (copy),amsterdam (hoxton hotel) - breukelen km (copy),UNCOVERED
55140913, Amsterdam (Hoxton) - Breukelen - 47 km ENG 2026 (copy),amsterdam (hoxton) - breukelen - (copy),UNCOVERED
55140231,Amsterdam (Hoxton) - Breukelen km ENG 2026 ,amsterdam (hoxton) - breukelen km,UNCOVERED
50879561,Amsterdam (Minerva) - Haarlem - Zaandam 52 km ENG 2026,amsterdam (minerva) - haarlem - zaandam,UNCOVERED
54351790,Amsterdam (Minerva) - Haarlem - Zaandam 52 km ENG 2026,amsterdam (minerva) - haarlem - zaandam,UNCOVERED
42967423,"Amsterdam (Minerva) - Zaandam 8,5 km ENG 2026","amsterdam (minerva) - zaandam ,",UNCOVERED
54689400,Amsterdam (Ponthaven) - Zaanse Schans Loop 44km ENG,amsterdam (ponthaven) - zaanse schans loop,UNCOVERED
33567537,Antwerp - St. Amands 41 km ENG 2026,antwerp - st. amands,UNCOVERED
53518100,Antwerp - St. Amands 42 km ENG 2026 (X),antwerp - st. amands (x),UNCOVERED
53844940,Antwerp - St. Amands 42 km ENG 2026 (X),antwerp - st. amands (x),UNCOVERED
53702380,Antwerp - Terneuzen 64 km ENG 2026,antwerp - terneuzen,UNCOVERED
55708413,Antwerpen (loop city) 24km ENG 2026,antwerpen (loop city),UNCOVERED
55931255,Antwerpen - Kreekrak 41km ENG 2026,antwerpen - kreekrak,UNCOVERED
55915895,Antwerpen - St. Amands 39km ENG 2026,antwerpen - st. amands,UNCOVERED
55915884,Antwerpen - St. Amands (Kruibeke Ferry) 26 km ENG 2026,antwerpen - st. amands (kruibeke ferry),UNCOVERED
55930920,Antwerpen - Tholen 53km ENG 2026,antwerpen - tholen,UNCOVERED
38193639,Arcen - Roermond 49 km ENG 2026,arcen - roermond,UNCOVERED
55616828,Arles - Chateau du Beaux - Tarascon 54km ENG 2026,arles - chateau du beaux - tarascon,UNCOVERED
55616901,Arles - Tarascon 19km ENG 2026,arles - tarascon,UNCOVERED
55331502,Arleux - Havrincourt (via Canal & Vaucelles) 58 km ENG 2026,arleux - havrincourt (via canal & vaucelles),UNCOVERED
54975981,Arnhem - Millingen a.d. Rijn - Nijmegen - Arnhem 59km ENG,arnhem - millingen a.d. rijn - nijmegen - arnhem,UNCOVERED
55204253,Arnhem - Millingen a.d. Rijn - Nijmegen - Arnhem 59km ENG,arnhem - millingen a.d. rijn - nijmegen - arnhem,UNCOVERED
54976438,Arnhem - Tolkamer - Nijmegen - Arnhem 69km ENG,arnhem - tolkamer - nijmegen - arnhem,UNCOVERED
55204254,Arnhem - Tolkamer - Nijmegen - Arnhem 69km ENG,arnhem - tolkamer - nijmegen - arnhem,UNCOVERED
50554365,Aschach - Schlögen  26 km/16 mi ENG 2026,aschach - schlögen / mi,UNCOVERED
43310532,Aschaffenburg - Frankfurt 56 km ENG 2026,aschaffenburg - frankfurt,UNCOVERED
55569587,Asia to Kattendijkdok 1.1km ENG,asia to kattendijkdok .,UNCOVERED
55804412,Auxerre (loop) 12km ENG 2026 (T),auxerre (loop) (t),UNCOVERED
55804348,Auxerre (loop) (via Irancy & pelgrimsherberg) 52km ENG 2026 (T),auxerre (loop) (via irancy & pelgrimsherberg) (t),UNCOVERED
55804429,Auxerre - Joigny 35km ENG 2026 (T),auxerre - joigny (t),UNCOVERED
54691660,Avignon loop old city 29km ENG,avignon loop old city,UNCOVERED
55616448,Avignon loop old city 29km ENG,avignon loop old city,UNCOVERED
55312112,Bad Breisig - Winningen ENG 2026,bad breisig - winningen,UNCOVERED
55487419,Bad Breisig - Winningen ENG 2026,bad breisig - winningen,UNCOVERED
55487487,Bad Breisig - Winningen 36km ENG 2026,bad breisig - winningen,UNCOVERED
55924775,Bad Breisig - Winningen 36km ENG 2026 (traced),bad breisig - winningen (traced),UNCOVERED
54319437,Bamberg - Hassfurt - Schweinfurt 23 km ENG 2026,bamberg - hassfurt - schweinfurt,UNCOVERED
54343721,Bamberg - Hassfurt - Schweinfurt 59 km ENG 2026,bamberg - hassfurt - schweinfurt,UNCOVERED
54319470,Bamberg - Hassfurt - Schweinfurt 59 km ENG 2026 (new start),bamberg - hassfurt - schweinfurt (new start),UNCOVERED
54319357,Bamberg - Schweinfurt ENG 58 km,bamberg - schweinfurt,UNCOVERED
42684471,Bergen op Zoom - Kreekrak (east) 29 km ENG 2026,bergen op zoom - kreekrak (east),UNCOVERED
55992544,Bernkastel-Kues - Alf 49 km ENG 2026,bernkastel-kues - alf,UNCOVERED
54473490,Beverwijk - Alkmaar 36 km ENG 2026,beverwijk - alkmaar,UNCOVERED
54907238,Born - Eisden - Maastricht 45 km ENG 2026,born - eisden - maastricht,UNCOVERED
54907162,Born - Zutendaal - Maastricht 60km ENG 2026,born - zutendaal - maastricht,UNCOVERED
54360776,Breukelen - Amsterdam (Buiksloterweg) 38 km ENG 2026 (white label),breukelen - amsterdam (buiksloterweg) (white label),UNCOVERED
54360777,Breukelen - Amsterdam (Buiksloterweg) 47 km ENG 2026 (white label),breukelen - amsterdam (buiksloterweg) (white label),UNCOVERED
55377847,Breukelen - Amsterdam (Fort Uitermeer) 36km ENG 2026,breukelen - amsterdam (fort uitermeer),UNCOVERED
53844968,Breukelen - Amsterdam (Hoxten)  35 km ENG 2025,breukelen - amsterdam (hoxten),UNCOVERED
53844981,Breukelen - Amsterdam (Hoxten) 36 km ENG 2026,breukelen - amsterdam (hoxten),UNCOVERED
31571497,Breukelen - Amsterdam (Minervahaven) 50 km ENG 2026,breukelen - amsterdam (minervahaven),UNCOVERED
31571509,Breukelen - Amsterdam  (Minervahaven) 41 km ENG 2026,breukelen - amsterdam (minervahaven),UNCOVERED
47880725,Breukelen - Amsterdam (Minervahaven) 52 km ENG 2026,breukelen - amsterdam (minervahaven),UNCOVERED
55226763,Breukelen - Amsterdam (Tolhuis) 52 km ENG 2026,breukelen - amsterdam (tolhuis),UNCOVERED
45002540,Breukelen - Nigtevecht 17 km ENG 2026 (RS),breukelen - nigtevecht (rs),UNCOVERED
49760151,Breukelen - Utrecht 19 km ENG 2026 (ALT),breukelen - utrecht (alt),UNCOVERED
55806616,Breukelen - Utrecht (centrum)(EPR) 37km / 22mi ENG 2026,breukelen - utrecht (centrum)(epr) / 22mi,UNCOVERED
54311578,Breukelen - Zaandam 46 km ENG 2026,breukelen - zaandam,UNCOVERED
54311581,Breukelen - Zaandam 48 km ENG 2026,breukelen - zaandam,UNCOVERED
55376518,Bruges (city centre) - Lovendegem 41km ENG 2026,bruges (city centre) - lovendegem,UNCOVERED
55451592,Bruges - Blankenberge loop (50 km) ENG 2026,bruges - blankenberge loop ( ),UNCOVERED
53518103,Bruges - De Haan (loop) 51 km ENG 2026 (X),bruges - haan (loop) (x),UNCOVERED
53839173,Bruges - Lovendegem 41 km ENG 2026,bruges - lovendegem,UNCOVERED
55804437,Chablis (loop) 46km ENG 2026 (T),chablis (loop) (t),UNCOVERED
55618315,Chateau Neuf du Pape - Viviers 69km ENG 2026,chateau neuf du pape - viviers,UNCOVERED
55616445,Chavanay - Tournon 50km ENG 2026,chavanay - tournon,UNCOVERED
55991161,Cochem - Alf 31 km ENG 2026,cochem - alf,UNCOVERED
29303767,Cochem - Beilstein 10 km ENG 2026,cochem - beilstein,UNCOVERED
55924806,Cochem - Koblenz 51 km ENG 2026 (traced),cochem - koblenz (traced),UNCOVERED
19353605,Cologne - Bonn 39 km ENG 2026,cologne - bonn,UNCOVERED
54768540,Cologne - Bonn 36 km ENG 2026,cologne - bonn,UNCOVERED
53469343,Compiègne - Pont-Ste-Maxence 42 km ENG 2026,compiègne - pont-ste-maxence,UNCOVERED
38685281,Compiègne - Soissons 46 km ENG 2026,compiègne - soissons,UNCOVERED
26578715,Creil - Auvers-sur-Oise 54 km ENG 2026,creil - auvers-sur-oise,UNCOVERED
49206530,Cres - Martinšćica 28 km ENG 2026,cres - martinšćica,UNCOVERED
38193638,Cuijk - Arcen 56 km ENG 2026,cuijk - arcen,UNCOVERED
55174994,Cuijk - Arnhem 43km ENG 2026,cuijk - arnhem,UNCOVERED
54907421,Cuijk - Grave - Cuijk 43 km ENG 2026,cuijk - grave - cuijk,UNCOVERED
54906298,Cuijk - Groesbeek - Arnhem 47km ENG 2026,cuijk - groesbeek - arnhem,UNCOVERED
54907350,Cuijk - Groesbeek - Arnhem 44km ENG 2026,cuijk - groesbeek - arnhem,UNCOVERED
54907468,Cuijk - Groesbeek - Arnhem 47km ENG 2026,cuijk - groesbeek - arnhem,UNCOVERED
55205541,Cuijk - Groesbeek - Arnhem 47km ENG 2026,cuijk - groesbeek - arnhem,UNCOVERED
55025129,Cuijk - Groesbeek - Arnhem 47km ENG 2026LL,cuijk - groesbeek - arnhem 2026ll,UNCOVERED
55205561,Cuijk - Groesbeek - Nijmegen 30 km ENG 2026,cuijk - groesbeek - nijmegen,UNCOVERED
54907408,Cuijk - Kleve - Cuijk  55km ENG 2026,cuijk - kleve - cuijk,UNCOVERED
54907374,Cuijk - Kranenburg (D) - Nijmegen - Arnhem 53 km ENG 2026,cuijk - kranenburg (d) - nijmegen - arnhem,UNCOVERED
55205755,Cuijk - Kranenburg (D) - Nijmegen - Arnhem 53 km ENG 2026,cuijk - kranenburg (d) - nijmegen - arnhem,UNCOVERED
55205746,Cuijk - Kranenburg (D) - Nijmegen vlak 47km ENG 2026,cuijk - kranenburg (d) - nijmegen vlak,UNCOVERED
55108811,Cuijk - Lith  50 km ENG 2026 (alternative),cuijk - lith (alternative),UNCOVERED
54907277,Cuijk - Venlo 66km ENG 2026,cuijk - venlo,UNCOVERED
31563702,Cépoy - Neronville 39 km ENG 2026,cépoy - neronville,UNCOVERED
31563862,Cépoy - Neronville 46 km ENG 2026,cépoy - neronville,UNCOVERED
50553936,Danube Island - Tulln 34 km/21 mi ENG 2026,danube island - tulln / mi,UNCOVERED
50936907,Danube Island - Tulln 38 km/24 mi ENG 2026 (rain alternative),danube island - tulln / mi (rain alternative),UNCOVERED
53495025,Deinze - Ghent 41 km ENG 2026,deinze - ghent,UNCOVERED
31430994,Den Helder - Alkmaar 53 km ENG 2026,den helder - alkmaar,UNCOVERED
49578546,Den Helder - Anna Paulowna (loop) 51 km ENG 2026,den helder - anna paulowna (loop),UNCOVERED
54646546,Den Helder - Schoorl 40km ENG 2026,den helder - schoorl,UNCOVERED
54648486,Den Helder - Schoorl (via Anna Paulowna) 45 km ENG 2026,den helder - schoorl (via anna paulowna),UNCOVERED
41757947,Den Helder - Sint Maartensvlotbrug (via Anna Paulowna) 34 km ENG 2026,den helder - sint maartensvlotbrug (via anna paulowna),UNCOVERED
53522747,Den Helder - Sint Maartensvlotbrug (via coast) 27 km ENG 2026,den helder - sint maartensvlotbrug (via coast),UNCOVERED
49378071,"Den Helder: Ferry - Ship 2,1 km ENG 2026","den helder: ferry - ship ,",UNCOVERED
26560329,Denain - Tournai (via Marchiennes) 52 km ENG 2026,denain - tournai (via marchiennes),UNCOVERED
53518101,Dendermonde - Ghent (city) 39 km ENG 2026 (X),dendermonde - ghent (city) (x),UNCOVERED
53844941,Dendermonde - Ghent (city) 39 km ENG 2026 (X),dendermonde - ghent (city) (x),UNCOVERED
47414579,Dendermonde - Ghent city centre 44 km ENG 2024 (ALT),dendermonde - ghent city centre (alt),UNCOVERED
47414497,Dendermonde - Ghent city centre 38 km ENG 2025 [GPS only] ALT,dendermonde - ghent city centre alt,UNCOVERED
55226493,Deventer - Almen  - Zutphen 51km ENG 2026,deventer - almen - zutphen,UNCOVERED
55506259,Deventer - Hattem - Kampen 50km ENG 2026,deventer - hattem - kampen,UNCOVERED
55226999,Deventer - Olst - Veluwe - Zwolle 56 km ENG 2026,deventer - olst - veluwe - zwolle,UNCOVERED
55225388,Deventer - Raalte - Zwolle 66km ENG 2026,deventer - raalte - zwolle,UNCOVERED
55226473,Deventer - Twello/Bussloo - Zutphen 30 km ENG 2026,deventer - twello/bussloo - zutphen,UNCOVERED
55225358,Deventer - Wijhe - IJsseldal - Zwolle 47 km ENG 2026,deventer - wijhe - ijsseldal - zwolle,UNCOVERED
55240719,Deventer - Zwolle - Kampen 62km ENG 2026,deventer - zwolle - kampen,UNCOVERED
49182580,Doesburg - Deventer (via Zutphen) 45 km ENG 2026,doesburg - deventer (via zutphen),UNCOVERED
55240793,Doesburg - Doetinchem - Doesburg 43 km ENG 2026,doesburg - doetinchem - doesburg,UNCOVERED
55240810,Doesburg - Gaanderen - Doesburg 54 km ENG 2026,doesburg - gaanderen - doesburg,UNCOVERED
55225233,Doesburg - Ruurlo - Lochem 56 km ENG 2026,doesburg - ruurlo - lochem,UNCOVERED
55226971,Doesburg - Veluwezoom (Posbank) - Arnhem - 29km ENG 2026,doesburg - veluwezoom (posbank) - arnhem,UNCOVERED
55223830,Doesburg - Vorden - Lochem 44 km ENG 2026,doesburg - vorden - lochem,UNCOVERED
55226934,Doesburg - Westervoort - Arnhem 22km ENG 2026,doesburg - westervoort - arnhem,UNCOVERED
28962767,Doesburg - Zutphen 27 km ENG 2026,doesburg - zutphen,UNCOVERED
49672078,Don - Arleux (via Lens / Vimy) 65 km ENG 2026,don - arleux (via lens / vimy),UNCOVERED
53899238,Don - Arleux (via Lens / Vimy) 65 km ENG 2026,don - arleux (via lens / vimy),UNCOVERED
55376563,Dordrecht - Schoonhoven 32km ENG 2026,dordrecht - schoonhoven,UNCOVERED
55601964,Dordrecht - Schoonhoven 39 km ENG 2026,dordrecht - schoonhoven,UNCOVERED
55881352,Dordrecht - Schoonhoven 39km ENG 2026,dordrecht - schoonhoven,UNCOVERED
55915664,Dordrecht - Schoonhoven 32 km ENG 2026,dordrecht - schoonhoven,UNCOVERED
55915674,Dordrecht - Schoonhoven 39 km ENG 2026,dordrecht - schoonhoven,UNCOVERED
56138817,Dordrecht - Schoonhoven 26km ENG 2026,dordrecht - schoonhoven,UNCOVERED
56137621,Dordrecht - Schoonhoven (via Biesbosch) 48km ENG 2026,dordrecht - schoonhoven (via biesbosch),UNCOVERED
55693597,Dordrecht // Alblasserdam - Kinderdijk - Utrecht 69km ENG 2026,dordrecht // alblasserdam - kinderdijk - utrecht,UNCOVERED
51839345,Dordrecht // Alblasserdam - Kinderdijk - Vreeswijk 58 km ENG 2026,dordrecht // alblasserdam - kinderdijk - vreeswijk,UNCOVERED
19353670,Düsseldorf - Cologne 48 km ENG 2026,düsseldorf - cologne,UNCOVERED
54768558,Düsseldorf - Cologne 48 km ENG 2026,düsseldorf - cologne,UNCOVERED
47297291,Elburg - Harderwijk (via Veluwe) 48 km ENG 2026,elburg - harderwijk (via veluwe),UNCOVERED
54520817,Enkhuizen - Hoorn 22 km ENG 2026,enkhuizen - hoorn,UNCOVERED
38338686,Enkhuizen - Hoorn (via Blokker) 30 km ENG 2026,enkhuizen - hoorn (via blokker),UNCOVERED
28988081,Enkhuizen - Hoorn (via coast) 30 km ENG 2026,enkhuizen - hoorn (via coast),UNCOVERED
19544474,Enkhuizen - Medemblik (via coast) 24 km ENG 2026,enkhuizen - medemblik (via coast),UNCOVERED
54521020,Enkhuizen - Zaanse schans 54 km ENG 2026,enkhuizen - zaanse schans,UNCOVERED
53470020,Epernay - Dormans (high - challenging) 47 km ENG 2026,epernay - dormans (high - challenging),UNCOVERED
31570870,Epernay - Dormans (high) 38 km ENG 2026,epernay - dormans (high),UNCOVERED
31570944,Epernay - Mont St Pierre (low) 49 km ENG 2026,epernay - mont st pierre (low),UNCOVERED
28180519,Evry - Melun 29 km ENG 2026,evry - melun,UNCOVERED
55927110,Franeker - Harlingen (centre) 10km ENG 2026,franeker - harlingen (centre),UNCOVERED
55910163,Franeker - Kornwerderzand 28km ENG 2026,franeker - kornwerderzand,UNCOVERED
55929988,Franeker - Leeuwarden 25km ENG 2026,franeker - leeuwarden,UNCOVERED
43310508,Frankfurt - Mainz 40 km ENG 2026,frankfurt - mainz,UNCOVERED
49471564,Freudenberg – Aschaffenburg 52 km ENG 2026,freudenberg – aschaffenburg,UNCOVERED
55374250,Gent (city center) - Dendermonde 40km ENG 2026,gent (city center) - dendermonde,UNCOVERED
55192990,Gent (City) - Dendermonde (GPS-only) 38km ENG 2026,gent (city) - dendermonde (gps-only),UNCOVERED
44712837,"Ghent (city) - Evergem 8,0 km ENG 2026","ghent (city) - evergem ,",UNCOVERED
44712686,"Ghent (city) - Merelbeke 7,8 km ENG 2026","ghent (city) - merelbeke ,",UNCOVERED
53844942,"Ghent (city) - Merelbeke 7,7 km ENG 2026","ghent (city) - merelbeke ,",UNCOVERED
29529920,Ghent (Evergem) - Bruges 45 km ENG 2026,ghent (evergem) - bruges,UNCOVERED
53518107,Ghent (Evergem) - Bruges 44 km ENG 2026 (X),ghent (evergem) - bruges (x),UNCOVERED
45432938,Ghent (Evergem) - Deinze 31 km ENG 2024,ghent (evergem) - deinze,UNCOVERED
31620647,Ghent (Evergem) - Oudenaarde 45 km ENG 2024,ghent (evergem) - oudenaarde,UNCOVERED
34543148,Ghent (Evergem) - Oudenaarde 50 km ENG 2024,ghent (evergem) - oudenaarde,UNCOVERED
29011637,Ghent (Lovendegem) - Bruges (via Aalter-Brug) 41 km ENG 2026,ghent (lovendegem) - bruges (via aalter-brug),UNCOVERED
31594931,Ghent (Merelbeke) - Ghent  Centre - Oudenaarde 52 km ENG 2025,ghent (merelbeke) - ghent centre - oudenaarde,UNCOVERED
41402896,Ghent (Merelbeke) - Oudenaarde (via Deinze) 48 km ENG 2026,ghent (merelbeke) - oudenaarde (via deinze),UNCOVERED
41402920,Ghent (Merelbeke) - Oudenaarde (via Gavere) 32 km ENG 2026,ghent (merelbeke) - oudenaarde (via gavere),UNCOVERED
26889857,Ghent (Merelbeke) - St Amands 51 km ENG 2026,ghent (merelbeke) - st amands,UNCOVERED
50110516,"Gouda (city) - Gouda (Julianasluis) 2,5 km / 1,6 mi ENG 2026","gouda (city) - gouda (julianasluis) , / , mi",UNCOVERED
54360740,Gouda - Kudelstaart 47 km ENG 2026 (white label),gouda - kudelstaart (white label),UNCOVERED
53324046,Gouda - Oude Wetering 50 km ENG 2026,gouda - oude wetering,UNCOVERED
54360743,Gouda - Oude Wetering 50 km ENG 2026 (white label),gouda - oude wetering (white label),UNCOVERED
55073515,Gouda - Uithoorn (via Nieuweveen) 49 km ENG 2026,gouda - uithoorn (via nieuweveen),UNCOVERED
55073479,Gouda - Uithoorn (via Nieuwkoopse Plassen) 47 km ENG 2026,gouda - uithoorn (via nieuwkoopse plassen),UNCOVERED
54360773,Gouda - Uithoorn 43 km ENG 2026 (white label),gouda - uithoorn (white label),UNCOVERED
54915433,Gouda - Uithoorn 47 km ENG 2026 Uzepia,gouda - uithoorn uzepia,UNCOVERED
19453715,Gouda - Vouwenakker (Roeivereniging) 49 km ENG 2026,gouda - vouwenakker (roeivereniging),UNCOVERED
53330377,Gouda - Vreeswijk 40 km ENG 2026,gouda - vreeswijk,UNCOVERED
55889010,Grou - Sneek 56 km ENG 2026,grou - sneek,UNCOVERED
55889012,Grou - Sneek 47 km ENG 2026,grou - sneek,UNCOVERED
54313953,Grou-Heeg 37km ENG,grou-heeg,UNCOVERED
54313954,Grou-Heeg 46km ENG,grou-heeg,UNCOVERED
19010634,Haarlem (city) - Keukenhof - Leiden 37 km ENG 2026,haarlem (city) - keukenhof - leiden,UNCOVERED
53324150,Haarlem (city) - Keukenhof - Leiden (via dunes) 50 km ENG 2026,haarlem (city) - keukenhof - leiden (via dunes),UNCOVERED
54360734,Haarlem (city) - Keukenhof - Leiden (via dunes) 51 km ENG 2026  (white label),haarlem (city) - keukenhof - leiden (via dunes) (white label),UNCOVERED
54360733,Haarlem (city) - Keukenhof - Leiden 37 km ENG 2026 (white label),haarlem (city) - keukenhof - leiden (white label),UNCOVERED
53538533,Haarlem (Spaarndamseweg) - Alkmaar (via dunes) 51 km ENG 2026,haarlem (spaarndamseweg) - alkmaar (via dunes),UNCOVERED
54655609,Haarlem (Spaarndamseweg) - Alkmaar 45 km ENG 2026 peter-niels,haarlem (spaarndamseweg) - alkmaar peter-niels,UNCOVERED
54667144,Haarlem (Spaarndamseweg) - Alkmaar 43 km ENG 2026 peter-niels,haarlem (spaarndamseweg) - alkmaar peter-niels,UNCOVERED
49174660,Haarlem (Spaarndamseweg) - Amsterdam 39 km ENG 2026,haarlem (spaarndamseweg) - amsterdam,UNCOVERED
49174875,Haarlem (Spaarndamseweg) - Amsterdam 33 km ENG 2026,haarlem (spaarndamseweg) - amsterdam,UNCOVERED
26920545,Haarlem (Spaarndamseweg) - Keukenhof (loop) 47 km ENG 2026,haarlem (spaarndamseweg) - keukenhof (loop),UNCOVERED
53994388,Haarlem (Spaarndamseweg) - Keukenhof - Leiden 38 km ENG 2026,haarlem (spaarndamseweg) - keukenhof - leiden,UNCOVERED
53994387,Haarlem (Spaarndamseweg) - Keukenhof - Leiden (via dunes) 53 km ENG 2026,haarlem (spaarndamseweg) - keukenhof - leiden (via dunes),UNCOVERED
54360770,Haarlem (Spaarndamseweg) - Keukenhof - Leiden (via dunes) 53 km ENG 2026 (white label),haarlem (spaarndamseweg) - keukenhof - leiden (via dunes) (white label),UNCOVERED
26516195,Haarlem (Spaarndamseweg) - Keukenhof - Oude Wetering 55 km ENG 2026,haarlem (spaarndamseweg) - keukenhof - oude wetering,UNCOVERED
31452816,Haarlem (Spaarndamseweg) - Keukenhof - Oude Wetering 37 km ENG 2026,haarlem (spaarndamseweg) - keukenhof - oude wetering,UNCOVERED
51950902,Haarlem (Spaarndamseweg) - Zaanse Schans (loop) 57 km ENG 2026,haarlem (spaarndamseweg) - zaanse schans (loop),UNCOVERED
51953437,Haarlem (Spaarndamseweg) - Zaanse Schans (loop) 42 km ENG 2026,haarlem (spaarndamseweg) - zaanse schans (loop),UNCOVERED
54852647,Haarlem (Spaarndamseweg) - Zaanse Schans (loop) 42 km ENG 2026 (copy),haarlem (spaarndamseweg) - zaanse schans (loop) (copy),UNCOVERED
54535028,Haarlem - Alkmaar (via Heiloo) 36 km ENG 2026,haarlem - alkmaar (via heiloo),UNCOVERED
54799748,Haarlem - Zaanse Schans - Amsterdam (Tolhuis) 39km ENG,haarlem - zaanse schans - amsterdam (tolhuis),UNCOVERED
54648411,Halfweg - Zaanse schans 26 km ENG 2026,halfweg - zaanse schans,UNCOVERED
32188212,Harderwijk - Huizen  (via Putten - Spakenburg) 62 km ENG 2026,harderwijk - huizen (via putten - spakenburg),UNCOVERED
49521969,Harderwijk - Huizen (via Spakenburg) 52 km ENG 2026,harderwijk - huizen (via spakenburg),UNCOVERED
49434634,Harelbeke - Deinze 49 km ENG 2026 Michiel,harelbeke - deinze michiel,UNCOVERED
34570310,Harlingen - Franeker - Leeuwarden 51 km ENG 2026,harlingen - franeker - leeuwarden,UNCOVERED
34570313,Harlingen - Franeker - Leeuwarden 42 km ENG 2026,harlingen - franeker - leeuwarden,UNCOVERED
55873754,Harlingen - Franeker - Leeuwarden 38 km ENG 2026,harlingen - franeker - leeuwarden,UNCOVERED
41669835,Harlingen - Franeker - Makkum (via coast) 40 km ENG 2026,harlingen - franeker - makkum (via coast),UNCOVERED
41669837,Harlingen - Franeker - Makkum (via Pingjum) 45 km ENG 2026,harlingen - franeker - makkum (via pingjum),UNCOVERED
44992369,Hasselt - Maastricht 43 km ENG 2026 (RS),hasselt - maastricht (rs),UNCOVERED
26632317,Hassfurt - Bamberg 39 km ENG 2026,hassfurt - bamberg,UNCOVERED
49434216,Hassfurt - Schweinfurt 23 km ENG 2026,hassfurt - schweinfurt,UNCOVERED
31600185,Haudival - Péronne (via Ham) 57 km ENG 2026,haudival - péronne (via ham),UNCOVERED
52841713,Havrincourt - Arleux (via Vaucelles and Canal) 60 km ENG 2026,havrincourt - arleux (via vaucelles and canal),UNCOVERED
50031347,Havringcourt - Douai 47 km ENG 2026,havringcourt - douai,UNCOVERED
54313955,Heeg Galamadammen 33km ENG,heeg galamadammen,UNCOVERED
54313957,Heeg-Balk-Stavoren 44km ENG,heeg-balk-stavoren,UNCOVERED
54313958,Heeg-Stavoren 32km ENG,heeg-stavoren,UNCOVERED
50952582,Helsingborg (loop) 21 km ENG 2026,helsingborg (loop),UNCOVERED
54387007,Helsingborg (loop) 13 km ENG 2026,helsingborg (loop),UNCOVERED
49322962,Helsingør (loop) 46 km ENG 2026,helsingør (loop),UNCOVERED
50952428,Helsingør (loop) 27 km ENG 2026,helsingør (loop),UNCOVERED
44992898,Heusden - Gorinchem 24 km ENG 2026 (RS),heusden - gorinchem (rs),UNCOVERED
55205433,Heusden - Loonse & Drunense Duinen - Heusden 38km ENG 2026,heusden - loonse & drunense duinen - heusden,UNCOVERED
55205476,Heusden - Loonse & Drunense Duinen - Heusden 47km ENG 2026,heusden - loonse & drunense duinen - heusden,UNCOVERED
49611570,Hoorn - Alkmaar - Schoorl  47 km ENG 2025,hoorn - alkmaar - schoorl,UNCOVERED
49618727,Hoorn - Alkmaar - Schoorl 39 km ENG 2025,hoorn - alkmaar - schoorl,UNCOVERED
50890476,Hoorn - Alkmaar - Schoorl 39 km ENG 2025 (copy),hoorn - alkmaar - schoorl (copy),UNCOVERED
50890872,Hoorn - Medemblik 50 km ENG 2026,hoorn - medemblik,UNCOVERED
50942520,Hoorn - Medemblik 29 km ENG 2026,hoorn - medemblik,UNCOVERED
54572759,Hoorn - Medemblik - Hoorn 47km ENG 2026,hoorn - medemblik - hoorn,UNCOVERED
54521270,Hoorn - Zaanse schans 32 km ENG 2026,hoorn - zaanse schans,UNCOVERED
49499301,Huizen - Amsterdam (Minerva) 38 km ENG 2026,huizen - amsterdam (minerva),UNCOVERED
32188339,Huizen - Amsterdam (Minerva) (via Crailoo) 53 km ENG 2026,huizen - amsterdam (minerva) (via crailoo),UNCOVERED
51853957,Huizen - Utrecht 54 km ENG 2025 ALT,huizen - utrecht alt,UNCOVERED
54091379,Huizen - Zaandam 47 km ENG 2026,huizen - zaandam,UNCOVERED
34339974,Joigny - Auxerre 50 km ENG 2026,joigny - auxerre,UNCOVERED
39435878,Joigny - Auxerre 37 km ENG 2026,joigny - auxerre,UNCOVERED
55804396,Joigny - Auxerre 60km ENG 2026 (T),joigny - auxerre (t),UNCOVERED
32070435,Joigny - Villeneuve-sur-Yonne 47 km ENG 2026,joigny - villeneuve-sur-yonne,UNCOVERED
53491939,Joigny - Villeneuve-sur-Yonne (hilly) 45 km ENG 2026,joigny - villeneuve-sur-yonne (hilly),UNCOVERED
55804337,Joigny - Villeneuve-sur-Yonne 44km ENG 2026 (T),joigny - villeneuve-sur-yonne (t),UNCOVERED
55804434,Joigny - Villeneuve-sur-Yonne 44km ENG 2026 (T),joigny - villeneuve-sur-yonne (t),UNCOVERED
55242871,Kampen - Elburg - Kampen 52km ENG 2026,kampen - elburg - kampen,UNCOVERED
49470402,"Kampen - Harderwijk (via Flevoland, Elburg & Nunspeet) 59 km ENG 2026","kampen - harderwijk (via flevoland, elburg & nunspeet)",UNCOVERED
32199988,Kampen - Reevesluis - Elburg - Harderwijk 62 km ENG 2026,kampen - reevesluis - elburg - harderwijk,UNCOVERED
50375527,Kampen - Schokland (loop) 45 km ENG 2026,kampen - schokland (loop),UNCOVERED
55240707,Kampen - Zwolle - Hattem - Kampen 51 km ENG 2026,kampen - zwolle - hattem - kampen,UNCOVERED
49471436,Karlstadt - Lohr 31 km ENG 2026,karlstadt - lohr,UNCOVERED
54472731,Keukenhof - Beverwijk 34km ENG,keukenhof - beverwijk,UNCOVERED
55924762,Kobern Gondorf - Cochem (via Eltz) 43 km English 2025 (traced),kobern gondorf - cochem (via eltz) (traced),UNCOVERED
55924758,Kobern-Gondorf - Treis-Karden (via Eltz) 34 km ENG 2025 (traced),kobern-gondorf - treis-karden (via eltz) (traced),UNCOVERED
50757084,"Koblenz (city walk, Ehrenbreitstein) 12 km ENG 2026","koblenz (city walk, ehrenbreitstein)",UNCOVERED
50773344,Koblenz (loop) 22 km ENG 2026,koblenz (loop),UNCOVERED
53838296,Kreekrak (east) - Tholen 30 km ENG 2026 (X),kreekrak (east) - tholen (x),UNCOVERED
50554298,Krems - Melk ENG 38 km/24 mi 2026,krems - melk / mi,UNCOVERED
49753703,Krk - Omišalj 40km ENG 2026,krk - omišalj,UNCOVERED
54360744,"Kudelstaart - Royal Flora - Aalsmeerderbrug 8,7 km ENG 2026","kudelstaart - royal flora - aalsmeerderbrug ,",UNCOVERED
42096505,Kwaadmechelen - Hasselt 39 km ENG 2026 (RS),kwaadmechelen - hasselt (rs),UNCOVERED
56125058,Königswinter - Andernach 34km ENG 2026,königswinter - andernach,UNCOVERED
42912969,Køge - Copenhagen Kastellet 59.3km ENG 2024 ,køge - copenhagen kastellet .,UNCOVERED
49322986,Køge - Stevns Klint (loop) 62 km ENG 2026,køge - stevns klint (loop),UNCOVERED
52592882,Køge - Stevns Klint (loop) 72 km ENG 2025,køge - stevns klint (loop),UNCOVERED
46869067,Køge - Viking Museum & Vallo (loop) 35 km ENG 2026,køge - viking museum & vallo (loop),UNCOVERED
54387368,Køge - Viking Museum & Vallo (loop) 46 km ENG 2026,køge - viking museum & vallo (loop),UNCOVERED
54402315,Køge - Viking Museum & Vallo (loop) 39 km ENG 2026,køge - viking museum & vallo (loop),UNCOVERED
55617396,La Voulte-sur-Rhône – Tournon-sur-Rhône 45km ENG 2026,la voulte-sur-rhône – tournon-sur-rhône,UNCOVERED
43278541,Lagny - Paris 37 km ENG 2026,lagny - paris,UNCOVERED
54691487,Le Pouzin - Viviers EV17 42km ENG,le pouzin - viviers ev17,UNCOVERED
34570856,Leeuwarden - Grou 41 km ENG 2026,leeuwarden - grou,UNCOVERED
55887997,Leeuwarden - Grou ** km ENG 2026 ALT,leeuwarden - grou ** km alt,UNCOVERED
53330276,Leiden - Delft - Rotterdam (Coolhaven) 44 km ENG 2026,leiden - delft - rotterdam (coolhaven),UNCOVERED
54360735,Leiden - Gouda 38 km ENG 2026 (white label),leiden - gouda (white label),UNCOVERED
54360736,Leiden - Gouda 46 km ENG 2026 (white label),leiden - gouda (white label),UNCOVERED
52683725,Lemmer - Stavoren 33 km ENG 2025,lemmer - stavoren,UNCOVERED
52683750,Lemmer - Stavoren 43 km ENG 2025,lemmer - stavoren,UNCOVERED
25208723,Lith - Cuijk  54 km ENG 2026,lith - cuijk,UNCOVERED
55216983,Lith - Cuijk  52 km ENG 2026 (alternative),lith - cuijk (alternative),UNCOVERED
44992794,Lith - Den Bosch - Heusden 42 km ENG 2026 (RS),lith - den bosch - heusden (rs),UNCOVERED
55225292,Lochem - Bathmen - Epse - Deventer 41 km ENG 2026,lochem - bathmen - epse - deventer,UNCOVERED
55225320,Lochem - Holterberg - Deventer 65km ENG 2026,lochem - holterberg - deventer,UNCOVERED
55812263,Lohr - Karlstadt - Wurzburg 59km ENG 2026,lohr - karlstadt - wurzburg,UNCOVERED
54993767,Long Sint Maartensvlotbrug - Alkmaar 37 km ENG 2026,long sint maartensvlotbrug - alkmaar,UNCOVERED
44015659,Lovendegem - Sas van Gent 30 km ENG 2026,lovendegem - sas van gent,UNCOVERED
44016357,Lovendegem - Terneuzen 44 km ENG 2026,lovendegem - terneuzen,UNCOVERED
51933657,Lovendegem - Terneuzen 38 km ENG 2026,lovendegem - terneuzen,UNCOVERED
55435392,Lošinj loop 20km ENG 2026,lošinj loop,UNCOVERED
52294298,Lummen - Hasselt (Kanaalkom) 15 km ENG 2026 (RS),lummen - hasselt (kanaalkom) (rs),UNCOVERED
54907335,Maasbracht - Thorn 10 km ENG 2026,maasbracht - thorn,UNCOVERED
54907253,Maastricht - Bilzen (België) - Maastricht 54 km ENG 2026,maastricht - bilzen (belgië) - maastricht,UNCOVERED
54907267,Maastricht - Margraten/Valkenburg - Maastricht  46 km ENG 2026,maastricht - margraten/valkenburg - maastricht,UNCOVERED
55107485,Mains - Oberwesel 57km ENG,mains - oberwesel,UNCOVERED
43310501,Mainz - Rüdesheim (via monastery) 41 km ENG 2026,mainz - rüdesheim (via monastery),UNCOVERED
55924799,Mainz - Rüdesheim (via monastery) 41 km ENG 2026 (traced),mainz - rüdesheim (via monastery) (traced),UNCOVERED
43310487,Mainz - Rüdesheim (via river) 34 km ENG 2026,mainz - rüdesheim (via river),UNCOVERED
51406196,Mainz - Rüdesheim (via winelands) 35 km ENG 2026,mainz - rüdesheim (via winelands),UNCOVERED
53657631,Mainz - Winningen - Burg Eltz - Treis Karden (Via Alken) 36 km ENG 2026,mainz - winningen - burg eltz - treis karden (via alken),UNCOVERED
55924782,Mainz - Winningen - Burg Eltz - Treis Karden (Via Alken) 36 km ENG 2026 (traced),mainz - winningen - burg eltz - treis karden (via alken) (traced),UNCOVERED
55924778,Mainz - Winningen - Burg Eltz - Treis-Karden (Via eltz) 40 km ENG 2026 (traced),mainz - winningen - burg eltz - treis-karden (via eltz) (traced),UNCOVERED
53609433,Mainz- Winningen- Burg Eltz -Treis-Karden 40 km ENG 2025,mainz- winningen- burg eltz -treis-karden,UNCOVERED
53609575,Mainz- Winningen-Burg Thurant -Treis- Karden 36 km ENG 2025,mainz- winningen-burg thurant -treis- karden,UNCOVERED
55597280,Makkum - Franeker - Harlingen (via Bolsward) 45km ENG 2026,makkum - franeker - harlingen (via bolsward),UNCOVERED
49206725,Mali Lošinj Loop 22km ENG 2026,mali lošinj loop,UNCOVERED
49322998,Malmö (loop) 27 km ENG 2026,malmö (loop),UNCOVERED
51000751,Malmö - Lund (loop) 44 km ENG 2026,malmö - lund (loop),UNCOVERED
53399113,Malmö - Lund (loop) 43 km ENG 2026,malmö - lund (loop),UNCOVERED
55435761,Mandre - Rab 62km ENG 2026,mandre - rab,UNCOVERED
49954408,Mandre-Novalja-Lun 33 Km ENG 2026,mandre-novalja-lun,UNCOVERED
55848455,Marktbreit - Schweinfurt 71km ENG 2026,marktbreit - schweinfurt,UNCOVERED
49688759,Marktbreit - Würzburg 30 km ENG 2026,marktbreit - würzburg,UNCOVERED
54393572,Medemblik - Enkhuizen (über Hoorn ) 52 km ENG 2026 (N) Q,medemblik - enkhuizen (über hoorn ) (n) q,UNCOVERED
50942458,Medemblik - Hoorn - Enkhuizen 52 km / 32 mi ENG 2025 (copy),medemblik - hoorn - enkhuizen / mi (copy),UNCOVERED
47177342,Melun (loop) 47 km ENG 2026 (traced),melun (loop) (traced),UNCOVERED
30877904,Melun - Evry 29 km ENG 2026,melun - evry,UNCOVERED
51414792,Melun - Moret (via Barbizon) 47 km ENG 2026,melun - moret (via barbizon),UNCOVERED
54368483,miltenberg – Aschaffenburg 50 km ENG 2026,miltenberg – aschaffenburg,UNCOVERED
54368782,Miltenberg – Aschaffenburg 46 km ENG 2026,miltenberg – aschaffenburg,UNCOVERED
54368487,miltenberg – Aschaffenburg 50 km ENG 2026 (new start),miltenberg – aschaffenburg (new start),UNCOVERED
43199534,Mont-St-Pierre - Epernay (low) 49 km ENG 2026,mont-st-pierre - epernay (low),UNCOVERED
55804391,Montereau - Pont-sur-Yonne 49km ENG 2026 (T),montereau - pont-sur-yonne (t),UNCOVERED
34340215,Montereau - Pont-sur-Yonne (via Misy-sur-Yonne) 34 km ENG 2026,montereau - pont-sur-yonne (via misy-sur-yonne),UNCOVERED
51605671,Montereau - Pont-sur-Yonne (via Misy-sur-Yonne) 41 km ENG 2026,montereau - pont-sur-yonne (via misy-sur-yonne),UNCOVERED
34340228,Montereau - Pont-sur-Yonne (via Voulx) 41 km ENG 2026,montereau - pont-sur-yonne (via voulx),UNCOVERED
54907440,Mook - Grave - Mook 44 km ENG 2026,mook - grave - mook,UNCOVERED
54906299,Mook - Groesbeek - Arnhem 45km ENG 2026,mook - groesbeek - arnhem,UNCOVERED
54907653,Mook - Groesbeek - Arnhem 45km ENG 2026,mook - groesbeek - arnhem,UNCOVERED
55205828,Mook - Groesbeek - Arnhem 45km ENG 2026,mook - groesbeek - arnhem,UNCOVERED
55205804,Mook - Groesbeek - Nijmegen 34 km ENG 2026,mook - groesbeek - nijmegen,UNCOVERED
54907459,Mook - Kleve - Mook  58 km ENG 2026,mook - kleve - mook,UNCOVERED
54907390,Mook - Kranenburg (D) - Nijmegen - Arnhem 55km ENG 2026,mook - kranenburg (d) - nijmegen - arnhem,UNCOVERED
55205937,Mook - Kranenburg (D) - Nijmegen - Arnhem 55km ENG 2026,mook - kranenburg (d) - nijmegen - arnhem,UNCOVERED
55205788,Mook - Kranenburg (D) - Nijmegen vlak 51 km ENG 2026,mook - kranenburg (d) - nijmegen vlak,UNCOVERED
55205819,Mook - Kranenburg (D) - Nijmegen vlak 50 km ENG 2026,mook - kranenburg (d) - nijmegen vlak,UNCOVERED
54907325,Mook - Venlo 69km ENG 2026,mook - venlo,UNCOVERED
56136096,Moret (loop Flagy&Gray) 48km ENG 2026,moret (loop flagy&gray),UNCOVERED
53546106,Moret - Melun (via Barbizon) 47km ENG 2026,moret - melun (via barbizon),UNCOVERED
55807194,Moret - Melun (via Thomery) 12km ENG 2026,moret - melun (via thomery),UNCOVERED
26487399,Moret - Nemours  49 km ENG 2026,moret - nemours,UNCOVERED
31559274,Moret - Nemours 38 km ENG 2026,moret - nemours,UNCOVERED
55299828,Mortagne-du-Nord - Bouchain (via Lewarde) 54 km ENG 2026,mortagne-du-nord - bouchain (via lewarde),UNCOVERED
31575754,Nemours - Moret 43 km ENG 2026,nemours - moret,UNCOVERED
53545709,Nemours - Moret (via Fontainebleau) 32km ENG 2026,nemours - moret (via fontainebleau),UNCOVERED
53545710,Nemours - Moret (via Fontainebleau) 54 km ENG 2026,nemours - moret (via fontainebleau),UNCOVERED
18687306,Neronville - Nemours 45 km ENG 2026,neronville - nemours,UNCOVERED
31567695,Neronville - Nemours 29 km ENG 2026,neronville - nemours,UNCOVERED
55107553,Nierlahnstein - Bad Breisig 41km ENG,nierlahnstein - bad breisig,UNCOVERED
55192767,Nierlahnstein - Bad Breisig 42km ENG,nierlahnstein - bad breisig,UNCOVERED
55487429,Nierlahnstein - Bad Breisig 42km ENG,nierlahnstein - bad breisig,UNCOVERED
55924768,Nierlahnstein - Bad Breisig 42km ENG (traced),nierlahnstein - bad breisig (traced),UNCOVERED
54674978,Nieuwpoort - Oudewater - Utrecht 46 km / 28 mi ENG 2026,nieuwpoort - oudewater - utrecht / mi,UNCOVERED
54591869,Nieuwpoort - Utrecht 45 km ENG 2026,nieuwpoort - utrecht,UNCOVERED
55205844,Nijmegen - Doornenburg - Arnhem 45km ENG 2026,nijmegen - doornenburg - arnhem,UNCOVERED
55205835,Nijmegen - Tolkamer - Arnhem 55 km ENG 2026,nijmegen - tolkamer - arnhem,UNCOVERED
55924769,Oberwesel - Nierlahnstein 37km ENG (traced),oberwesel - nierlahnstein (traced),UNCOVERED
30556112,Oude Wetering - Amsterdam (Nieuwe Meer) 28 km ENG 2026,oude wetering - amsterdam (nieuwe meer),UNCOVERED
41450686,Oudenaarde - Astene - Ghent (City) 42 km ENG 2024,oudenaarde - astene - ghent (city),UNCOVERED
52867487,Oudenaarde - Ghent (city) (via Deinze) 43 km ENG 2026,oudenaarde - ghent (city) (via deinze),UNCOVERED
31620689,Oudenaarde - Ghent (city) (via Gavere) 38 km ENG 2026,oudenaarde - ghent (city) (via gavere),UNCOVERED
54165408,Paris (Bougival) - Auvers-sur-Oise 35 km ENG 2026,paris (bougival) - auvers-sur-oise,UNCOVERED
55805083,Paris (Bougival) - Auvers-sur-Oise (via Ax Majeur) 45 km ENG 2026 rain route,paris (bougival) - auvers-sur-oise (via ax majeur) rain route,UNCOVERED
41461169,Paris (Bougival) - Paris (Arsenal) (via La Defense) 32 km ENG 2026,paris (bougival) - paris (arsenal) (via la defense),UNCOVERED
54175698,Paris (Bougival) - Paris (Pont-de-Sevres) 34 KM ENG 2026 Q-ENG,paris (bougival) - paris (pont- -sevres) q,UNCOVERED
52088191,Paris (Bougival) - Versailles (loop) 35 km ENG 2026,paris (bougival) - versailles (loop),UNCOVERED
52673440,Paris (city) - Paris (Bougival) (via La Défence) 33 km ENG 2026,paris (city) - paris (bougival) (via la défence),UNCOVERED
52673298,Paris (city) - Versailles - Paris (Bougival) 42 km ENG 2026 ALT,paris (city) - versailles - paris (bougival) alt,UNCOVERED
54165356,Paris (Pont-de-Sevres) - Paris (Bougival) 28 KM ENG 2026 Q-ENG,paris (pont- -sevres) - paris (bougival) q,UNCOVERED
55804344,Pont sur Yonne - Sens (Parc du Moulin a Tan) 44km ENG 2026 (T),pont sur yonne - sens (parc du moulin a tan) (t),UNCOVERED
55804373,Pont sur Yonne - Sens 35km ENG 2026 (T),pont sur yonne - sens (t),UNCOVERED
55804385,Pont-sur-Yonne - Moret 40km ENG 2026 (T),pont-sur-yonne - moret (t),UNCOVERED
55804419,Pont-sur-Yonne - Moret 35km ENG 2026 (T),pont-sur-yonne - moret (t),UNCOVERED
34340195,Pont-sur-Yonne - Sens 46 km ENG 2026,pont-sur-yonne - sens,UNCOVERED
41739356,Pont-sur-Yonne - Sens 34 km ENG 2026,pont-sur-yonne - sens,UNCOVERED
50273217,Purmerend - Alkmaar (via Egmond) 51 km ENG 2026,purmerend - alkmaar (via egmond),UNCOVERED
54360756,Purmerend - Alkmaar (via Egmond) 51 km ENG 2026 (white label),purmerend - alkmaar (via egmond) (white label),UNCOVERED
54360755,Purmerend - Alkmaar (via Heiloo) 37 km ENG 2026 (white label),purmerend - alkmaar (via heiloo) (white label),UNCOVERED
31595457,Péronne - Pont-l'Évêque (via Ham) 64 km ENG 2026,péronne - pont-l'évêque (via ham),UNCOVERED
49946894,Rab - Mišnjak - Rab 26km ENG 2026,rab - mišnjak - rab,UNCOVERED
19353591,Remagen - Koblenz 46 km ENG 2026,remagen - koblenz,UNCOVERED
54768592,Remagen - Koblenz 43 km ENG 2026,remagen - koblenz,UNCOVERED
47397313,Remich - Saarburg (via Saarschleife) 35 km ENG 2026,remich - saarburg (via saarschleife),UNCOVERED
25307217,Roermond - Arcen 49 km ENG 2026,roermond - arcen,UNCOVERED
25297716,Roermond - Schipperskerk 40 km ENG 2026,roermond - schipperskerk,UNCOVERED
54647111,Rotterdam (Boompjeskade) - Gouda 57 km ENG 2023,rotterdam (boompjeskade) - gouda,UNCOVERED
53330036,"Rotterdam (Coolhaven) - Waterbus 3,0 km ENG 2026","rotterdam (coolhaven) - waterbus ,",UNCOVERED
49215022,"Rotterdam (Oosterkade) - Waterbus  1,8 km / 1,1 mi ENG 2026","rotterdam (oosterkade) - waterbus , / , mi",UNCOVERED
54647257,Rotterdam - Kinderdijk - Gouda - Nieuwpoort 58km ENG,rotterdam - kinderdijk - gouda - nieuwpoort,UNCOVERED
54646653,Rotterdam - Kinderdijk - Nieuwpoort 42 km / 27 mi ENG 2026,rotterdam - kinderdijk - nieuwpoort / mi,UNCOVERED
50074263,"Rotterdam Architecture Tour 6,7 km ENG - extra","rotterdam architecture tour , - extra",UNCOVERED
50074131,Rotterdam Big City Skyline 14 km ENG - extra,rotterdam big city skyline - extra,UNCOVERED
49322980,Rødvig - Køge 44 km ENG 2026,rødvig - køge,UNCOVERED
55924742,Rüdesheim - Mainz 34 km ENG 2026 (traced),rüdesheim - mainz (traced),UNCOVERED
55924745,Rüdesheim - Mainz 40km ENG 2026 (traced),rüdesheim - mainz (traced),UNCOVERED
55924790,Rüdesheim - Mainz 39 km ENG 2026 (traced),rüdesheim - mainz (traced),UNCOVERED
55924803,Rüdesheim - Mainz 42 km ENG 2025 (traced),rüdesheim - mainz (traced),UNCOVERED
55924805,Rüdesheim - Mainz (via monastery) 39 km ENG 2026 (traced),rüdesheim - mainz (via monastery) (traced),UNCOVERED
26525090,Rüdesheim - Mainz (via river) 32 km ENG 2026,rüdesheim - mainz (via river),UNCOVERED
53384736,Rüdesheim - Mainz (via winelands) 33 km ENG 2026,rüdesheim - mainz (via winelands),UNCOVERED
43310476,Rüdesheim - Sankt Goar 33 km ENG 2026,rüdesheim - sankt goar,UNCOVERED
26606503,Saarburg - Remich (via Mannebach) 44 km ENG 2026,saarburg - remich (via mannebach),UNCOVERED
45154200,Saarburg - Remich (via Saarschleife) 35 km ENG 2026,saarburg - remich (via saarschleife),UNCOVERED
55583899,Sambeek - Cuijk 21km ENG 2026,sambeek - cuijk,UNCOVERED
43310464,Sankt Goar - Koblenz 38 km ENG 2026,sankt goar - koblenz,UNCOVERED
55924740,Sankt Goar - Rüdesheim (via Bacharach & Bingen) 31 km ENG 2026 (traced),sankt goar - rüdesheim (via bacharach & bingen) (traced),UNCOVERED
55924810,Sankt Goar - Rüdesheim (via Bacharach & Bingen) 31 km ENG 2026 (traced),sankt goar - rüdesheim (via bacharach & bingen) (traced),UNCOVERED
44015628,Sas van Gent - Gent (city) 31 km ENG 2026,sas van gent - gent (city),UNCOVERED
43991468,Sas van Gent - Lovendegem 41 km ENG 2023,sas van gent - lovendegem,UNCOVERED
52043738,Sas van Gent - Terneuzen 36 km ENG 2025,sas van gent - terneuzen,UNCOVERED
52043812,Sas van Gent - Terneuzen 38 km ENG 2026,sas van gent - terneuzen,UNCOVERED
26606580,Schengen - Metz 65 km ENG 2026,schengen - metz,UNCOVERED
43533455,Schipperskerk - Maastricht 47 km ENG 2026,schipperskerk - maastricht,UNCOVERED
50554509,Schlögen (loop) 19 km/12 mi ENG 2026,schlögen (loop) / mi,UNCOVERED
50554538,Schlögen - Passau 43 km/27 mi ENG 2026,schlögen - passau / mi,UNCOVERED
50939341,Schlögen - Passau 42 km/26 mi ENG 2026 (high water/ferry problem alternative),schlögen - passau / mi (high water/ferry problem alternative),UNCOVERED
47295903,Schokkerhaven - Elburg (via Kampen) 41 km ENG 2026,schokkerhaven - elburg (via kampen),UNCOVERED
31621127,Schokkerhaven - Vollenhove (via Kamperland) 49 km ENG 2026,schokkerhaven - vollenhove (via kamperland),UNCOVERED
38340573,Schokkerhaven - Vollenhove (via Schokland) 30 km ENG 2026,schokkerhaven - vollenhove (via schokland),UNCOVERED
44991960,Schoonhoven - Alblasserdam 32 km ENG 2026 (RS),schoonhoven - alblasserdam (rs),UNCOVERED
48424065,Schoonhoven - Alblasserdam 26 km ENG 2026 (RS),schoonhoven - alblasserdam (rs),UNCOVERED
55451327,Schoonhoven - Dordrecht 32km (ferry Alblasserdam) ENG 2026,schoonhoven - dordrecht (ferry alblasserdam),UNCOVERED
55451324,Schoonhoven - Kinderdijk - Dordrecht 39 km (ferry Papendrecht) ENG 2026,schoonhoven - kinderdijk - dordrecht (ferry papendrecht),UNCOVERED
53518093,Schoonhoven - Kinderdijk - Dordrecht 38 km ENG 2026 (X),schoonhoven - kinderdijk - dordrecht (x),UNCOVERED
53844938,Schoonhoven - Kinderdijk - Dordrecht 38 km ENG 2026 (X),schoonhoven - kinderdijk - dordrecht (x),UNCOVERED
55676774,Schoonhoven - Kinderdijk - Dordrecht 38 km ENG 2026 (X) (aufgezeichnet),schoonhoven - kinderdijk - dordrecht (x) (aufgezeichnet),UNCOVERED
54305485,Schoonhoven - Utrecht 44 km ENG 2026,schoonhoven - utrecht,UNCOVERED
55724552,"Schoonhoven - Utrecht (city centre, mill lunch) 49km ENG 2026","schoonhoven - utrecht (city centre, mill lunch)",UNCOVERED
55452016,Schoonhoven - Utrecht (lunch Nieuw Vogelenzang) 44km ENG 2026,schoonhoven - utrecht (lunch nieuw vogelenzang),UNCOVERED
55376540,Schoonhoven - Utrecht (lunch swimmingpool) 45km ENG 2026,schoonhoven - utrecht (lunch swimmingpool),UNCOVERED
54360775,Schoonhoven - Utrecht 42 km ENG 2026 (white label),schoonhoven - utrecht (white label),UNCOVERED
55601952,Schoonhoven - Utrecht city centre 50 km ENG 2026,schoonhoven - utrecht city centre,UNCOVERED
55929835,Schoonhoven - Utrecht city centre (lunch at swimmingpool)50 km ENG 2026,schoonhoven - utrecht city centre (lunch at swimmingpool),UNCOVERED
55376534,Schoonhoven - Utrecht city centre 49km ENG (Mill lunch),schoonhoven - utrecht city centre (mill lunch),UNCOVERED
54660306,Schoorl -Alkmaar - Volendam 46km ENG,schoorl -alkmaar - volendam,UNCOVERED
55859885,Schweinfurt - Haßfurt - Bamberg 64km ENG 2026,schweinfurt - haßfurt - bamberg,UNCOVERED
49689224,Schweinfurt – Kitzingen 60 km ENG 2026,schweinfurt – kitzingen,UNCOVERED
54401476,Schweinfurt – Marktbreit 68 km ENG 2026,schweinfurt – marktbreit,UNCOVERED
55804403,Sens - Villeneuve sur Yonne 53km ENG 2026 (T),sens - villeneuve sur yonne (t),UNCOVERED
34340189,Sens - Villeneuve-sur-Yonne 54 km ENG 2026,sens - villeneuve-sur-yonne,UNCOVERED
39413121,Sens - Villeneuve-sur-Yonne 30 km ENG 2026,sens - villeneuve-sur-yonne,UNCOVERED
51537811,Sens - Villeneuve-sur-Yonne 44 km ENG 2026,sens - villeneuve-sur-yonne,UNCOVERED
41612579,Sint Maartensvlotbrug - Den Helder (via Anna Paulowna) 34 km ENG 2026,sint maartensvlotbrug - den helder (via anna paulowna),UNCOVERED
53522513,Sneek - Franeker (via Grou) 50 km ENG 2026,sneek - franeker (via grou),UNCOVERED
53520465,Sneek - Lemmer 42 km ENG 2026,sneek - lemmer,UNCOVERED
53518625,Sneek - Lemmer 50 km (via Heeg) ENG 2026,sneek - lemmer (via heeg),UNCOVERED
34632954,Sneek - Stavoren 52 km ENG 2026,sneek - stavoren,UNCOVERED
34640900,Sneek - Stavoren 38 km ENG 2026,sneek - stavoren,UNCOVERED
54175468,Soissons - Compiègne 46 km ENG 2026,soissons - compiègne,UNCOVERED
54360732,Spaarndam - Haarlem (city) 14 km ENG 2026 (white label),spaarndam - haarlem (city) (white label),UNCOVERED
54360731,"Spaarndam - Haarlem (city) 8,3 km ENG 2026 (white label)","spaarndam - haarlem (city) , (white label)",UNCOVERED
53331582,Spaarndam - Haarlem (Spaarndamseweg) 16 km ENG 2026,spaarndam - haarlem (spaarndamseweg),UNCOVERED
54360768,Spaarndam - Haarlem (Spaarndamseweg) 16 km ENG 2026 (white label),spaarndam - haarlem (spaarndamseweg) (white label),UNCOVERED
54360767,"Spaarndam - Haarlem (Spaarndamseweg) 6,7 km ENG 2026 (white label)","spaarndam - haarlem (spaarndamseweg) , (white label)",UNCOVERED
54074383,Spannenburg-Lemmer 33km ENG 2026,spannenburg-lemmer,UNCOVERED
54074453,Spannenburg-Lemmer 41km ENG 2026,spannenburg-lemmer,UNCOVERED
45160453,Spijkerboor - Alkmaar 41 km ENG 2026,spijkerboor - alkmaar,UNCOVERED
45160494,Spijkerboor - Alkmaar 30 km ENG 2026,spijkerboor - alkmaar,UNCOVERED
55941210,St. Amands - Bazel - Antwerp (via waterbus) 24 km ENG 2026,st. amands - bazel - antwerp (via waterbus),UNCOVERED
55695421,St. Amands - Gent (city) 39km ENG 2026,st. amands - gent (city),UNCOVERED
55930257,Stammheim – Marktbreit 45 km ENG 2026,stammheim – marktbreit,UNCOVERED
54221108,Stavoren (rondrit) 42 km ENG 2026,stavoren (rondrit),UNCOVERED
38627338,Stavoren - Lemmer 43 km ENG 2025,stavoren - lemmer,UNCOVERED
55103633,Stavoren loop (via Starnuman bossen) 50km ENG,stavoren loop (via starnuman bossen),UNCOVERED
54691769,Tarascon - Arles 19km ENG 2026,tarascon - arles,UNCOVERED
55616450,Tarascon - Arles 20km ENG,tarascon - arles,UNCOVERED
54691713,Tarascon - Pont du Gard loop 45km ENG,tarascon - pont du gard loop,UNCOVERED
55616449,Tarascon - Pont du Gard loop 45km ENG,tarascon - pont du gard loop,UNCOVERED
53702374,Terneuzen - Antwerp 64 km ENG 2026,terneuzen - antwerp,UNCOVERED
53702377,Terneuzen - Antwerp (Waterbus) 54 km ENG 2026,terneuzen - antwerp (waterbus),UNCOVERED
53702361,Terneuzen - Antwerpen 58 km ENG 2026,terneuzen - antwerpen,UNCOVERED
52280245,Terneuzen - Gent (city) 49 km ENG 2026,terneuzen - gent (city),UNCOVERED
36951022,Terneuzen - Sas van Gent 39 km ENG 2026,terneuzen - sas van gent,UNCOVERED
36951031,Terneuzen  - Sas van Gent 55 km ENG 2026,terneuzen - sas van gent,UNCOVERED
49067297,"Test ride: Alkmaar 6,4 km ENG 2026","test ride: alkmaar ,",UNCOVERED
54482861,Test ride: Amsterdam (Minerva) 20 km ENG 2026,test ride: amsterdam (minerva),UNCOVERED
50074408,Test ride: Amsterdam (Oosterdok) 13 km ENG 2026,test ride: amsterdam (oosterdok),UNCOVERED
31535161,"Test ride: Amsterdam (Oosterdok) 4,8 km ENG 2026","test ride: amsterdam (oosterdok) ,",UNCOVERED
51552649,Test ride: Auxerre 13 km ENG 2026,test ride: auxerre,UNCOVERED
53497009,Test ride: Auxerre 13 km ENG 2026 (traced),test ride: auxerre (traced),UNCOVERED
39498686,"Test ride: Auxerre 2,3 km ENG 2026","test ride: auxerre ,",UNCOVERED
53784063,Test ride: Haarlem 11 km ENG 2026,test ride: haarlem,UNCOVERED
53766337,"Test ride: Haarlem 5,1 km ENG 2026","test ride: haarlem ,",UNCOVERED
49611999,"Test ride: Hoorn 6,9 km ENG 2025","test ride: hoorn ,",UNCOVERED
44222066,"Test ride: Metz 7,6 km ENG 2026","test ride: metz ,",UNCOVERED
50680179,"Test ride: Utrecht 5,7 km ENG 2026","test ride: utrecht ,",UNCOVERED
34823325,"Test ride: Vianen 6,9 km ENG 2026","test ride: vianen ,",UNCOVERED
31432238,"Test ride: Volendam 6,5 km ENG 2026","test ride: volendam ,",UNCOVERED
24380905,Test ride: Weesp 11 km ENG 2026,test ride: weesp,UNCOVERED
35060542,Test ride: Zaandam (Westzaan) 17 km ENG 2026,test ride: zaandam (westzaan),UNCOVERED
53475086,Test ride: Zaandam (Zaanse Schans) 11 km ENG 2026,test ride: zaandam (zaanse schans),UNCOVERED
54536292,Test rit: Beverwijk 20km ENG,test rit: beverwijk,UNCOVERED
55776998,Testride Montargis (Lac de Chalette) 8km ENG 2026,testride montargis (lac chalette),UNCOVERED
55804406,Testride: Moret 12km ENG 2026 (T),testride: moret (t),UNCOVERED
54420603,Texel (loop ferry) 43 km ENG 2026 reverse,texel (loop ferry) reverse,UNCOVERED
54420615,Texel (loop ferry) 49 km ENG 2026 reverse,texel (loop ferry) reverse,UNCOVERED
54420629,Texel (loop ferry) 51 km ENG 2026 reverse,texel (loop ferry) reverse,UNCOVERED
55326862,Tholen - Kreekrak 21km ENG 2026,tholen - kreekrak,UNCOVERED
53491555,Tholen - Kreekrak (east) 30 km ENG 2026 (X),tholen - kreekrak (east) (x),UNCOVERED
54907306,Thorn - Venlo 55 km ENG 2026,thorn - venlo,UNCOVERED
54907226,Thorn - Venlo  (via Roermond) 54 km ENG 2026,thorn - venlo (via roermond),UNCOVERED
55205490,Tiel - Geldermalsen - Leerdam - Gorinchem 59 km ENG 2026,tiel - geldermalsen - leerdam - gorinchem,UNCOVERED
55205353,Tiel - langs de Waal - Gorinchem 52km ENG 2026,tiel - langs waal - gorinchem,UNCOVERED
54748930,Tournon - Le Pouzin EV17 56km ENG,tournon - le pouzin ev17,UNCOVERED
55616446,Tournon - Le Pouzin EV17 56km ENG,tournon - le pouzin ev17,UNCOVERED
55617427,Tournon-sur-Rhône – Chavanay 50km ENG 2026,tournon-sur-rhône – chavanay,UNCOVERED
31320981,Treis-Karden - Winningen (via Burg Eltz) 34 km ENG 2026,treis-karden - winningen (via burg eltz),UNCOVERED
50755585,Trier (centre) - Saarburg (via Igel) 35 km ENG 2026,trier (centre) - saarburg (via igel),UNCOVERED
50755641,Trier (Ostkai / Pfalzel)  - Saarburg 38 km ENG 2026,trier (ostkai / pfalzel) - saarburg,UNCOVERED
50554172,Tulln - Krems 47 km/28 mi ENG 2026,tulln - krems / mi,UNCOVERED
54153254,Uithoorn - Royal Flora (loop) 11 km ENG 2026,uithoorn - royal flora (loop),UNCOVERED
54360774,Uithoorn - Royal Flora (loop) 12 km ENG 2026 (white label),uithoorn - royal flora (loop) (white label),UNCOVERED
49761967,Utrecht - Breukelen 19km ENG 2026,utrecht - breukelen,UNCOVERED
56137918,Utrecht - Wageningen (via Utrechtse HR) 55km ENG 2026,utrecht - wageningen (via utrechtse hr),UNCOVERED
43756613,Ven Island 17 km ENG 2026,ven island,UNCOVERED
54994964,Venlo - Cuijk 66 km ENG 2026,venlo - cuijk,UNCOVERED
55581405,Venlo - Cuijk 62km ENG 2026,venlo - cuijk,UNCOVERED
55216744,Venlo - Roermond 50 km ENG 2026,venlo - roermond,UNCOVERED
55583000,Venlo - Sambeek 51 km ENG 2026,venlo - sambeek,UNCOVERED
55585197,Venlo - Sambeek 46km ENG 2026,venlo - sambeek,UNCOVERED
25208801,Vianen - Gorinchem 42 km ENG 2026,vianen - gorinchem,UNCOVERED
34340053,Villeneuve-sur-Yonne - Joigny 47 km ENG 2026,villeneuve-sur-yonne - joigny,UNCOVERED
53491986,Villeneuve-sur-Yonne - Joigny (hilly) 44 km ENG 2026,villeneuve-sur-yonne - joigny (hilly),UNCOVERED
55804381,Villeneuve-sur-Yonne - Joigny 46km ENG 2026 (T),villeneuve-sur-yonne - joigny (t),UNCOVERED
55617235,Viviers – La Voulte-sur-Rhône – Tournon-sur-Rhône 66km ENG,viviers – la voulte-sur-rhône – tournon-sur-rhône,UNCOVERED
54646549,Volendam - Alkmaar 45km ENG,volendam - alkmaar,UNCOVERED
32295572,Volendam - Amsterdam (Minerva) (via Marken) 51 km ENG 2026 (N),volendam - amsterdam (minerva) (via marken) (n),UNCOVERED
38226614,Volendam - Amsterdam (Oosterdok) 27 km ENG 2026,volendam - amsterdam (oosterdok),UNCOVERED
31427127,Volendam - Hoorn 24 km ENG 2026,volendam - hoorn,UNCOVERED
52061692,Volendam - Hoorn (via Katwoude) 40 km ENG 2025 ,volendam - hoorn (via katwoude),UNCOVERED
49133045,Volendam - Zaanse Schans 48 km ENG 2026,volendam - zaanse schans,UNCOVERED
48396638,Vollenhove - Schokkerhaven (via Kamperland) 49 km ENG 2026,vollenhove - schokkerhaven (via kamperland),UNCOVERED
53490842,Vreeswijk - Kinderdijk - Schoonhoven - Dordrecht km ENG 2026,vreeswijk - kinderdijk - schoonhoven - dordrecht km,UNCOVERED
19010881,Vrouwenakker - Royal Flora - loop 14 km ENG 2026,vrouwenakker - royal flora - loop,UNCOVERED
56169267,Wageningen (loop) 35km ENG 2026,wageningen (loop),UNCOVERED
55205340,Wageningen - Amerongen - Tiel 53km ENG 2026,wageningen - amerongen - tiel,UNCOVERED
54768516,Wageningen - Arnhem 29 km ENG 2026,wageningen - arnhem,UNCOVERED
55205316,Wageningen - Tiel 45 km ENG 2026,wageningen - tiel,UNCOVERED
56137418,Wageningen - Wijk bij Duurstede 30km ENG 2026,wageningen - wijk bij duurstede,UNCOVERED
56137470,Wageningen - Wijk bij Duurstede (Gravel/bospad)(via heuvelrug) 46km ENG 2026,wageningen - wijk bij duurstede (gravel/bospad)(via heuvelrug),UNCOVERED
54796446,"Waterbus - Rotterdam (Ooster/Boompjes kade)  1,8 km / 1,1 mi ENG 2026","waterbus - rotterdam (ooster/boompjes kade) , / , mi",UNCOVERED
24380902,Weesp - Utrecht (Keulsekade) 45 km ENG 2026,weesp - utrecht (keulsekade),UNCOVERED
55205395,Werkendam - Biesbosch - Heusden 60 km ENG 2026,werkendam - biesbosch - heusden,UNCOVERED
55205386,Werkendam - Biesbosch - Heusden kort 53 km ENG 2026,werkendam - biesbosch - heusden kort,UNCOVERED
49968024,Wertheim - Freudenberg 27 km ENG 2026,wertheim - freudenberg,UNCOVERED
54366999,Wertheim - Freudenberg - Miltenberg 46 km ENG 2026,wertheim - freudenberg - miltenberg,UNCOVERED
55925393,Wertheim - Marktheidenfeld 23km ENG 2026,wertheim - marktheidenfeld,UNCOVERED
19355087,Wesel - Duisburg 40 km ENG 2026,wesel - duisburg,UNCOVERED
54768504,Wesel - Duisburg ENG 2026,wesel - duisburg,UNCOVERED
54768512,Wesel - Ruhrort/Duisburg 47 km ENG 2026,wesel - ruhrort/duisburg,UNCOVERED
29014327,Wijhe - Kampen (via Heerde / Hattem / Zwolle) 58 km ENG 2026,wijhe - kampen (via heerde / hattem / zwolle),UNCOVERED
32187675,Wijhe - Kampen (via Heerde / Hattem) 48 km ENG 2026,wijhe - kampen (via heerde / hattem),UNCOVERED
56138858,Wijk bij Duurstede - Wageningen 30km ENG 2026,wijk bij duurstede - wageningen,UNCOVERED
56140090,Wijk bij Duurstede - Wageningen (Gravel/bospad)(via heuvelrug) 44km ENG 2026,wijk bij duurstede - wageningen (gravel/bospad)(via heuvelrug),UNCOVERED
44992220,Willemstad - Tholen 36 km ENG 2026 (RS),willemstad - tholen (rs),UNCOVERED
26533538,Willemstad - Tholen (via Oud Vossemeer) 45 km ENG 2026,willemstad - tholen (via oud vossemeer),UNCOVERED
49428393,Winningen - Koblenz 11 km ENG 2026,winningen - koblenz,UNCOVERED
55487411,Winningen - Koblenz 11 km ENG 2026,winningen - koblenz,UNCOVERED
55924765,Winningen - Koblenz 11 km ENG 2026 (traced),winningen - koblenz (traced),UNCOVERED
55205179,Wormerveer - Zaanse Schans - Amsterdam (Buiksloot/tolhuis) 40 km ENG 2026,wormerveer - zaanse schans - amsterdam (buiksloot/tolhuis),UNCOVERED
55205213,Wormerveer - Zaanse Schans - Amsterdam (buiksloot/tolhuis) 48 km ENG 2026,wormerveer - zaanse schans - amsterdam (buiksloot/tolhuis),UNCOVERED
54342956,Wurzburg - Karlstadt - Lohr 59km ENG 2026,wurzburg - karlstadt - lohr,UNCOVERED
50087339,Zaandam  - 't Twiske (loop) 25 km ENG 2026,zaandam - 't twiske (loop),UNCOVERED
49227765,Zaandam - Alkmaar 45 km ENG 2026 (N),zaandam - alkmaar (n),UNCOVERED
31572269,Zaandam - Assendelft (loop) 24 km ENG 2026,zaandam - assendelft (loop),UNCOVERED
26772898,Zaandam - Haarlem (Spaarndamseweg) 33 km ENG 2026,zaandam - haarlem (spaarndamseweg),UNCOVERED
55498048,Zaandam - Hoorn 41km ENG (via Neck),zaandam - hoorn (via neck),UNCOVERED
55498736,Zaandam - Hoorn 41km ENG (via Neck),zaandam - hoorn (via neck),UNCOVERED
42897235,Zaandam - Purmerend - Hoorn ENG 2023,zaandam - purmerend - hoorn,UNCOVERED
27316581,Zaandam - Waterland (loop) 47 km ENG 2026,zaandam - waterland (loop),UNCOVERED
54500498,Zaandam - Zaanse Schans - Alkmaar (via Egmond & Bollen) 49 km ENG 2026,zaandam - zaanse schans - alkmaar (via egmond & bollen),UNCOVERED
54360750,Zaandam - Zaanse Schans - Alkmaar (via Egmond) 50 km ENG 2026 (white label),zaandam - zaanse schans - alkmaar (via egmond) (white label),UNCOVERED
26537161,Zaandam - Zaanse Schans - Alkmaar (via Heiloo) 39 km ENG 2026,zaandam - zaanse schans - alkmaar (via heiloo),UNCOVERED
54360749,Zaandam - Zaanse Schans - Alkmaar (via Heiloo) 39 km ENG 2026 (white label),zaandam - zaanse schans - alkmaar (via heiloo) (white label),UNCOVERED
53536917,Zaandam - Zaanse Schans - Alkmaar (via Schermer) 48 km (before 15 April) ENG 2026,zaandam - zaanse schans - alkmaar (via schermer) (before april),UNCOVERED
54360751,Zaandam - Zaanse Schans - Alkmaar (via Schermer) 48 km (before 15 April) ENG 2026 (white label),zaandam - zaanse schans - alkmaar (via schermer) (before april) (white label),UNCOVERED
54360752,Zaandam - Zaanse Schans - Alkmaar (via Schermer) 45 km ENG 2026 (white label),zaandam - zaanse schans - alkmaar (via schermer) (white label),UNCOVERED
53536593,Zaanse Schans - Alkmaar (via Egmond) 44 km ENG 2026,zaanse schans - alkmaar (via egmond),UNCOVERED
54360754,Zaanse Schans - Alkmaar (via Egmond) 44 km ENG 2026 (white label),zaanse schans - alkmaar (via egmond) (white label),UNCOVERED
53536590,Zaanse Schans - Alkmaar (via Heiloo) 36 km ENG 2026,zaanse schans - alkmaar (via heiloo),UNCOVERED
54360753,Zaanse Schans - Alkmaar (via Heiloo) 34 km ENG 2026 (white label),zaanse schans - alkmaar (via heiloo) (white label),UNCOVERED
54564673,Zaanse Schans - Amsterdam (Oosterdok) 37 km ENG 2026,zaanse schans - amsterdam (oosterdok),UNCOVERED
54564756,Zaanse Schans - Amsterdam (Oosterdok) 42 km ENG 2026,zaanse schans - amsterdam (oosterdok),UNCOVERED
54564948,Zaanse Schans - Amsterdam (Oosterdok) 31 km ENG 2026,zaanse schans - amsterdam (oosterdok),UNCOVERED
54723050,Zaanse Schans - Minervahaven ENG,zaanse schans - minervahaven,UNCOVERED
49206713,Zapuntel - Molat 9 km ENG 2026,zapuntel - molat,UNCOVERED
55924753,Zell (loop via Kinheim & Traben-Trarbach) 59 km ENG 2025 (traced),zell (loop via kinheim & traben-trarbach) (traced),UNCOVERED
55924822,Zell (loop via Kinheim & Traben-Trarbach) 59 km ENG 2025 (traced) (traced),zell (loop via kinheim & traben-trarbach) (traced) (traced),UNCOVERED
55924746,Zell - Bernkastel-Kues 44 km ENG 2026 (traced),zell - bernkastel-kues (traced),UNCOVERED
55924748,Zell - Cochem 37 km ENG 2026 (traced),zell - cochem (traced),UNCOVERED
35202201,Zons - Cologne 29 km ENG 2026,zons - cologne,UNCOVERED
54727587,Zwanenburg - Zaanse schans 45 km ENG 2026,zwanenburg - zaanse schans,UNCOVERED
55225396,Zwolle - Genemuiden - Kampen 36 km ENG 2026,zwolle - genemuiden - kampen,UNCOVERED
55226447,Zwolle - Zwartsluis - Kampen 54km ENG 2026,zwolle - zwartsluis - kampen,UNCOVERED
55381711,Épénancourt - Pont-l'Évêque (via Ham) 55 km ENG 2026,épénancourt - pont-l'évêque (via ham),UNCOVERED
26769824,Alphen a/d Rijn - Kudelstaart 27 km ENG 2026,alphen a/d rijn - kudelstaart,covered_by_sibling
54152898,Alphen a/d Rijn - Uithoorn 37 km ENG 2026,alphen a/d rijn - uithoorn,covered_by_sibling
54360746,Amsterdam (Buiksloterweg) - Zaanse Schans 37 km ENG 2026 (white label),amsterdam (buiksloterweg) - zaanse schans (white label),covered_by_sibling
53839238,Amsterdam (Hoxten) - Naarden - Diemen ENG 2025,amsterdam (hoxten) - naarden - diemen,covered_by_sibling
53844937,Amsterdam (Hoxten) - Naarden - Diemen ENG 2025,amsterdam (hoxten) - naarden - diemen,covered_by_sibling
55138425,Amsterdam (Hoxton) - Breukelen 36 km ENG 2026,amsterdam (hoxton) - breukelen,covered_by_sibling
55140588,Amsterdam (Hoxton) - Breukelen 35 km ENG 2026,amsterdam (hoxton) - breukelen,covered_by_sibling
55140931,Amsterdam (Hoxton) - Breukelen 41 km ENG 2026,amsterdam (hoxton) - breukelen,covered_by_sibling
55191934,Amsterdam (Hoxton) - Breukelen 38km ENG 2026,amsterdam (hoxton) - breukelen,covered_by_sibling
42508167,Amsterdam (Minerva) - Haarlem (loop) 50 km ENG 2026,amsterdam (minerva) - haarlem (loop),covered_by_sibling
55469680,Amsterdam (Minerva) - Haarlem (loop) 50 km ENG 2026,amsterdam (minerva) - haarlem (loop),covered_by_sibling
51081238,Amsterdam (Minerva) - Waterland (loop) 55 km ENG 2026,amsterdam (minerva) - waterland (loop),covered_by_sibling
55695442,Antwerpen - St. Amands  (Temse Vita Scheldebad) 39km ENG 2026,antwerpen - st. amands (temse vita scheldebad),covered_by_sibling
55551836,Aschaffenburg - Freudenberg 54km ENG 2026,aschaffenburg - freudenberg,covered_by_sibling
32069739,Auxerre - Joigny 50 km ENG 2026,auxerre - joigny,covered_by_sibling
31705543,Bosrandbrug - Amsterdam (Oosterdok) 23 km ENG 2026,bosrandbrug - amsterdam (oosterdok),covered_by_sibling
55819916,Bosrandbrug - Amsterdam (Veemkade) 36 km ENG 2026,bosrandbrug - amsterdam (veemkade),covered_by_sibling
55377858,Breukelen - Amsterdam 34 km ENG 2026,breukelen - amsterdam,covered_by_sibling
55695391,Bruges - Blankenberge (loop) 50km ENG 2026,bruges - blankenberge (loop),covered_by_sibling
53844945,Bruges - Blankenberge loop 55 km ENG 2025,bruges - blankenberge loop,covered_by_sibling
55695412,Bruges - Damme 36km ENG 2026,bruges - damme,covered_by_sibling
50032621,Comines - Kortrijk - Harelbeke 46 km ENG 2026,comines - kortrijk - harelbeke,covered_by_sibling
53899220,Comines - Kortrijk - Harelbeke 46 km ENG 2026,comines - kortrijk - harelbeke,covered_by_sibling
50952514,Copenhagen - Helsingør 48 km ENG 2026,copenhagen - helsingør,covered_by_sibling
53844943,Gent (Evergem) - Bruges (via Bulskampveld) 52 km ENG 2026,gent (evergem) - bruges (via bulskampveld),covered_by_sibling
54360765,Haarlem (Spaarndamseweg) - Keukenhof - Oude Wetering 37 km ENG 2026 (white label),haarlem (spaarndamseweg) - keukenhof - oude wetering (white label),covered_by_sibling
53520134,Harlingen - Kornwerderzand 39 km ENG 2026,harlingen - kornwerderzand,covered_by_sibling
53522464,Harlingen - Kornwerderzand 25 km ENG 2026,harlingen - kornwerderzand,covered_by_sibling
55187325,Harlingen - Kornwerderzand 27km ENG 2026,harlingen - kornwerderzand,covered_by_sibling
55187328,Harlingen - Kornwerderzand 41km ENG 2026,harlingen - kornwerderzand,covered_by_sibling
49322976,Helsingborg - Landskrona 27 km ENG 2026,helsingborg - landskrona,covered_by_sibling
54993996,Hoorn - Enkhuizen (via Medemblik) 51km ENG 2026,hoorn - enkhuizen (via medemblik),covered_by_sibling
55645515,Kitzingen - Schweinfurt 50 km ENG 2026,kitzingen - schweinfurt,covered_by_sibling
55376552,Kreekrak - Tholen 29km ENG 2026,kreekrak - tholen,covered_by_sibling
53451897,La Ferte - Meaux 52 km ENG 2026,la ferte - meaux,covered_by_sibling
53657634,Lehmen - Kobern - Winningen - Koblenz 21 km ENG 2025,lehmen - kobern - winningen - koblenz,covered_by_sibling
53519187,Lemmer - Sneek 49 km ENG 2026,lemmer - sneek,covered_by_sibling
53519193,Lemmer - Sneek 41 km ENG 2026,lemmer - sneek,covered_by_sibling
53520511,Lemmer - Sneek 46 km ENG 2026,lemmer - sneek,covered_by_sibling
54993968,Lemmer - Sneek 46 km ENG 2026,lemmer - sneek,covered_by_sibling
55024662,Lemmer - Sneek 39 km ENG 2026,lemmer - sneek,covered_by_sibling
49296004,Long - Abbeville 48 km ENG 2026,long - abbeville,covered_by_sibling
53899249,Long - Abbeville 48 km ENG 2026,long - abbeville,covered_by_sibling
19578005,Makkum - Stavoren 30 km ENG 2026,makkum - stavoren,covered_by_sibling
49463527,Medemblik (loop) 41 km ENG 2026,medemblik (loop),covered_by_sibling
48122195,Melun (loop) 37 km ENG 2026,melun (loop),covered_by_sibling
56135832,Melun (loop) 43km ENG 2026,melun (loop),covered_by_sibling
31558384,Nemours - Neronville 38 km ENG 2026,nemours - neronville,covered_by_sibling
28073200,Neronville - Montargis 31 km ENG 2026,neronville - montargis,covered_by_sibling
31582387,Neronville - Montargis 55 km ENG 2026,neronville - montargis,covered_by_sibling
26525041,Oberwesel - Rüdesheim 26 km ENG 2026,oberwesel - rüdesheim,covered_by_sibling
55582957,Roermond - Venlo 34 km ENG 2026,roermond - venlo,covered_by_sibling
53657628,Rüdesheim - Mainz 34 km ENG 2025,rüdesheim - mainz,covered_by_sibling
53657629,Rüdesheim - Mainz 39 km ENG 2026,rüdesheim - mainz,covered_by_sibling
49159629,Sankt Goar - Rüdesheim (via Bacharach & Bingen) 31 km ENG 2026,sankt goar - rüdesheim (via bacharach & bingen),covered_by_sibling
53576317,Sankt Goar - Rüdesheim (via Bacharach & Bingen) 31 km ENG 2026,sankt goar - rüdesheim (via bacharach & bingen),covered_by_sibling
53657627,Sankt Goar - Rüdesheim (via Bacharach & Bingen) 31 km ENG 2026,sankt goar - rüdesheim (via bacharach & bingen),covered_by_sibling
51571621,Sens - Pont-sur-Yonne 29 km ENG 2026,sens - pont-sur-yonne,covered_by_sibling
53522805,Sint Maartensvlotbrug - Alkmaar 29 km ENG 2026,sint maartensvlotbrug - alkmaar,covered_by_sibling
53522839,Sint Maartensvlotbrug - Alkmaar 37 km ENG 2026,sint maartensvlotbrug - alkmaar,covered_by_sibling
54993758,Sint Maartensvlotbrug - Alkmaar 30 km ENG 2026,sint maartensvlotbrug - alkmaar,covered_by_sibling
53520308,Sneek - Franeker 44 km ENG 2026,sneek - franeker,covered_by_sibling
54993913,Sneek - Franeker 57km ENG 2026,sneek - franeker,covered_by_sibling
54993919,Sneek - Franeker 45 km ENG 2026,sneek - franeker,covered_by_sibling
55379089,St. Amands - Antwerpen 41km ENG 2026,st. amands - antwerpen,covered_by_sibling
55376560,St. Amands - Antwerpen  (Ferry Kruibeke) 28km ENG 2026,st. amands - antwerpen (ferry kruibeke),covered_by_sibling
28984563,Terschelling (loop) 37 ENG km 2026,terschelling (loop),covered_by_sibling
50251054,Texel (loop Oudeschild) 50 km ENG 2026,texel (loop oudeschild),covered_by_sibling
26528291,Texel (loop Oudeschild) 42 km ENG 2026 reverse,texel (loop oudeschild) reverse,covered_by_sibling
55554800,Tholen - Antwerpen 54km ENG 2026,tholen - antwerpen,covered_by_sibling
55694275,Tholen - Antwerpen 55km ENG 2026,tholen - antwerpen,covered_by_sibling
55915882,Tholen - Antwerpen 55km ENG 2026,tholen - antwerpen,covered_by_sibling
43051811,Tholen - Bergen op Zoom - Antwerpen ENG 2025,tholen - bergen op zoom - antwerpen,covered_by_sibling
53844939,Tholen - Bergen op Zoom - Antwerpen ENG 2025,tholen - bergen op zoom - antwerpen,covered_by_sibling
54130512,Tholen - Bergen op Zoom - Antwerpen ENG 2026 ,tholen - bergen op zoom - antwerpen,covered_by_sibling
32077524,Villeneuve-sur-Yonne - Sens 54 km ENG 2026,villeneuve-sur-yonne - sens,covered_by_sibling
55804377,Villeneuve-sur-Yonne - Sens 52 km ENG 2026 (T),villeneuve-sur-yonne - sens (t),covered_by_sibling
43627653,Vinneuf - Moret  33 km ENG 2026,vinneuf - moret,covered_by_sibling
28984146,Vollenhove - Giethoorn 53 km ENG 2026,vollenhove - giethoorn,covered_by_sibling
49290730,Waregem - Kortrijk - Menen (via Flanders Field) 49 km ENG 2026,waregem - kortrijk - menen (via flanders field),covered_by_sibling
53518450,Wormerveer - Zaanse Schans - Amsterdam 40 km ENG 2026,wormerveer - zaanse schans - amsterdam,covered_by_sibling
53518570,Wormerveer - Zaanse Schans - Amsterdam 46 km ENG 2026,wormerveer - zaanse schans - amsterdam,covered_by_sibling
54993776,Wormerveer - Zaanse Schans - Amsterdam 40 km ENG,wormerveer - zaanse schans - amsterdam,covered_by_sibling
55007819,Wormerveer - Zaanse Schans - Amsterdam 40 km ENG,wormerveer - zaanse schans - amsterdam,covered_by_sibling
55024373,Wormerveer - Zaanse Schans - Amsterdam 46km ENG 2026,wormerveer - zaanse schans - amsterdam,covered_by_sibling
26569443,Ytres - Péronne 52 km ENG 2026,ytres - péronne,covered_by_sibling
31595351,Ytres - Péronne 39 km ENG 2026,ytres - péronne,covered_by_sibling
49223488,Zaandam - Amsterdam (Minerva) 32 km / 21 mi ENG 2026,zaandam - amsterdam (minerva) / mi,covered_by_sibling
29339437,Zell - Cochem 37 km ENG 2026,zell - cochem,covered_by_sibling
53657633,Zell - Cochem 37 km ENG 2026 kopie Marc,zell - cochem kopie marc,covered_by_sibling
