route_id,name,updated,n_cues,langs_found,lang_breakdown,guessed_language,lang_mixed,n_uturn_on_straight,n_turn_on_straight,quarantine,track_pts
18687306,Neronville - Nemours 45 km ENG 2026,2025-12-19T19:28:48Z,59,EN,EN:58,EN,,1,10,,805
19220574,Zaandam - Zaanse Schans - Alkmaar (via Egmond) 50 km ENG 2026,2026-04-08T13:39:55Z,104,"EN,NL","EN:88,NL:5",EN,YES,0,23,,1292
19353581,Rüdesheim - Mainz (via monastery) 39 km ENG 2026,2025-12-18T08:49:13Z,78,"DE,EN,NL","EN:59,DE:9,NL:1",EN,YES,0,33,,851
19353591,Remagen - Koblenz 46 km ENG 2026,2025-11-22T10:32:42Z,53,"EN,NL","EN:51,NL:2",EN,YES,0,17,,747
19353605,Cologne - Bonn 39 km ENG 2026,2026-06-10T07:51:34Z,39,"DE,EN","EN:29,DE:7",EN,YES,0,12,,612
19355087,Wesel - Duisburg 40 km ENG 2026,2025-11-22T09:56:50Z,63,"EN,NL","EN:53,NL:1",EN,YES,1,15,,711
19578005,Makkum - Stavoren 30 km ENG 2026,2025-12-10T10:04:26Z,38,EN,EN:36,EN,,1,4,,1152
22953130,Melun - Moret (via Barbizon & Fontainebleau) 40 km ENG 2026,2026-07-06T09:42:46Z,64,"DE,EN","EN:35,DE:25",EN,YES,0,12,,828
25208723,Lith - Cuijk  54 km ENG 2026,2025-12-17T10:15:42Z,79,"EN,NL","EN:73,NL:1",EN,YES,0,15,,1229
25307217,Roermond - Arcen 49 km ENG 2026,2026-06-08T09:37:47Z,99,"EN,NL","EN:97,NL:2",EN,YES,0,8,,1052
26525090,Rüdesheim - Mainz (via river) 32 km ENG 2026,2025-12-18T08:48:52Z,68,"DE,EN","DE:32,EN:22",DE,YES,1,27,,639
26528912,Haarlem Haarlem (Spaarndamseweg) - North Sea (loop) 41 km / 25 mi ENG 2026,2026-01-24T09:14:00Z,88,EN,EN:84,EN,,2,27,,1279
26537161,Zaandam - Zaanse Schans - Alkmaar (via Heiloo) 39 km ENG 2026,2025-12-22T15:41:12Z,98,"EN,NL","EN:77,NL:8",EN,YES,0,30,,1071
26544361,Breukelen - Utrecht (centrum) 36km / 22mi ENG 2026,2026-06-13T11:56:29Z,49,EN,EN:48,EN,,1,11,,935
26545114,Rotterdam - Delft (loop) 49 km / 31 mi ENG 2026,2026-01-11T09:43:34Z,143,"DE,EN","EN:128,DE:8",EN,YES,0,36,,1408
26560329,Denain - Tournai (via Marchiennes) 52 km ENG 2026,2025-12-17T13:09:11Z,82,"EN,NL","EN:78,NL:2",EN,YES,0,19,,2059
26571090,Bernkastel-Kues - Schweich 54 km ENG 2026,2025-12-08T09:53:58Z,74,"EN,NL","EN:72,NL:1",EN,YES,0,15,,1224
26575876,Compiègne - Pont-Sainte-Maxence 54 km ENG 2026,2026-06-03T08:32:37Z,60,EN,EN:59,EN,,2,9,,980
26581606,Trier (centre)  - Saarburg 29 km ENG 2026,2025-11-25T08:57:41Z,50,"EN,NL","EN:48,NL:1",EN,YES,0,20,,1201
26606503,Saarburg - Remich (via Mannebach) 44 km ENG 2026,2025-12-18T09:14:35Z,67,EN,EN:67,EN,,1,17,,1068
26609452,Remich - Saarburg (via river) 48 km ENG 2026,2025-11-25T09:43:02Z,53,"EN,NL","EN:51,NL:2",EN,YES,0,10,,1674
26609577,Saarburg - Trier (centre) (via Igel) 34 km ENG 2026,2025-11-25T09:20:07Z,60,"EN,NL","EN:56,NL:4",EN,YES,0,17,,1255
26609643,Schweich - Bernkastel-Kues 55 km ENG 2026,2025-12-20T10:55:13Z,90,"EN,NL","EN:72,NL:17",EN,YES,0,24,,1548
26609808,Richemont - Remich 52 km ENG 2026,2025-11-24T20:46:04Z,74,"EN,NL","EN:57,NL:17",EN,YES,1,17,,1229
26613278,Zell - Bernkastel-Kues 44 km ENG 2026,2026-05-06T08:39:38Z,60,"EN,NL","EN:58,NL:2",EN,YES,2,17,,926
26617076,Havrincourt - Arleux (via Vaucelles) 56 km ENG 2026,2025-12-04T21:47:25Z,68,"EN,NL","EN:65,NL:3",EN,YES,0,13,,1122
26632225,Wertheim - Lohr 44 km ENG 2026,2026-06-24T19:55:05Z,72,"DE,EN,NL","EN:55,NL:10,DE:5",EN,YES,1,22,,1193
26632242,Karlstadt - Würzburg - 34 km ENG 2026,2026-03-30T09:32:10Z,75,"EN,NL","EN:62,NL:12",EN,YES,1,24,,979
26632317,Hassfurt - Bamberg 39 km ENG 2026,2026-03-22T13:50:33Z,184,"EN,NL","NL:104,EN:67",NL,YES,2,35,,2596
26633088,Koblenz - Sankt Goar 37 km ENG 2026,2025-11-25T10:48:00Z,36,"EN,NL","EN:29,NL:3",EN,YES,0,12,,576
26660826,Cuijk - Lith  54 km ENG 2026 (deviations 2026),2026-05-13T14:42:05Z,87,"EN,NL","EN:74,NL:10",EN,YES,1,22,,1343
26832055,Zaandam - Zaanse Schans - Haarlem (Stadt) 32 km DEU 2026,2026-06-30T10:16:16Z,69,"DE,EN","DE:45,EN:11",DE,YES,0,23,,1147
26882950,Dendermonde - Gent Innenstadt 44 km DEU 2025,2026-02-19T13:35:36Z,89,"DE,EN","DE:54,EN:6",DE,YES,0,25,,1093
26882952,Dendermonde - Gent city centre 38 km DEU 2024 [GPS only] QUE,2026-02-19T13:36:12Z,77,"DE,EN","DE:36,EN:4",DE,YES,0,13,,844
26883464,Brügge - Gent Stadtmitte 50 km DEU 2025,2026-02-19T13:37:15Z,77,"DE,EN","DE:38,EN:7",DE,YES,0,22,,856
26884023,Kreekrak (west) - Tholen 34 km ENG 2026,2026-04-21T13:53:22Z,71,EN,EN:66,EN,,1,12,,645
26884027,Tholen - Willemstad (via Oud Vossemeer) 46 km ENG 2026,2026-03-09T13:01:59Z,60,EN,EN:60,EN,,1,12,,774
26884038,Tholen - Willemstad (via Steenbergen) 42 km ENG 2026,2025-12-17T21:44:38Z,67,EN,EN:67,EN,,1,16,,761
26920390,Gouda - Utrecht 39 km / 24 mi ENG 2026,2026-01-24T09:14:04Z,76,"EN,NL","EN:75,NL:1",EN,YES,0,25,,1003
26920863,Zaandam - Amsterdam (Minerva) 34 km DEU 2026,2026-07-01T14:06:35Z,72,"DE,NL","DE:60,NL:4",DE,YES,0,27,,1142
26920953,Breukelen - Utrecht (Neude) 16 km DEU 2026,2026-07-09T07:41:29Z,31,"DE,EN","DE:26,EN:1",DE,YES,0,8,,524
26920955,Rotterdam - Delft - Rotterdam 49 km DEU 2026,2026-07-01T09:42:34Z,144,"DE,EN","DE:96,EN:6",DE,YES,0,49,,1607
26920976,Haarlem - Nordsee - Haarlem 40 km DEU 2026,2026-07-09T07:51:33Z,86,"DE,EN","DE:62,EN:4",DE,YES,0,24,,1347
26920979,Zaandam - Amsterdam (Minerva) 54 km DEU 2026,2026-07-09T07:56:08Z,114,"DE,EN","DE:86,EN:7",DE,YES,0,35,,1792
26921011,Haarlem Haarlem (Spaarndamseweg) - North Sea (loop) 50 km / 31 mi ENG 2025- North Sea (loop) 50 km / 31 mi ENG 2026,2026-01-24T09:13:57Z,109,"EN,NL","EN:100,NL:6",EN,YES,0,29,,1699
26925532,Denain - Tournai (via Saint-Amands) 44 km ENG 2026,2025-12-17T13:09:20Z,82,"EN,NL","EN:77,NL:4",EN,YES,0,17,,1265
26933436,Pont-l'Évêque - Péronne 52 km ENG 2026,2025-12-17T12:48:23Z,48,EN,EN:48,EN,,1,9,,781
26964754,Tournai - Oudenaarde (hill) 50 km ENG 2026,2025-12-17T13:15:58Z,80,"EN,NL","EN:75,NL:3",EN,YES,0,12,,1113
28073200,Neronville - Montargis 31 km ENG 2026,2026-07-06T11:04:09Z,71,"DE,EN","EN:41,DE:26",EN,YES,1,18,,1238
28729101,Haudival - Péronne (via Ham & Péronne) 60 km ENG 2026,2025-12-17T12:48:16Z,53,"EN,NL","EN:33,NL:19",EN,YES,0,2,,855
28962067,Lagny - Meaux (gravel) 40 km ENG 2026,2025-12-17T14:00:13Z,62,"EN,NL","EN:52,NL:8",EN,YES,0,16,,1337
28984563,Terschelling (loop) 37 ENG km 2026,2026-06-28T19:03:32Z,38,"EN,NL","EN:34,NL:3",EN,YES,0,5,,767
29122747,Hoorn - Enkhuizen (via Midwoud) 44 km ENG 2026,2026-03-18T11:01:58Z,77,EN,EN:72,EN,,1,17,,1300
29179529,Alkmaar - Amsterdam (Oosterdok) (via Schermer) 54 km ENG 2026,2026-04-23T11:56:44Z,82,"EN,NL","EN:75,NL:2",EN,YES,0,10,,1447
29308350,Schengen - Thionville 35 km ENG 2026,2025-11-24T20:50:29Z,50,"DE,EN","EN:48,DE:1",EN,YES,0,14,,735
29495469,Alken - Cochem (via Eltz) 33 km ENG 2026,2025-11-25T10:22:55Z,46,EN,EN:46,EN,,1,18,,813
30195085,Péronne - Pont-l'Évêque 52 km ENG 2026,2026-05-29T15:58:02Z,52,EN,EN:52,EN,,1,6,,1012
30877904,Melun - Evry 29 km ENG 2026,2026-07-06T12:02:05Z,57,EN,EN:54,EN,,1,8,,687
31432899,Alkmaar - Zaanse Schans - Zaandam (via Heiloo) 37 km ENG 2026,2026-04-16T12:08:42Z,88,"EN,NL","EN:82,NL:1",EN,YES,0,24,,1037
31460434,Tholen - Kreekrak (east) 33 km ENG 2026,2025-12-01T20:18:01Z,51,EN,EN:51,EN,,1,6,,1020
31571004,Château-Thierry - La Ferté 40 km ENG 2026,2025-12-08T12:02:22Z,44,"EN,NL","EN:43,NL:1",EN,YES,1,9,,939
31571313,Dendermonde - Antwerp 52 km ENG 2026,2026-07-03T09:37:36Z,86,"EN,NL","EN:82,NL:3",EN,YES,0,21,,1386
31571337,Dendermonde - Antwerp (via waterbus) 42+8 km ENG 2026,2026-07-03T09:41:25Z,67,"EN,NL","EN:63,NL:3",EN,YES,0,13,,1192
31571497,Breukelen - Amsterdam (Minervahaven) 50 km ENG 2026,2025-12-08T16:29:35Z,57,"DE,EN","EN:53,DE:3",EN,YES,0,15,,1165
31572538,Zaandam - Hoorn 41 km DEU 2023,2026-02-25T11:43:56Z,62,"DE,EN","DE:46,EN:5",DE,YES,0,5,,661
31572539,Zaandam - Hoorn 50 km DEU 2023,2026-02-25T11:50:20Z,68,"DE,EN","DE:54,EN:6",DE,YES,0,9,,837
31575981,Nemours - Moret 31 km DEU 2026,2026-07-06T08:35:51Z,35,"DE,EN","EN:20,DE:10",EN,YES,0,5,,617
31594931,Ghent (Merelbeke) - Ghent  Centre - Oudenaarde 52 km ENG 2025,2026-02-19T14:05:58Z,127,"EN,NL","EN:124,NL:1",EN,YES,1,17,,1316
31596014,Auvers-sur-Oise - Paris (Bougival) (via Ax Majeur) 48 km ENG 2026,2026-05-22T18:47:18Z,117,"EN,NL","EN:109,NL:5",EN,YES,0,35,,1031
31596049,Auvers-sur-Oise - Paris (Bougival) 35 km ENG 2026,2026-05-22T18:47:22Z,95,"EN,NL","EN:86,NL:5",EN,YES,0,30,,929
31596961,Paris (Bougival) - Auvers-sur-Oise (via Ax Majeure) 48 km ENG 2026,2026-03-07T16:18:18Z,105,"EN,NL","EN:103,NL:2",EN,YES,0,29,,1053
31599992,Compiègne - Pont-l'Évêque (via Attichy) 52 km ENG 2026,2025-12-17T12:40:30Z,74,"EN,NL","EN:68,NL:4",EN,YES,0,24,,1019
31600403,Péronne - Ytres 53 km ENG 2026,2026-06-24T12:47:37Z,45,EN,EN:45,EN,,1,11,,1389
31612131,Paris (Bougival) - L'Isle-Adam 42 km ENG 2026,2025-12-17T12:22:33Z,102,"EN,NL","EN:101,NL:1",EN,YES,0,34,,1071
31612237,Ghent (Lovendegem) - Bruges (via Bulskampveld) 49 km ENG 2026,2025-12-17T21:00:16Z,77,"DE,EN,NL","EN:73,NL:3,DE:1",EN,YES,0,8,,877
32038058,Oudenaarde - Gavere - Ghent (CIty) 45 km DEU 2023,2026-02-19T14:10:52Z,53,"DE,EN,NL","DE:32,EN:4,NL:1",DE,YES,0,6,,776
32069739,Auxerre - Joigny 50 km ENG 2026,2025-12-12T07:59:12Z,66,"EN,NL","EN:65,NL:1",EN,YES,0,24,,1547
32079591,Gent (Merelbeke) - Stadtmitte - Oudenaarde 52 km DEU 2023,2026-02-19T13:41:24Z,130,"DE,EN,NL","NL:34,EN:13,DE:8",NL,YES,0,21,,1305
32188339,Huizen - Amsterdam (Minerva) (via Crailoo) 53 km ENG 2026,2026-05-27T19:05:29Z,105,EN,EN:103,EN,,2,22,,1783
32261520,Zaandam - Zaanse Schans - Alkmaar (via Schermer) 45 km ENG 2026,2026-01-11T09:43:31Z,86,"DE,EN","EN:70,DE:13",EN,YES,0,28,,1180
32288316,Texel (loop ferry) 49 km ENG 2026,2026-03-28T20:02:44Z,90,EN,EN:90,EN,,1,12,,1311
32289895,Stavoren (loop) 42 km ENG 2026 (N),2025-12-10T09:11:07Z,64,"DE,EN","EN:57,DE:6",EN,YES,0,13,,1158
34339974,Joigny - Auxerre 50 km ENG 2026,2025-12-11T12:40:39Z,60,"EN,NL","EN:58,NL:2",EN,YES,0,14,,1379
34340215,Montereau - Pont-sur-Yonne (via Misy-sur-Yonne) 34 km ENG 2026,2025-12-19T14:51:53Z,56,"EN,NL","EN:55,NL:1",EN,YES,0,13,,823
34340228,Montereau - Pont-sur-Yonne (via Voulx) 41 km ENG 2026,2025-12-19T14:50:18Z,45,"EN,NL","EN:43,NL:1",EN,YES,0,7,,735
34433224,Lochem - Holterberg - Deventer 65 km NLD 2026,2026-07-07T10:46:37Z,126,"EN,NL","NL:34,EN:12",NL,YES,0,17,,1161
34434118,Deventer - Olst - Veluwe - Zwolle 56 km NLD 2026,2025-12-31T15:09:16Z,148,"EN,NL","NL:71,EN:1",NL,YES,0,19,,1135
34434694,Zwolle - Zwartsluis - Kampen 54 km NLD 2026,2025-12-31T15:08:47Z,138,"EN,NL","NL:85,EN:4",NL,YES,0,13,,1892
34467409,Wageningen - Amerongen - Tiel 53km NLD 2026,2026-05-11T06:40:44Z,90,"EN,NL","EN:36,NL:19",EN,YES,0,13,,1150
34467534,Tiel - Geldermalsen - Leerdam - Gorinchem 59 km NLD 2026,2026-05-11T06:48:04Z,93,"EN,NL","NL:59,EN:21",NL,YES,0,20,,1689
34467647,Tiel - langs de Waal - Gorinchem 52km NLD 2026,2026-05-11T06:44:03Z,71,"EN,NL","NL:50,EN:3",NL,YES,0,8,,1557
34467841,Werkendam - Biesbosch - Heusden 60 km NLD 2026,2026-07-14T18:32:40Z,93,"EN,NL","NL:44,EN:43",NL,YES,0,25,,1442
34468017,Werkendam - Biesbosch - Heusden kort 53 km NLD 2026,2026-07-14T18:29:37Z,100,"EN,NL","NL:45,EN:32",NL,YES,1,19,,1408
34468107,Heusden - Loonse & Drunense Duinen - Heusden 47km NLD 2026,2026-05-11T07:34:37Z,96,"EN,NL","EN:47,NL:24",EN,YES,0,24,,1075
34468209,Heusden - Loonse & Drunense Duinen - Heusden kort 38km NLD 2026,2026-05-11T07:20:01Z,90,"EN,NL","EN:76,NL:10",EN,YES,0,22,,1010
34482223,Doesburg - Westervoort - Arnhem 22km NLD 2026,2026-04-16T10:49:54Z,38,"EN,NL","EN:11,NL:10",EN,YES,1,9,,542
34552253,Gent (Evergem) - Oudenaarde 45 km DEU 2023,2026-02-19T13:43:19Z,78,"DE,EN,NL","DE:28,EN:13,NL:4",DE,YES,0,16,,1129
34552387,Gent (Evergem) - Oudenaarde 51 km DEU 2023,2026-02-19T13:42:32Z,134,"DE,EN,NL","NL:25,DE:19,EN:10",NL,YES,0,23,,1232
34823325,"Test ride: Vianen 6,9 km ENG 2026",2026-07-03T14:36:54Z,13,"EN,NL","EN:11,NL:1",EN,YES,0,1,,233
35486927,Zwolle - Genemuiden - Kampen 36 km NLD 2026,2025-12-31T15:08:40Z,84,"EN,NL","NL:55,EN:2",NL,YES,0,9,,1002
38226611,Medemblik - Enkhuizen (via Twisk) 40 km ENG 2026,2026-01-20T08:51:09Z,73,"DE,EN","EN:70,DE:3",EN,YES,0,15,,1108
38685281,Compiègne - Soissons 46 km ENG 2026,2026-03-07T16:52:10Z,52,"EN,NL","EN:44,NL:8",EN,YES,1,21,,1325
38871267,Stavoren - Makkum 30 km NLD 2026,2026-06-11T14:08:08Z,34,"EN,NL","NL:7,EN:4",NL,YES,0,3,,686
38871271,Stavoren - Makkum 49 km NLD 2026,2026-06-11T14:08:46Z,62,"EN,NL","NL:17,EN:7",NL,YES,0,8,,1020
38871289,Grou - Sneek 53 km NLD 2026,2026-03-20T14:02:39Z,78,"DE,NL","NL:29,DE:2",NL,YES,0,5,,974
38871293,Grou - Sneek 46 km NLD 2026,2026-03-20T14:02:31Z,67,"EN,NL","NL:28,EN:1",NL,YES,0,4,,895
39329822,Harderwijk - Spakenburg (via Putten) 41 km ENG 2026,2025-12-08T09:28:38Z,89,"DE,EN","DE:46,EN:34",DE,YES,0,15,,1114
39609937,Auxerre - Joigny 37 km ENG 2026,2025-12-11T12:41:01Z,57,EN,EN:57,EN,,2,22,,991
41402920,Ghent (Merelbeke) - Oudenaarde (via Gavere) 32 km ENG 2026,2025-12-04T15:55:26Z,40,"EN,NL","EN:39,NL:1",EN,YES,0,6,,667
41445529,Denain - Tournai (via Marchiennes & Saint-Amand) 56 km ENG 2026,2025-12-17T13:09:17Z,87,"EN,NL","EN:83,NL:2",EN,YES,0,22,,1417
41450692,Oudenaarde - Astene - Ghent (City) 49 km DEU 2023,2026-02-19T14:12:59Z,124,"EN,NL","NL:78,EN:39",NL,YES,0,23,,981
41455218,Havrincourt - Arleux (via Masnières) 44 km ENG 2026,2026-05-14T18:50:09Z,67,"EN,NL","EN:64,NL:2",EN,YES,0,14,,963
41461169,Paris (Bougival) - Paris (Arsenal) (via La Defense) 32 km ENG 2026,2025-12-17T12:12:56Z,99,"EN,NL","EN:94,NL:5",EN,YES,0,34,,871
41669835,Harlingen - Franeker - Makkum (via coast) 40 km ENG 2026,2026-05-12T07:27:27Z,62,"EN,NL","EN:60,NL:2",EN,YES,0,17,,960
41739356,Pont-sur-Yonne - Sens 34 km ENG 2026,2025-12-19T14:47:29Z,62,"EN,NL","EN:58,NL:4",EN,YES,0,18,,952
41904110,Terschelling (loop) 42 km ENG 2026,2026-06-28T19:03:20Z,55,"EN,NL","EN:54,NL:1",EN,YES,0,13,,1005
42684471,Bergen op Zoom - Kreekrak (east) 29 km ENG 2026,2025-12-01T20:25:18Z,38,"DE,EN","EN:32,DE:1",EN,YES,1,7,,875
42897235,Zaandam - Purmerend - Hoorn ENG 2023,2026-02-25T12:16:31Z,64,"EN,NL","EN:63,NL:1",EN,YES,0,7,,1071
42901540,Zaandam - Purmerend - Hoorn DEU 2023,2026-02-25T12:15:47Z,64,"DE,EN","DE:47,EN:12",DE,YES,0,7,,1071
42901644,Zaandam - Purmerend - Hoorn NLD 2023,2026-02-25T11:52:42Z,64,"EN,NL","EN:12,NL:4",EN,YES,0,7,,1070
42967645,Zaandam - Hoorn 50 km NLD 2023,2026-02-25T12:18:46Z,67,"EN,NL","NL:9,EN:6",NL,YES,0,9,,828
43051811,Tholen - Bergen op Zoom - Antwerpen ENG 2025,2026-01-28T14:53:05Z,99,EN,EN:99,EN,,1,25,,1002
43196120,Mont-St-Pierre - Epernay (high) 54 km ENG 2026,2026-02-12T14:07:26Z,84,EN,EN:84,EN,,1,23,,1177
43198763,Lagny - Meaux (tarmac) 39 km ENG 2026,2025-12-17T14:00:06Z,62,"EN,NL","EN:57,NL:4",EN,YES,0,17,,1281
43278541,Lagny - Paris 37 km ENG 2026,2025-12-17T13:56:42Z,65,"EN,NL","EN:57,NL:7",EN,YES,0,25,,942
43310464,Sankt Goar - Koblenz 38 km ENG 2026,2025-11-25T10:47:37Z,39,"EN,NL","EN:38,NL:1",EN,YES,0,11,,647
43310476,Rüdesheim - Sankt Goar 33 km ENG 2026,2025-11-25T11:43:12Z,35,"EN,NL","EN:28,NL:7",EN,YES,1,18,,931
43310487,Mainz - Rüdesheim (via river) 34 km ENG 2026,2025-12-18T08:54:13Z,76,EN,EN:76,EN,,1,27,,735
43310501,Mainz - Rüdesheim (via monastery) 41 km ENG 2026,2025-12-18T08:54:14Z,110,EN,EN:110,EN,,2,44,,1142
43310508,Frankfurt - Mainz 40 km ENG 2026,2025-11-25T12:28:05Z,93,"EN,NL","EN:88,NL:5",EN,YES,0,39,,950
43533455,Schipperskerk - Maastricht 47 km ENG 2026,2025-11-17T20:49:21Z,99,"EN,NL","EN:97,NL:1",EN,YES,0,25,,1056
43547879,Dendermonde - Ghent (city) 38 km ENG 2026,2026-06-03T08:14:29Z,73,"EN,NL","EN:67,NL:3",EN,YES,0,10,,944
43627670,Vinneuf - Moret 38 km ENG 2026,2025-12-11T20:15:56Z,48,"EN,NL","EN:47,NL:1",EN,YES,0,9,,784
43906255,Stavoren - Lemmer 43 km NLD 2023,2026-01-20T20:24:54Z,55,"EN,NL","NL:10,EN:1",NL,YES,0,6,,776
44110014,Born - Zutendaal - Maastricht 60km NLD 2026,2026-04-24T09:42:02Z,129,"EN,NL","NL:118,EN:5",NL,YES,0,32,,1390
44277919,Thorn-Venlo  (via Roermond) 54 km NLD  2026,2026-04-24T09:45:16Z,129,"EN,NL","NL:117,EN:2",NL,YES,0,30,,1546
44574990,Beaumont - Chantilly - Pont-Ste-Maxence 46 km ENG 2026,2026-03-07T16:08:19Z,68,"EN,NL","EN:58,NL:7",EN,YES,0,15,,1140
44666741,Born - Eisden - Maastricht 45 km NLD 2026,2026-05-21T07:37:05Z,96,"EN,NL","NL:83,EN:6",NL,YES,0,31,,1096
44719219,Gent (City) - Gent (Lovendegem) 10km DEU 2025,2026-02-19T13:46:30Z,24,"DE,EN","EN:9,DE:9",EN,YES,0,8,,220
44719223,Gent (City) - Gent (Evergem) 8 km DEU 2025,2026-02-19T13:46:07Z,22,"DE,EN","DE:10,EN:8",DE,YES,0,7,,238
44935634,Epernay (loop via winelands & Ay) 21 km ENG 2026,2025-12-17T14:41:42Z,47,EN,EN:47,EN,,1,9,,415
44935654,"Epernay (loop via winelands, Ay & Mareuil-sur-Ay) 26 km ENG 2026",2025-12-17T14:41:48Z,52,"EN,NL","EN:47,NL:4",EN,YES,0,14,,581
44936014,Château-Thierry - La Ferté 58 km ENG 2026,2025-12-08T12:02:43Z,65,EN,EN:65,EN,,2,20,,1098
44937598,Meaux - Lagny (gravel) 41 km ENG 2026,2025-12-17T14:00:17Z,65,"EN,NL","EN:60,NL:4",EN,YES,0,16,,1253
44937599,Meaux - Lagny (tarmac) 40 km ENG 2026,2025-12-17T14:00:21Z,65,"EN,NL","EN:54,NL:9",EN,YES,0,13,,1381
44942344,Lagny (loop via Champs-sur-Marne) 23 km ENG 2026,2025-12-17T13:56:43Z,55,"EN,NL","EN:36,NL:19",EN,YES,0,24,,532
44991960,Schoonhoven - Alblasserdam 32 km ENG 2026 (RS),2025-12-17T11:26:31Z,59,"DE,EN","EN:39,DE:8",EN,YES,1,14,,679
44992477,Arcen - Cuijk 55 km ENG 2026,2026-06-08T10:03:50Z,115,"EN,NL","NL:58,EN:53",NL,YES,0,29,,1266
44992794,Lith - Den Bosch - Heusden 42 km ENG 2026 (RS),2025-12-17T13:55:47Z,89,"DE,EN","EN:87,DE:1",EN,YES,0,35,,1072
45028378,Maastricht - Bilzen(België) - Maastricht 54 km NLD 2026,2026-04-20T09:44:53Z,154,"EN,NL","NL:115,EN:31",NL,YES,0,35,,1451
45028842,Maastricht-Margraten/Valkenburg-Maastricht  46 km NLD 2026,2026-05-05T14:53:09Z,118,"EN,NL","NL:81,EN:27",NL,YES,1,36,,1485
45154200,Saarburg - Remich (via Saarschleife) 35 km ENG 2026,2025-11-25T09:44:18Z,57,EN,EN:57,EN,,1,10,,1927
45443829,Menen - Lille 36 km ENG 2026,2026-01-11T09:43:22Z,50,"EN,NL","EN:33,NL:13",EN,YES,0,14,,764
45918496,Paris (Bougival) - Paris (Arsenal) (via Versailles) 43 KM 2026,2025-12-17T12:22:42Z,162,"EN,NL","NL:137,EN:11",NL,YES,0,48,,1512
46008749,Kampen - Zwolle - Hattem - Kampen 51 km NLD 2026,2026-04-17T10:38:13Z,145,"DE,NL","NL:119,DE:4",NL,YES,1,38,,1475
46285906,Haarlem (city) - Leiden (via dunes) 46 km ENG 2026,2025-12-17T10:04:19Z,121,"EN,NL","EN:105,NL:2",EN,YES,1,33,,1362
47787302,Wijhe - Kampen (via Hattem) 38 km ENG 2026,2026-02-28T12:52:47Z,57,"DE,EN","EN:55,DE:1",EN,YES,0,15,,853
48396638,Vollenhove - Schokkerhaven (via Kamperland) 49 km ENG 2026,2025-12-09T21:21:25Z,54,"EN,NL","EN:52,NL:2",EN,YES,0,9,,1101
48424065,Schoonhoven - Alblasserdam 26 km ENG 2026 (RS),2025-12-17T11:26:32Z,36,"EN,NL","EN:33,NL:3",EN,YES,0,9,,617
48847519,Wageningen - Tiel 45 km NLD 2026,2026-05-11T06:36:34Z,75,"EN,NL","NL:59,EN:3",NL,YES,0,17,,1360
48989878,Doesburg - Doetinchem - Doesburg 44 km NLD 2026,2026-04-23T13:39:33Z,96,"EN,NL","NL:76,EN:15",NL,YES,0,33,,1210
48989960,Doesburg - Gaanderen - Doesburg 54 km NLD 2026,2026-04-23T13:38:30Z,126,"EN,NL","NL:92,EN:28",NL,YES,0,41,,1503
49133045,Volendam - Zaanse Schans 48 km ENG 2026,2026-03-30T19:31:21Z,88,"EN,NL","EN:79,NL:5",EN,YES,0,16,,1292
49142143,Pont-Ste-Maxence - Chantilly - Auvers-sur-Oise 59 km ENG 2026,2026-05-20T20:56:04Z,112,EN,EN:109,EN,,3,28,,1289
49159629,Sankt Goar - Rüdesheim (via Bacharach & Bingen) 31 km ENG 2026,2026-06-08T07:17:28Z,75,"EN,NL","EN:59,NL:13",EN,YES,0,26,,892
49159685,Rüdesheim - Mainz 40 km NLD 2026,2026-06-25T09:00:31Z,115,"EN,NL","NL:93,EN:5",NL,YES,0,45,,1274
49172310,Alkmaar - Zaandam (via Egmond) 52 km ENG 2026,2026-03-30T19:54:12Z,100,EN,EN:99,EN,,2,23,,1349
49226615,Cuijk - Venlo 66 km NLD 2026,2026-04-20T09:49:05Z,129,"EN,NL","NL:110,EN:7",NL,YES,0,27,,1802
49227765,Zaandam - Alkmaar 45 km ENG 2026 (N),2025-12-09T15:00:15Z,74,EN,EN:73,EN,,1,24,,1420
49227975,Alkmaar - Dunes (loop via Bergen) 34 km ENG 2026 (N),2025-12-09T15:50:12Z,61,EN,EN:61,EN,,1,16,,1048
49236778,Thorn - Venlo 55 km NLD 2026,2026-04-20T09:52:57Z,121,"EN,NL","NL:104,EN:10",NL,YES,0,20,,1490
49271812,Moerbrugge - Deinze 47 km ENG 2026,2026-07-06T10:55:11Z,81,"EN,NL","EN:78,NL:3",EN,YES,0,19,,1130
49272396,Menen - Lille (via Tyne Cot) 58 km ENG 2026,2026-01-11T09:43:40Z,121,"EN,NL","EN:102,NL:15",EN,YES,0,25,,1678
49284930,Moerbrugge - Deinze 58 km ENG 2026,2026-07-06T10:55:16Z,99,"EN,NL","EN:95,NL:4",EN,YES,0,18,,1528
49290474,Ytres - Péronne - Cappy 46 km ENG 2026,2026-07-06T11:31:59Z,52,EN,EN:52,EN,,1,14,,902
49290730,Waregem - Kortrijk - Menen (via Flanders Field) 49 km ENG 2026,2026-05-19T13:22:45Z,126,EN,EN:126,EN,,1,27,,1453
49291974,Cuijk - Kleve - Cuijk  55 km NLD 2026,2026-04-24T10:01:34Z,76,"EN,NL","NL:71,EN:1",NL,YES,0,16,,1310
49293250,Amiens - Samara 51 km ENG 2026,2025-03-20T08:47:26Z,93,"EN,NL","EN:78,NL:14",EN,YES,0,24,,1288
49293254,Corbie - Amiens 29 km ENG 2026,2025-03-20T08:47:00Z,62,"EN,NL","EN:45,NL:17",EN,YES,0,14,,1459
49295951,Samara - Long 39 km ENG 2026,2025-03-20T09:47:13Z,64,"EN,NL","NL:43,EN:20",NL,YES,0,12,,1444
49296004,Long - Abbeville 48 km ENG 2026,2025-03-20T08:47:43Z,68,"EN,NL","NL:35,EN:33",NL,YES,0,12,,1163
49296331,Mook - Grave - Mook 44 km NLD 2026,2026-04-28T15:39:57Z,102,"EN,NL","NL:93,EN:4",NL,YES,0,20,,1268
49322976,Helsingborg - Landskrona 27 km ENG 2026,2026-06-09T14:18:37Z,62,"EN,NL","EN:41,NL:19",EN,YES,0,15,,743
49322980,Rødvig - Køge 44 km ENG 2026,2026-04-24T08:01:34Z,63,EN,EN:63,EN,,1,7,,861
49322986,Køge - Stevns Klint (loop) 62 km ENG 2026,2026-05-12T16:00:28Z,57,"EN,NL","EN:46,NL:10",EN,YES,0,11,,1211
49322998,Malmö (loop) 27 km ENG 2026,2026-05-12T15:28:32Z,109,"EN,NL","EN:108,NL:1",EN,YES,0,30,,884
49424070,Rüdesheim - Mainz 34 km ENG 2026,2026-06-09T12:14:44Z,94,"EN,NL","EN:92,NL:2",EN,YES,0,33,,970
49428393,Winningen - Koblenz 11 km ENG 2026,2026-05-29T07:31:18Z,22,"EN,NL","EN:20,NL:2",EN,YES,0,9,,321
49434555,Havrincourt - Douai 47 km ENG 2026,2025-03-20T13:16:51Z,81,"EN,NL","EN:71,NL:10",EN,YES,0,17,,1416
49434614,Deinze - Bruges 46 km ENG 2026,2025-03-21T11:00:24Z,69,"EN,NL","EN:54,NL:14",EN,YES,0,10,,1431
49434634,Harelbeke - Deinze 49 km ENG 2026 Michiel,2025-01-11T11:27:45Z,125,"EN,NL","EN:105,NL:20",EN,YES,0,34,,1666
49440887,Harelbeke - Oudenaarde - Deinze 57 km ENG 2026,2025-03-20T15:48:05Z,138,EN,EN:138,EN,,1,32,,1567
49499230,Huizen - Amsterdam (Tolhuis-Buiksloterweg) (via Crailoo) 50 km ENG 2025,2026-05-27T19:02:15Z,100,EN,EN:98,EN,,1,17,,1698
49523012,Breukelen - Utrecht (Neude) 17 km NLD 2026,2026-06-13T12:26:14Z,39,"EN,NL","NL:29,EN:8",NL,YES,0,7,,524
49523229,Breukelen - Utrecht (Neude) 36 km NLD 2026,2026-06-13T12:29:16Z,55,"EN,NL","NL:43,EN:5",NL,YES,1,12,,983
49523348,Rotterdam - Delft - Rotterdam 49 km NLD 2026,2026-06-25T09:47:13Z,142,"EN,NL","NL:133,EN:4",NL,YES,0,34,,1396
49523350,Alblasserdam - Kinderdijk - Gouda - Schoonhoven 45 km NLD 2025,2026-04-15T06:40:30Z,99,"EN,NL","NL:89,EN:7",NL,YES,0,27,,1593
49523364,Gouda - Utrecht 39 km NLD 2026,2026-07-07T08:07:02Z,77,"DE,NL","NL:72,DE:2",NL,YES,0,28,,959
49578546,Den Helder - Anna Paulowna (loop) 51 km ENG 2026,2026-01-11T09:43:38Z,63,"DE,EN","EN:53,DE:6",EN,YES,0,16,,1187
49672078,Don - Arleux (via Lens / Vimy) 65 km ENG 2026,2025-03-20T08:43:47Z,106,"EN,NL","EN:102,NL:3",EN,YES,0,19,,1738
49672937,Hoorn - Alkmaar - Schoorl 39 km DEU 2025,2026-02-25T12:23:20Z,78,"DE,EN","DE:13,EN:9",DE,YES,0,14,,1266
49681201,TestfahrtHoorn 7 km DEU 2025,2026-02-25T12:22:33Z,34,"DE,EN","EN:7,DE:5",EN,YES,0,7,,257
49681573,Hoorn - Alkmaar - Schoorl  47 km DEU 2025,2026-02-25T12:23:55Z,104,"DE,EN","EN:8,DE:3",EN,YES,0,15,,1588
49689224,Schweinfurt – Kitzingen 60 km ENG 2026,2026-03-29T18:16:41Z,127,"EN,NL","EN:112,NL:15",EN,YES,0,42,,1427
49812023,Hoorn - Enkhuizen (via Midwoud) 44 km NLD 2026,2026-03-23T19:04:27Z,79,"EN,NL","NL:73,EN:1",NL,YES,1,20,,1322
49812033,Volendam - Zaanse Schans 48 km NLD 2026,2026-03-30T19:34:12Z,89,"EN,NL","NL:84,EN:2",NL,YES,0,15,,1316
49812072,Haarlem (Spaarndamseweg) - Amsterdam 33 km NLD 2026,2026-04-23T12:17:21Z,86,"EN,NL","NL:70,EN:10",NL,YES,0,15,,1148
49812074,Haarlem (Spaarndamseweg) - Amsterdam 39 km NLD 2026,2026-04-23T12:16:39Z,100,"EN,NL","NL:83,EN:11",NL,YES,0,14,,1387
49940703,Amiens - Samara 42 km ENG 2026,2025-03-20T08:47:17Z,77,"EN,NL","EN:67,NL:9",EN,YES,0,17,,1118
49967945,Bikefittingride Aschaffenburg 11km/6 miles,2026-06-22T04:38:08Z,31,"EN,NL","NL:25,EN:5",NL,YES,0,6,,560
49968024,Wertheim - Freudenberg 27 km ENG 2026,2026-03-29T19:34:03Z,45,"DE,EN","EN:33,DE:11",EN,YES,0,13,,760
49977604,Long - Abbeville 57 km ENG 2026,2025-03-21T10:19:08Z,55,"EN,NL","NL:31,EN:22",NL,YES,0,16,,1149
49991813,Würzburg - Marktbreit 29 km ENG 2026,2026-03-29T18:36:55Z,94,"EN,NL","EN:85,NL:9",EN,YES,0,30,,956
50031097,Havrincourt - Cambrai - Douai 61 km ENG 2026,2025-03-20T13:21:14Z,112,"EN,NL","EN:99,NL:13",EN,YES,0,21,,1846
50031347,Havringcourt - Douai 47 km ENG 2026,2026-01-11T21:38:03Z,81,"EN,NL","EN:71,NL:10",EN,YES,0,17,,1416
50031384,Douai - Lille (via Lens) 65 km ENG 2026,2025-12-11T22:07:52Z,146,EN,EN:146,EN,,1,49,,1730
50032598,Comines - Kortrijk - Harelbeke (via Tyne Cot) 53 km ENG 2026,2025-12-09T22:05:11Z,104,"EN,NL","EN:96,NL:8",EN,YES,0,17,,1473
50032621,Comines - Kortrijk - Harelbeke 46 km ENG 2026,2025-03-20T15:34:05Z,91,"EN,NL","EN:83,NL:8",EN,YES,0,12,,1285
50040474,Comines - Kortrijk - Harelbeke 39 km ENG 2026,2025-03-21T10:52:27Z,80,"EN,NL","EN:72,NL:8",EN,YES,1,11,,1135
50095735,Zaandam - Twiske (Schleife) 25 km DEU 2026,2026-03-26T19:34:06Z,70,"DE,EN","DE:52,EN:1",DE,YES,0,23,,837
50264683,Akersloot - Amsterdam (Oosterdok) (before 15 April) 43 km ENG 2026,2025-12-19T15:19:15Z,77,"EN,NL","EN:73,NL:4",EN,YES,0,23,,1154
50264946,Akersloot - Amsterdam (Oosterdok) (before 15 April) 36 km ENG 2026,2025-12-19T15:02:21Z,63,"EN,NL","EN:59,NL:4",EN,YES,1,14,,1006
50375527,Kampen - Schokland (loop) 45 km ENG 2026,2026-06-05T15:22:43Z,72,"DE,EN","EN:69,DE:2",EN,YES,0,13,,1200
50376014,Mook - Kranenburg (D) - Nijmegen vlak 51 km NLD 2026,2026-01-12T13:32:48Z,66,"EN,NL","NL:41,EN:1",NL,YES,0,11,,952
50553936,Danube Island - Tulln 34 km/21 mi ENG 2026,2025-12-20T18:06:37Z,59,EN,EN:59,EN,,1,23,,806
50680179,"Test ride: Utrecht 5,7 km ENG 2026",2026-01-12T10:18:58Z,19,"EN,NL","EN:18,NL:1",EN,YES,0,2,,138
50755585,Trier (centre) - Saarburg (via Igel) 35 km ENG 2026,2025-11-25T09:20:06Z,77,"EN,NL","EN:74,NL:2",EN,YES,1,25,,1284
50755641,Trier (Ostkai / Pfalzel)  - Saarburg 38 km ENG 2026,2025-11-25T09:11:32Z,60,"EN,NL","EN:58,NL:1",EN,YES,0,19,,1397
50830650,Remich - Thionville 45 km ENG 2026,2025-11-24T20:37:03Z,64,"DE,EN,NL","EN:61,NL:1,DE:1",EN,YES,0,20,,1033
51001926,Nijmegen - Tolkamer - Arnhem 55 km NL 2026,2025-12-31T14:22:44Z,98,"EN,NL","NL:63,EN:5",NL,YES,0,24,,1937
51406196,Mainz - Rüdesheim (via winelands) 35 km ENG 2026,2025-12-18T08:54:32Z,96,"EN,NL","EN:93,NL:3",EN,YES,1,25,,860
51414792,Melun - Moret (via Barbizon) 47 km ENG 2026,2025-12-19T21:10:30Z,83,"EN,NL","EN:64,NL:19",EN,YES,0,20,,1509
51552649,Test ride: Auxerre 13 km ENG 2026,2025-12-11T11:34:39Z,51,EN,EN:51,EN,,1,16,,409
51571621,Sens - Pont-sur-Yonne 29 km ENG 2026,2025-12-19T14:47:54Z,51,"DE,EN","EN:22,DE:15",EN,YES,0,16,,652
51605671,Montereau - Pont-sur-Yonne (via Misy-sur-Yonne) 41 km ENG 2026,2025-12-19T14:50:54Z,59,"EN,NL","EN:38,NL:20",EN,YES,0,9,,1719
51719996,Kampen - Hattem (loop) 54 km ENG 2026,2026-01-12T22:41:21Z,117,"EN,NL","NL:59,EN:51",NL,YES,0,41,,1370
51839345,Dordrecht // Alblasserdam - Kinderdijk - Vreeswijk 58 km ENG 2026,2026-07-10T12:49:13Z,83,"EN,NL","EN:80,NL:3",EN,YES,0,23,,1442
51853957,Huizen - Utrecht 54 km ENG 2025 ALT,2026-01-12T22:34:33Z,100,EN,EN:100,EN,,1,29,,1508
52043732,Sas van Gent - Terneuzen 55 km 2026,2026-01-12T16:30:57Z,83,"DE,EN","DE:72,EN:6",DE,YES,0,6,,897
52088191,Paris (Bougival) - Versailles (loop) 35 km ENG 2026,2026-01-11T09:43:22Z,130,"EN,NL","NL:84,EN:40",NL,YES,0,43,,1042
52509702,Amsterdam (Minerva) - Haarlem (loop) 40 km ENG 2026,2026-01-24T09:13:30Z,86,EN,EN:86,EN,,1,13,,989
52673440,Paris (city) - Paris (Bougival) (via La Défence) 33 km ENG 2026,2025-12-04T22:03:42Z,129,"EN,NL","EN:128,NL:1",EN,YES,0,54,,985
52683725,Lemmer - Stavoren 33 km ENG 2025,2026-01-20T20:21:07Z,53,"DE,EN","EN:51,DE:2",EN,YES,0,19,,815
52683750,Lemmer - Stavoren 43 km ENG 2025,2026-01-20T20:20:59Z,72,"DE,EN","EN:70,DE:1",EN,YES,0,26,,1102
52741225,Pont-Ste-Maxence - Compiègne (hills / Pièrrefonds) 54 km ENG 2026,2026-05-19T18:12:19Z,61,"EN,NL","EN:53,NL:8",EN,YES,0,10,,1482
53330377,Gouda - Vreeswijk 40 km ENG 2026,2025-11-28T16:27:48Z,73,"EN,NL","EN:63,NL:10",EN,YES,0,14,,1013
53384736,Rüdesheim - Mainz (via winelands) 33 km ENG 2026,2025-12-18T08:49:25Z,84,"DE,EN","EN:51,DE:24",EN,YES,2,27,,663
53469343,Compiègne - Pont-Ste-Maxence 42 km ENG 2026,2025-12-08T10:38:43Z,54,EN,EN:53,EN,,2,12,,844
53470002,Dormans - Epernay (high - challenging) 44 km ENG 2026,2025-12-17T14:20:40Z,71,EN,EN:70,EN,,1,17,,1022
53517876,Alkmaar - Zaanse Schans - Zaandam (via Egmond Binnen) 46 km ENG 2026 ,2026-01-11T09:43:31Z,129,EN,EN:128,EN,,1,45,,1306
53518101,Dendermonde - Ghent (city) 39 km ENG 2026 (X),2026-02-19T14:22:11Z,80,"EN,NL","EN:74,NL:3",EN,YES,0,14,,943
53518450,Wormerveer - Zaanse Schans - Amsterdam 40 km ENG 2026,2025-12-15T16:34:37Z,80,EN,EN:80,EN,,1,21,,1003
53518570,Wormerveer - Zaanse Schans - Amsterdam 46 km ENG 2026,2025-12-15T16:35:32Z,85,EN,EN:85,EN,,1,23,,1111
53518625,Sneek - Lemmer 50 km (via Heeg) ENG 2026,2026-01-27T15:32:12Z,90,"EN,NL","EN:76,NL:14",EN,YES,0,22,,1321
53535791,Alkmaar - Zaandam (via Egmond Binnen) 47 km ENG 2026,2026-04-06T09:58:45Z,119,EN,EN:119,EN,,1,38,,1178
53536917,Zaandam - Zaanse Schans - Alkmaar (via Schermer) 48 km (before 15 April) ENG 2026,2026-01-11T09:43:33Z,91,"DE,EN","EN:75,DE:13",EN,YES,0,37,,1236
53538533,Haarlem (Spaarndamseweg) - Alkmaar (via dunes) 51 km ENG 2026,2026-04-23T12:38:34Z,110,"EN,NL","EN:107,NL:3",EN,YES,1,24,,1297
53543790,Alkmaar - Amsterdam (Oosterdok) (via Schermer) (before 15 April) 53 km ENG 2026,2026-04-23T12:14:34Z,95,"EN,NL","EN:91,NL:4",EN,YES,0,26,,1399
53546106,Moret - Melun (via Barbizon) 47km ENG 2026,2026-07-06T11:56:40Z,77,"EN,NL","EN:61,NL:9",EN,YES,1,25,,1295
53564093,Rüdesheim - Mainz 40km ENG 2026,2026-05-27T12:09:28Z,157,"DE,EN","EN:129,DE:17",EN,YES,3,41,,1348
53576317,Sankt Goar - Rüdesheim (via Bacharach & Bingen) 31 km ENG 2026,2026-01-11T09:43:21Z,76,"EN,NL","EN:60,NL:13",EN,YES,1,24,,867
53657627,Sankt Goar - Rüdesheim (via Bacharach & Bingen) 31 km ENG 2026,2026-01-11T09:43:20Z,66,"EN,NL","EN:50,NL:13",EN,YES,0,24,,855
53657628,Rüdesheim - Mainz 34 km ENG 2025,2026-01-05T07:28:49Z,88,"EN,NL","EN:86,NL:2",EN,YES,0,32,,951
53657735,Rüdesheim - Mainz 39 km DEU 2026,2026-02-28T12:53:59Z,149,"DE,EN","DE:117,EN:1",DE,YES,0,46,,887
53657793,Mainz - Winningen - Burg Eltz - Treis - Karden (Via eltz) 40 km DEU 2025,2026-01-05T08:28:55Z,65,"DE,EN","DE:46,EN:8",DE,YES,0,29,,855
53657841,Zell - Bernkastel - Kues 45 km DEU 2026,2026-05-12T07:50:13Z,64,"DE,EN","EN:49,DE:11",EN,YES,0,20,,899
53657973,Mainz - Winningen - Burg Eltz - Treis - Karden (über Eltz) 40 km DEU 2026,2026-01-25T20:56:48Z,65,"DE,EN","DE:46,EN:8",DE,YES,0,29,,855
53665190,"Testfahrt: Amsterdam (Oosterdok) 4,8 km DEU 2026",2026-04-30T13:13:13Z,10,"DE,EN","DE:8,EN:1",DE,YES,0,2,,136
53665211,Zaandam - Zaanse Schans - Haarlem (Stadt) (über IJmuiden) 51 km DEU 2026,2026-04-30T13:39:12Z,138,DE,DE:103,DE,,2,42,,1522
53665215,Haarlem (Stadt) - Leiden (über Cruquius) 40 km DEU 2026,2026-04-30T13:36:13Z,100,"DE,EN","DE:80,EN:1",DE,YES,0,28,,1181
53665222,Haarlem (Stadt) - Leiden (durch Dünen) 46 km DEU 2026,2026-04-30T13:36:11Z,114,DE,DE:90,DE,,1,40,,1259
53665224,Leiden - Delft (über Zoetermeer) 32 km DEU 2026,2026-04-30T13:34:23Z,72,"DE,EN","DE:62,EN:1",DE,YES,1,16,,948
53665234,Alblasserdam - Kinderdijk - Gouda (über Schoonhoven) 44 km DEU 2026,2026-05-20T14:21:12Z,90,"DE,EN","DE:54,EN:15",DE,YES,0,26,,1143
53665236,Gouda - Kudelstaart 47 km DEU 2026,2026-04-30T13:27:46Z,68,"DE,EN","DE:58,EN:2",DE,YES,0,14,,1139
53665442,Haarlem (Stadt) - Keukenhof - Leiden 37 km DEU 2026,2026-04-24T08:22:21Z,94,"DE,EN","DE:70,EN:3",DE,YES,0,19,,946
53665448,Leiden - Gouda 38 km DEU 2026,2026-03-27T09:41:48Z,65,"DE,EN","DE:50,EN:1",DE,YES,0,17,,822
53665450,Leiden - Gouda 46 km DEU 2026,2026-03-27T09:41:49Z,89,DE,DE:76,DE,,1,25,,1100
53665469,Amsterdam (Buiksloterweg) - Zaanse Schans 37 km DEU 2026,2026-03-27T09:58:00Z,89,DE,DE:78,DE,,1,30,,1051
53665480,Zaanse Schans - Alkmaar (über Heiloo) 34 km DEU 2026,2026-03-27T11:04:32Z,104,DE,DE:89,DE,,1,33,,913
53665486,Purmerend - Alkmaar (über Heiloo) 37 km DEU 2026,2026-03-27T11:08:13Z,85,DE,DE:76,DE,,1,28,,889
53665491,Alkmaar - Dünen (Schleife über Bergen & Schoorl) 39 km DEU 2026 (N),2026-04-07T14:41:02Z,71,"DE,EN","DE:59,EN:1",DE,YES,1,20,,1074
53665503,Akersloot - Amsterdam (Oosterdok) 39 km DEU 2026,2026-03-27T10:52:28Z,52,"DE,EN","DE:41,EN:2",DE,YES,0,15,,913
53665553,Zaandam - Zaanse Schans - Alkmaar (über Schermer) 45 km DEU 2026,2026-03-27T11:17:53Z,84,DE,DE:66,DE,,1,29,,1160
53665613,Zaandam - Zaanse Schans - Alkmaar (über Egmond) 50 km DEU 2026,2026-03-27T11:03:28Z,127,"DE,EN","DE:102,EN:2",DE,YES,0,39,,1341
53665617,Zaandam - Zaanse Schans - Alkmaar (über Heiloo) 39 km DEU 2026,2026-03-27T11:02:15Z,111,DE,DE:95,DE,,1,42,,1072
53665636,Haarlem - Keukenhof (Schleife) 48 km DEU 2026,2026-03-27T08:07:05Z,138,"DE,NL","DE:108,NL:2",DE,YES,2,46,,1455
53668162,Zaandam - Haarlem (Spaarndamseweg) 33 km DEU 2026,2026-03-24T14:38:33Z,69,DE,DE:52,DE,,1,21,,857
53668174,Haarlem (Spaarndamseweg) - Keukenhof - Oude Wetering 55 km DEU 2026 POI-DEU,2026-03-27T09:19:45Z,119,DE,DE:102,DE,,1,27,,1351
53668200,Alkmaar - Zaanse Schans - Zaandam (über Schermer) 45 km DEU 2026,2026-01-16T12:51:25Z,79,DE,DE:53,DE,,1,23,,1088
53668265,Haarlem - Amsterdam 39 km DEU 2026,2026-04-13T10:01:54Z,86,"DE,EN","DE:63,EN:1",DE,YES,1,16,,1200
53668278,Leiden - Delft - Rotterdam (Coolhaven) 44 km DEU 2026,2026-04-30T13:12:32Z,73,"DE,EN","DE:56,EN:2",DE,YES,0,17,,1172
53668290,Breukelen - Amsterdam (Oosterdok) 47 km DEU 2026,2026-07-03T13:03:48Z,62,DE,DE:52,DE,,1,20,,1352
53668484,Testfahrt: Maastricht 12 km DEU 2026,2026-04-29T06:49:45Z,41,"DE,NL","DE:31,NL:1",DE,YES,1,8,,361
53668487,Schipperskerk - Roermond 40 km DEU 2026,2026-04-29T06:58:46Z,102,"DE,EN","DE:85,EN:2",DE,YES,0,22,,1091
53668524,Weesp - Utrecht (Keulsekade) 45 km DEU 2026,2026-04-29T07:31:59Z,54,"DE,EN","DE:43,EN:2",DE,YES,0,14,,1231
53668539,Schipperskerk - Maastricht 47 km DEU 2026,2026-04-29T06:54:39Z,107,"DE,EN","DE:84,EN:1",DE,YES,0,35,,1080
53668708,Wageningen - Arnhem (via Veluwe) DEU 43 km 2026,2026-01-22T13:34:18Z,83,"DE,EN","DE:65,EN:1",DE,YES,0,23,,990
53668712,Doesburg - Zutphen 27 km DEU 2026,2026-01-21T16:45:40Z,46,"DE,EN","DE:39,EN:2",DE,YES,0,15,,673
53668714,Doesburg - Zutphen (über Vorden) 44 km DEU 2026,2026-01-21T16:41:04Z,81,"DE,EN","DE:69,EN:4",DE,YES,0,17,,1033
53668720,Wijhe - Kampen (über Heerde / Hattem) 48 km DEU 2026,2026-01-21T16:50:43Z,87,"DE,EN","DE:65,EN:1",DE,YES,0,21,,1282
53668724,Wijhe - Kampen (über Heerde / Hattem / Zwolle) 58 km DEU 2026,2026-01-22T09:32:51Z,133,"DE,EN","DE:100,EN:1",DE,YES,0,36,,1541
53668735,Huizen - Amsterdam (Buiksloterweg) 35 km DEU 2026,2026-05-27T18:51:38Z,65,"DE,EN","DE:35,EN:6",DE,YES,0,17,,938
53668738,Huizen - Amsterdam (Oosterdok) (via Crailoo) 50 km DEU 2026,2026-01-22T13:34:46Z,97,"DE,EN","DE:68,EN:1",DE,YES,0,21,,1655
53668739,Huizen - Amsterdam (Minerva) 38 km DEU 2026,2026-05-27T18:56:48Z,67,"DE,EN","DE:41,EN:3",DE,YES,1,21,,1018
53668740,Huizen - Amsterdam (Minerva) (über Crailoo) 53 km DEU 2026,2026-05-27T18:55:54Z,96,"DE,EN","DE:72,EN:1",DE,YES,0,27,,1754
53668742,Wageningen - Arnhem (über Heteren & Airborne Museum) 27 km DEU 2026,2026-01-21T17:44:43Z,72,"DE,NL","DE:53,NL:1",DE,YES,0,9,,796
53668743,Doesburg - Deventer (über Zutphen) 45 km DEU 2026,2026-01-22T13:20:21Z,80,"DE,EN","DE:65,EN:1",DE,YES,0,24,,1091
53668755,Harderwijk - Huizen  (über Putten - Spakenburg) 62 km DEU 2026,2026-01-22T09:17:00Z,125,"DE,EN","DE:103,EN:1",DE,YES,0,30,,1660
53677032,Vreeswijk - Kinderdijk - Alblasserdam // Dordrecht 57 km DEU 2026,2026-01-25T20:11:28Z,92,DE,DE:66,DE,,1,25,,1414
53677057,Tholen - Kreekrak (Ost) 32 km DEU 2026,2026-02-26T08:47:47Z,67,DE,DE:58,DE,,1,13,,738
53677080,Antwerp - Dendermonde 53 km DEU 2026,2026-01-26T08:34:50Z,98,"DE,NL","DE:75,NL:3",DE,YES,0,35,,1445
53677087,Bruges - De Haan (Schleife) 51 km DEU 2026,2026-02-26T08:37:38Z,92,"DE,EN","DE:79,EN:1",DE,YES,1,18,,1340
53677094,Bruges - Damme (Schleife) 22 km DEU 2026,2026-07-03T09:59:21Z,48,"DE,EN","DE:34,EN:2",DE,YES,0,20,,552
53677104,Willemstad - Bergen op Zoom (über Steenbergen) 39 km DEU 2026,2026-02-26T11:13:24Z,73,"DE,EN","DE:52,EN:1",DE,YES,0,15,,802
53677132,Antwerp - St. Amands (mit Waterbus) 30 km DEU 2026,2026-02-26T12:01:12Z,55,"DE,EN","DE:39,EN:2",DE,YES,0,16,,967
53677135,Bergen op Zoom - Kreekrak (Ost) 29 km DEU 2026,2026-04-21T14:12:13Z,53,"DE,EN","DE:40,EN:3",DE,YES,0,12,,681
53677141,Tholen - Kreekrak (West) 34 km DEU 2026,2026-04-21T14:10:32Z,71,"DE,EN","DE:59,EN:3",DE,YES,1,11,,749
53677156,Dendermonde - Ghent (Stadt) 39 km DEU 2026,2026-02-26T08:24:13Z,91,"DE,EN","DE:70,EN:2",DE,YES,0,22,,928
53677165,Moerbrugge - Bruges 41 km DEU 2026,2026-02-26T08:59:10Z,98,DE,DE:80,DE,,1,25,,1018
53677181,Ghent (Evergem) - Bruges 45 km DEU 2026,2026-02-26T10:24:44Z,62,"DE,EN","DE:51,EN:3",DE,YES,0,16,,882
53677191,St. Amands - Antwerp (mit die waterbus) 30+8 km DEU 2026,2026-07-03T12:40:49Z,57,"DE,EN","DE:38,EN:2",DE,YES,0,18,,1034
53677193,Dendermonde - Antwerp 53 km DEU 2026,2026-07-03T13:56:47Z,106,DE,DE:79,DE,,1,41,,1532
53677206,Aalter-Brug - Ghent (Stadt) 27 km DEU 2026,2026-07-03T12:08:50Z,49,"DE,EN","DE:34,EN:1",DE,YES,0,18,,551
53677208,Bruges - Ghent (Stadt) (über Bulskampveld) 57 km DEU 2026,2026-07-03T12:04:21Z,92,"DE,EN","DE:63,EN:10",DE,YES,0,27,,1147
53677211,Bruges - Ghent (Stadt) (über Aalter-Brug) 51 km DEU 2026,2026-07-03T11:58:22Z,78,"DE,EN","DE:59,EN:1",DE,YES,0,26,,1001
53677232,Breukelen - Amsterdam (Oosterdok) 38 km DEU 2026,2026-07-03T12:54:43Z,48,DE,DE:40,DE,,1,13,,1020
53677237,Dordrecht // Alblasserdam - Kinderdijk - Schoonhoven 32 km DEU 2026,2026-02-26T10:35:45Z,45,"DE,EN","DE:28,EN:2",DE,YES,0,13,,724
53677243,Kreekrak (Ost) - Tholen 32 km DEU 2026,2026-07-03T12:49:20Z,56,"DE,EN","DE:51,EN:2",DE,YES,0,15,,718
53677266,Dordrecht // Alblasserdam - Kinderdijk - Vreeswijk 58 km DEU 2026,2026-01-25T19:49:34Z,89,"DE,NL","DE:60,NL:3",DE,YES,0,23,,1463
53677272,Breukelen - Amsterdam (Minervahaven) 50 km DEU 2026,2026-07-03T13:15:13Z,59,"DE,EN","DE:50,EN:1",DE,YES,0,23,,1439
53677313,Vollenhove - Schokkerhaven (über Kamperland) 49 km DEU 2026,2026-01-23T08:51:45Z,55,"DE,EN","DE:45,EN:1",DE,YES,0,12,,1058
53677344,Vollenhove - Giethoorn 53 km DEU 2026,2026-01-23T09:34:01Z,65,"DE,EN","DE:54,EN:2",DE,YES,0,20,,1402
53677346,Vollenhove - Giethoorn 40 km DEU 2026,2026-01-23T09:20:33Z,45,"DE,EN","DE:41,EN:2",DE,YES,0,9,,1087
53680512,Alkmaar - Zaandam (über Schermer) 43 km DEU 2026,2026-04-19T08:42:46Z,90,DE,DE:59,DE,,1,18,,1173
53680641,Texel (Schleife Fähre) 43 km DEU 2026,2026-04-07T15:07:16Z,85,"DE,EN","DE:72,EN:1",DE,YES,0,19,,1138
53680658,Den Helder - Alkmaar 53 km DEU 2026,2026-01-19T11:09:14Z,88,"DE,EN","DE:60,EN:1",DE,YES,1,38,,1376
53683925,Medemblik (Schleife) 28 km DEU 2026,2026-01-20T19:54:56Z,55,"DE,EN","DE:46,EN:1",DE,YES,0,17,,743
53683930,Medemblik - Enkhuizen (über Twisk) 40 km DEU 2026,2026-01-20T08:51:34Z,76,"DE,EN","DE:56,EN:2",DE,YES,0,19,,1011
53683933,Enkhuizen - Medemblik (über die Küste) 24 km DEU 2026,2026-01-20T19:46:13Z,45,"DE,EN","DE:29,EN:2",DE,YES,0,20,,698
53683943,Volendam - Hoorn 24 km DEU 2026,2026-01-19T11:45:11Z,18,"DE,EN","DE:12,EN:2",DE,YES,0,3,,541
53684030,Terschelling (Schleife) 37 DEU km 2026,2026-03-25T13:20:10Z,55,"DE,NL","DE:35,NL:3",DE,YES,0,17,,880
53684034,Terschelling (Schleife) 42 km DEU 2026,2026-01-20T13:33:54Z,60,"DE,EN","DE:36,EN:1",DE,YES,0,18,,990
53684037,Harlingen - Franeker - Makkum (über die Küste) 40 km DEU 2026,2026-05-12T07:30:29Z,63,"DE,EN","DE:49,EN:6",DE,YES,0,18,,905
53684039,Harlingen - Franeker - Makkum (über Bolsward) 45 km DEU 2026,2026-05-12T07:31:32Z,70,"DE,EN","DE:59,EN:5",DE,YES,0,15,,1214
53684108,Harlingen - Franeker - Makkum (über Pingjum) 45 km DEU 2026,2026-05-12T07:32:02Z,68,"DE,EN","DE:59,EN:5",DE,YES,0,13,,1057
53684114,Makkum - Stavoren 30 km DEU 2026,2026-01-20T20:38:38Z,42,"DE,EN","DE:28,EN:1",DE,YES,0,11,,800
53684116,Makkum - Stavoren 49 km DEU 2026,2026-01-20T20:34:30Z,57,"DE,EN","DE:42,EN:1",DE,YES,0,14,,1292
53684118,Stavoren - Makkum (über Bolsward) 49 km DEU 2026 Self Guided,2026-07-15T08:11:54Z,60,DE,DE:43,DE,,1,12,,1212
53684119,Stavoren - Lemmer 33 km DEU 2025,2026-01-20T20:28:46Z,45,"DE,NL","DE:30,NL:4",DE,YES,1,17,,816
53684122,Stavoren - Lemmer 43 km DEU 2026,2026-01-20T20:24:11Z,51,"DE,EN","DE:37,EN:1",DE,YES,0,16,,1062
53684128,Lemmer - Stavoren 33 km DEU 2025,2026-01-20T20:17:29Z,47,"DE,EN","DE:28,EN:1",DE,YES,0,17,,837
53684135,Lemmer - Sneek 49 km DEU 2026,2026-01-23T21:49:13Z,96,"DE,EN","DE:74,EN:2",DE,YES,0,32,,1116
53684155,Grou - Sneek 47 km DEU 2026,2026-07-13T16:37:20Z,80,DE,DE:66,DE,,2,22,,1215
53684515,Malmö - Lund (Schleife) 43 km DEU 2026,2026-05-12T16:31:38Z,117,"DE,EN","EN:56,DE:33",EN,YES,1,37,,1191
53684518,Malmö (Schleife) 27 km DEU 2026,2026-05-12T16:28:34Z,108,"DE,EN","DE:74,EN:10",DE,YES,0,45,,785
53684520,Rødvig - Køge 44 km DEU 2026,2026-04-24T08:01:54Z,56,"DE,EN","DE:50,EN:1",DE,YES,0,8,,863
53684523,Køge - Stevns Klint (Schleife) 68 km DEU 2026,2026-05-12T16:27:24Z,67,"DE,EN","DE:46,EN:20",DE,YES,0,10,,1298
53684524,Køge - Stevns Klint (Schleife) 62 km DEU 2026,2026-05-12T16:25:43Z,48,"DE,EN","DE:36,EN:9",DE,YES,0,10,,1105
53684531,Helsingborg - Landskrona 27 km DEU 2026,2026-06-09T14:17:02Z,66,"DE,EN","DE:29,EN:25",DE,YES,1,14,,726
53684533,Helsingborg (Schleife) 21 km DEU 2026,2026-05-12T16:22:41Z,56,"DE,EN","DE:34,EN:2",DE,YES,0,31,,529
53684538,Helsingør (Schleife) 27 km DEU 2026,2026-07-06T06:59:41Z,35,"DE,EN","DE:25,EN:8",DE,YES,0,7,,621
53684541,Copenhagen - Helsingør 49 km DEU 2026,2026-05-12T16:17:34Z,83,"DE,EN","DE:44,EN:28",DE,YES,0,29,,1077
53702374,Terneuzen - Antwerp 64 km ENG 2026,2026-01-12T16:34:22Z,117,EN,EN:117,EN,,2,33,,1201
53774081,Haarlem (Spaarndamseweg) - Keukenhof (loop) 47 km 2026 DEU,2026-04-08T13:24:51Z,129,"DE,EN,NL","DE:99,EN:3,NL:2",DE,YES,0,45,,1185
53782087,Wormerveer - Zaanse Schans - Amsterdam 46 km DEU 2026,2026-01-21T09:20:17Z,87,DE,DE:68,DE,,1,19,,1111
53782092,Wormerveer - Zaanse Schans - Amsterdam 40 km DEU 2026,2026-01-21T09:22:08Z,79,"DE,EN","DE:61,EN:4",DE,YES,0,15,,989
53805732,Thionville - Remich 44 km DEU 2026,2026-02-27T08:32:07Z,70,"DE,EN","DE:56,EN:1",DE,YES,0,17,,1002
53805733,Richemont - Remich 52 km DEU 2026,2026-02-27T08:22:53Z,75,"DE,EN","DE:63,EN:2",DE,YES,0,19,,1144
53805734,Remich - Saarburg (entlang Fluss) 48 km DEU 2026,2026-02-27T08:17:49Z,56,"DE,EN","DE:42,EN:1",DE,YES,0,23,,1199
53805735,Remich - Saarburg (über Mannebach) 40 km DEU 2026,2026-02-27T08:10:29Z,47,"DE,EN","DE:41,EN:1",DE,YES,0,14,,937
53805737,Remich - Saarburg (über Saarschleife) 35 km DEU 2026,2026-02-27T10:41:12Z,53,"DE,EN","DE:44,EN:1",DE,YES,0,11,,829
53805738,Saarburg - Trier (Stadt) 28 km DEU 2026,2026-02-28T10:37:04Z,57,"DE,EN","DE:37,EN:1",DE,YES,0,24,,854
53805739,Saarburg - Trier (Stadt) (über Igel) 34 km DEU 2026,2026-02-28T10:30:52Z,62,"DE,EN","DE:44,EN:1",DE,YES,0,19,,1008
53805742,Schweich - Bernkastel-Kues 55 km DEU 2026,2026-02-26T13:21:11Z,102,"DE,EN,NL","DE:68,NL:3,EN:1",DE,YES,0,28,,1125
53805747,Zell - Cochem 38 km DEU 2026,2026-07-06T14:08:48Z,34,"DE,EN","EN:22,DE:10",EN,YES,1,16,,862
53805793,Schengen - Metz 65 km DEU 2026,2026-01-25T20:14:53Z,80,"DE,EN","DE:64,EN:1",DE,YES,0,14,,1393
53805796,Remich - Thionville 44 km DEU 2026,2026-02-28T08:41:57Z,61,"DE,EN","DE:47,EN:1",DE,YES,1,15,,963
53805800,Saarburg - Remich (über Mannebach) 44 km DEU 2026,2026-02-28T08:46:52Z,74,DE,DE:64,DE,,1,25,,1005
53805809,Bernkastel-Kues - Schweich 54 km DEU 2026,2026-02-26T13:19:55Z,89,"DE,NL","DE:65,NL:5",DE,YES,1,23,,1220
53806290,Hassfurt - Bamberg 38 km DEU 2026,2026-03-20T07:45:01Z,75,"DE,EN","DE:44,EN:4",DE,YES,0,29,,904
53806292,Kitzingen - Schweinfurt 60 km DEU 2026,2026-01-25T19:33:43Z,118,"DE,EN","DE:87,EN:1",DE,YES,0,45,,1552
53806298,Hassfurt - Schweinfurt 42 km DEU 2026,2026-02-28T08:53:17Z,52,"DE,EN","DE:39,EN:1",DE,YES,0,16,,901
53806303,Karlstadt - Lohr 31 km DEU 2026,2026-02-27T12:56:14Z,43,"DE,NL","DE:26,NL:14",DE,YES,0,4,,979
53806307,Freudenberg – Aschaffenburg 50 km DEU 2026,2026-02-27T11:13:00Z,96,"DE,EN","DE:77,EN:1",DE,YES,0,27,,1093
53814287,Rüdesheim - Mainz (entlang Fluss) 32 km DEU 2026,2026-02-27T12:07:19Z,70,"DE,EN","DE:51,EN:1",DE,YES,0,31,,692
53814292,Rüdesheim - Mainz (über Kloster) 39 km DEU 2026,2026-02-27T12:10:11Z,96,"DE,NL","DE:64,NL:1",DE,YES,0,46,,927
53814347,Mainz - Rüdesheim (über Weinregionen) 35 km DEU 2026,2026-02-27T12:21:12Z,100,"DE,EN","DE:79,EN:5",DE,YES,1,31,,794
53814362,Sankt Goar - Koblenz 38 km DEU 2026,2026-02-28T12:52:01Z,46,"DE,EN","DE:28,EN:1",DE,YES,0,17,,707
53839192,Breukelen - Amsterdam (Hoxten)  35 km DEU 2025,2026-01-28T14:42:52Z,47,"DE,EN","DE:28,EN:3",DE,YES,0,12,,962
53844936,Breukelen - Amsterdam (Hoxten)  35 km DEU 2025,2026-01-29T11:20:25Z,47,"DE,EN","DE:28,EN:3",DE,YES,0,12,,962
53844939,Tholen - Bergen op Zoom - Antwerpen ENG 2025,2026-01-29T11:20:26Z,99,EN,EN:99,EN,,1,25,,1002
53844941,Dendermonde - Ghent (city) 39 km ENG 2026 (X),2026-02-19T14:28:15Z,84,"EN,NL","EN:78,NL:3",EN,YES,0,13,,984
53844943,Gent (Evergem) - Bruges (via Bulskampveld) 52 km ENG 2026,2026-06-18T08:03:08Z,81,"DE,EN","EN:79,DE:1",EN,YES,1,17,,1318
53844945,Bruges - Blankenberge loop 55 km ENG 2025,2026-01-29T11:20:28Z,105,"EN,NL","EN:88,NL:13",EN,YES,0,26,,1376
53851578,St. Amands - Antwerp 40 km DEU 2026,2026-01-30T08:37:53Z,90,"DE,EN","DE:43,EN:19",DE,YES,1,26,,1019
53851711,Schoonhoven - Oudewater - Utrecht 45 km / 28 mi DEU 2026,2026-01-30T09:18:59Z,84,"DE,EN","DE:66,EN:1",DE,YES,0,28,,1038
53851858,Schoonhoven - Kinderdijk - Dordrecht 38 km DEU 2026 (X),2026-07-02T12:37:53Z,80,"DE,EN","DE:59,EN:3",DE,YES,0,27,,1035
53852922,Antwerp - St. Amands 42 km DEU 2026 (X),2026-01-30T13:07:13Z,139,"DE,EN","DE:101,EN:2",DE,YES,0,43,,1631
53852934,Dendermonde - Ghent (city) 39 km DEU 2026 (X),2026-02-19T14:27:54Z,92,"DE,EN","DE:62,EN:16",DE,YES,0,17,,1284
53852990,"Ghent (city) - Merelbeke 7,5 km DEU 2026",2026-02-28T09:42:35Z,24,"DE,EN","EN:16,DE:2",EN,YES,0,6,,280
53899215,Havrincourt - Douai 47 km ENG 2026,2026-02-05T08:49:34Z,81,"EN,NL","EN:71,NL:10",EN,YES,0,17,,1416
53899216,Havrincourt - Cambrai - Douai 61 km ENG 2026,2026-02-05T08:49:34Z,112,"EN,NL","EN:99,NL:13",EN,YES,0,21,,1846
53899218,Douai - Lille (via Lens) 65 km ENG 2026,2026-02-05T08:49:35Z,146,EN,EN:146,EN,,1,49,,1730
53899219,Comines - Kortrijk - Harelbeke 39 km ENG 2026,2026-02-05T08:49:36Z,80,"EN,NL","EN:72,NL:8",EN,YES,1,11,,1135
53899220,Comines - Kortrijk - Harelbeke 46 km ENG 2026,2026-02-05T08:49:36Z,91,"EN,NL","EN:83,NL:8",EN,YES,0,12,,1285
53899221,Comines - Kortrijk - Harelbeke (via Tyne Cot) 53 km ENG 2026,2026-02-05T08:49:36Z,104,"EN,NL","EN:96,NL:8",EN,YES,0,17,,1473
53899222,Harelbeke - Oudenaarde - Deinze 57 km ENG 2026,2026-02-05T08:49:37Z,138,EN,EN:138,EN,,1,32,,1567
53899223,Deinze - Bruges 46 km ENG 2026,2026-02-05T08:49:37Z,69,"EN,NL","EN:54,NL:14",EN,YES,0,10,,1431
53899232,Waregem - Kortrijk - Menen (via Flanders Field) 48 km ENG 2026,2026-02-05T08:52:09Z,113,EN,EN:113,EN,,1,24,,1409
53899234,Menen - Lille 36 km ENG 2026,2026-02-05T08:52:10Z,50,"EN,NL","EN:33,NL:13",EN,YES,0,14,,764
53899235,Menen - Lille (via Tyne Cot) 58 km ENG 2026,2026-02-05T08:52:10Z,121,"EN,NL","EN:102,NL:15",EN,YES,0,25,,1678
53899238,Don - Arleux (via Lens / Vimy) 65 km ENG 2026,2026-02-05T08:52:11Z,106,"EN,NL","EN:102,NL:3",EN,YES,0,19,,1738
53899241,Ytres - Péronne - Cappy 46 km ENG 2026,2026-02-05T08:52:12Z,52,EN,EN:52,EN,,1,14,,902
53899244,Corbie - Amiens 29 km ENG 2026,2026-02-05T08:52:13Z,62,"EN,NL","EN:45,NL:17",EN,YES,0,14,,1459
53899246,Amiens - Samara 42 km ENG 2026,2026-02-05T08:52:14Z,77,"EN,NL","EN:67,NL:9",EN,YES,0,17,,1118
53899247,Amiens - Samara 51 km ENG 2026,2026-02-05T08:52:14Z,93,"EN,NL","EN:78,NL:14",EN,YES,0,24,,1288
53899248,Samara - Long 39 km ENG 2026,2026-02-05T08:52:15Z,64,"EN,NL","NL:43,EN:20",NL,YES,0,12,,1444
53899249,Long - Abbeville 48 km ENG 2026,2026-02-05T08:52:15Z,68,"EN,NL","NL:35,EN:33",NL,YES,0,12,,1163
53899250,Long - Abbeville 57 km ENG 2026,2026-02-05T08:52:16Z,55,"EN,NL","NL:31,EN:22",NL,YES,0,16,,1149
53900784,Lagny - Meaux 45km dag 3  ENG 2026,2026-02-05T14:54:09Z,114,"EN,NL","EN:95,NL:19",EN,YES,0,34,,1039
53994178,Amsterdam (Buiksloterweg) - Zaanse Schans - Zaandam 28 km DEU 2026,2026-03-27T10:00:41Z,57,DE,DE:48,DE,,1,14,,765
53994474,RS tulip day 3 Haarlem - Cruiquis - Haarlem,2026-02-19T07:46:09Z,104,EN,EN:104,EN,,1,21,,815
53994827,RS Tulip Day 7 - Alkmaar - De Rijp - Wormerveer - Amsterdam,2026-03-30T08:17:49Z,85,EN,EN:85,EN,,1,23,,1205
54082601,Dag 3 Haarlem - Amsterdam,2026-02-27T20:40:12Z,69,EN,EN:69,EN,,1,20,,711
54152898,Alphen a/d Rijn - Uithoorn 37 km ENG 2026,2026-04-19T19:08:03Z,33,"EN,NL","EN:30,NL:3",EN,YES,0,4,,1548
54165356,Paris (Pont-de-Sevres) - Paris (Bougival) 28 KM ENG 2026 Q-ENG,2026-03-07T16:24:46Z,114,"EN,NL","NL:84,EN:22",NL,YES,0,32,,857
54165408,Paris (Bougival) - Auvers-sur-Oise 35 km ENG 2026,2026-03-07T16:18:23Z,90,"EN,NL","EN:89,NL:1",EN,YES,0,27,,905
54221011,Huizen - Zaandam 48 km NLD 2026,2026-03-18T12:34:03Z,86,"EN,NL","NL:74,EN:1",NL,YES,3,27,,1276
54221015,Huizen - Amsterdam (Minerva & Buiksloterweg) 38 km NLD 2026,2026-03-18T10:51:38Z,66,"EN,NL","NL:58,EN:2",NL,YES,0,21,,1035
54221048,Volendam - Zaanse Schans 48 km NLD 2026,2026-03-18T12:22:06Z,90,NL,NL:87,NL,,1,17,,1248
54221058,Zaandam - Waterland (rondrit) 47 km NLD 2026,2026-03-18T10:13:54Z,89,NL,NL:87,NL,,1,19,,1310
54221080,Texel (rondrit Oudeschild) 42 km NLD 2026 omgekeerd,2026-03-26T16:20:59Z,70,"EN,NL","NL:63,EN:2",NL,YES,0,11,,1356
54221082,Texel (rondrit Oudeschild) 42 km NLD 2026,2026-03-26T16:20:59Z,80,"EN,NL","NL:76,EN:1",NL,YES,0,15,,1339
54221084,Volendam - Amsterdam (Minerva) (via Marken) 51 km NLD 2026,2026-03-16T13:41:21Z,119,"EN,NL","NL:108,EN:7",NL,YES,0,45,,1478
54221088,Volendam - Amsterdam (Minerva) 29 km NLD 2026,2026-03-16T13:36:07Z,61,NL,NL:60,NL,,1,23,,799
54221090,Medemblik - Enkhuizen (via Hoorn ) 52 km NLD 2026,2026-04-08T09:46:16Z,81,"EN,NL","NL:75,EN:2",NL,YES,0,23,,1401
54221095,Medemblik - Enkhuizen (via Twisk) 39 km NLD 2026,2026-03-16T14:01:54Z,72,"EN,NL","NL:65,EN:1",NL,YES,0,27,,1109
54221110,Texel (rondrit veerboot) 51 km NLD 2026,2026-03-12T12:41:40Z,93,"EN,NL","NL:90,EN:1",NL,YES,0,27,,1385
54221118,Texel (rondrit veerboot) 49 km NLD 2026,2026-03-12T12:40:02Z,93,"EN,NL","NL:87,EN:2",NL,YES,0,21,,1272
54221121,Texel (rondrit veerboot) 43 km NLD 2026,2026-03-12T12:41:30Z,85,"EN,NL","NL:79,EN:1",NL,YES,0,20,,1138
54221123,Den Helder: Veerboot - Ship 2 km NLD 2026,2026-03-12T12:07:16Z,8,"EN,NL","NL:7,EN:1",NL,YES,0,0,,84
54221125,"Den Helder: Ship - veerboot 2,1 km NLD 2026",2026-03-12T12:07:01Z,6,"EN,NL","NL:5,EN:1",NL,YES,0,0,,88
54221148,Alkmaar - Dunes (rondrit via Bergen) 34 km NLD 2026 Q,2026-03-12T08:32:05Z,61,EN,EN:61,EN,,1,16,,1048
54305485,Schoonhoven - Utrecht 44 km ENG 2026,2026-04-02T18:49:12Z,97,"EN,NL","EN:96,NL:1",EN,YES,0,30,,1296
54311578,Breukelen - Zaandam 46 km ENG 2026,2026-04-02T05:59:04Z,68,EN,EN:65,EN,,1,13,,1119
54313954,Grou-Heeg 46km ENG,2026-07-15T07:59:42Z,57,EN,EN:56,EN,,1,19,,1213
54337874,Breukelen - Amsterdam (Buiksloterweg) 47 km DEU 2026,2026-03-27T09:29:30Z,64,DE,DE:51,DE,,2,21,,1293
54338105,Gouda - Uithoorn 43 km DEU 2026,2026-03-27T09:19:02Z,72,"DE,EN","DE:58,EN:2",DE,YES,0,20,,1124
54342956,Wurzburg - Karlstadt - Lohr 59km ENG 2026,2026-07-02T14:58:30Z,81,"EN,NL","EN:80,NL:1",EN,YES,0,18,,1216
54343721,Bamberg - Hassfurt - Schweinfurt 59 km ENG 2026,2026-03-29T10:48:45Z,95,"EN,NL","NL:60,EN:26",NL,YES,0,36,,1385
54345203,Haßfurt-Bamberg 40 km Eng 2026 ,2026-06-14T07:20:59Z,105,"DE,EN,NL","DE:40,EN:22,NL:17",DE,YES,0,34,,1162
54351790,Amsterdam (Minerva) - Haarlem - Zaandam 52 km ENG 2026,2026-03-23T15:51:00Z,126,"DE,EN","DE:88,EN:5",DE,YES,0,26,,1418
54360739,Alphen a/d Rijn - Kudelstaart 39 km ENG 2026 (white label),2026-03-25T15:49:31Z,33,"EN,NL","EN:21,NL:4",EN,YES,0,7,,946
54360749,Zaandam - Zaanse Schans - Alkmaar (via Heiloo) 39 km ENG 2026 (white label),2026-03-25T15:55:10Z,98,"EN,NL","EN:77,NL:8",EN,YES,0,30,,1071
54360750,Zaandam - Zaanse Schans - Alkmaar (via Egmond) 50 km ENG 2026 (white label),2026-03-25T15:55:06Z,103,"EN,NL","EN:87,NL:5",EN,YES,0,23,,1265
54360751,Zaandam - Zaanse Schans - Alkmaar (via Schermer) 48 km (before 15 April) ENG 2026 (white label),2026-03-25T15:55:01Z,91,"DE,EN","EN:75,DE:13",EN,YES,0,37,,1236
54360752,Zaandam - Zaanse Schans - Alkmaar (via Schermer) 45 km ENG 2026 (white label),2026-03-25T15:54:56Z,86,"DE,EN","EN:70,DE:13",EN,YES,0,28,,1180
54360759,Alkmaar - Amsterdam (Oosterdok) (via Schermer) 55 km ENG 2026 (white label),2026-03-25T15:52:51Z,75,"EN,NL","EN:67,NL:3",EN,YES,0,7,,1413
54360761,Akersloot - Amsterdam (Oosterdok) (before 15 April) 36 km ENG 2026 (white label),2026-03-25T15:53:03Z,63,"EN,NL","EN:59,NL:4",EN,YES,1,14,,1006
54360762,Akersloot - Amsterdam (Oosterdok) (before 15 April) 43 km ENG 2026 (white label),2026-03-25T15:53:10Z,77,"EN,NL","EN:73,NL:4",EN,YES,0,23,,1154
54360763,Alkmaar - Amsterdam (Oosterdok) (via Schermer) (before 15 April) 53 km ENG 2026 (white label),2026-03-25T15:53:16Z,92,"EN,NL","EN:88,NL:4",EN,YES,0,26,,1350
54360772,Alphen a/d Rijn - Uithoorn 36 km ENG 2026 (white label),2026-03-25T15:53:58Z,30,"EN,NL","EN:22,NL:8",EN,YES,0,5,,1676
54360777,Breukelen - Amsterdam (Buiksloterweg) 47 km ENG 2026 (white label),2026-03-25T15:52:24Z,54,"DE,EN","EN:50,DE:3",EN,YES,0,13,,1081
54366999,Wertheim - Freudenberg - Miltenberg 46 km ENG 2026,2026-03-29T19:47:16Z,72,"DE,EN","EN:61,DE:10",EN,YES,0,17,,1172
54374287,Enkhuizen - Medemblik (via kust) 24 km NLD 2026,2026-03-25T13:06:54Z,45,"EN,NL","NL:38,EN:1",NL,YES,0,19,,768
54374291,Medemblik (rondrit) 28 km NLD 2026,2026-03-25T13:00:21Z,56,"EN,NL","NL:54,EN:1",NL,YES,0,21,,894
54374295,Terschelling (rondrit) 42 km NLD 2026,2026-03-25T13:13:02Z,66,"EN,NL","NL:58,EN:1",NL,YES,0,25,,1227
54374297,Harlingen - Franeker - Makkum (via kust) 40 km NLD 2026,2026-05-13T08:28:36Z,64,"EN,NL","NL:57,EN:5",NL,YES,0,19,,1110
54374300,Harlingen - Franeker - Makkum (via Bolsward) 45 km NLD 2026,2026-05-13T08:29:07Z,73,"EN,NL","NL:67,EN:5",NL,YES,0,16,,1499
54374301,Harlingen - Franeker - Makkum (via Pingjum) 45 km NLD 2026,2026-05-13T08:29:29Z,75,"EN,NL","NL:68,EN:6",NL,YES,0,18,,1317
54374303,Makkum - Stavoren 30 km NLD 2026,2026-06-11T13:59:36Z,46,"EN,NL","NL:32,EN:9",NL,YES,0,9,,972
54374304,Makkum - Stavoren 49 km NLD 2026,2026-06-11T14:00:56Z,58,"EN,NL","NL:46,EN:4",NL,YES,0,12,,1574
54374309,Lemmer - Stavoren 43 km NLD 2026,2026-06-11T07:56:39Z,63,"EN,NL","NL:56,EN:1",NL,YES,0,21,,1319
54387007,Helsingborg (loop) 13 km ENG 2026,2026-06-09T14:08:34Z,43,"EN,NL","EN:41,NL:2",EN,YES,0,25,,391
54387368,Køge - Viking Museum & Vallo (loop) 46 km ENG 2026,2026-05-12T15:58:59Z,68,"EN,NL","EN:65,NL:3",EN,YES,0,13,,1040
54393473,Zaandam - Alkmaar 45 km DEU 2026,2026-04-07T14:34:10Z,79,"DE,EN","DE:58,EN:2",DE,YES,0,19,,1463
54393553,Stavoren (Schleife) 42 km DEU 2026 (N),2026-04-07T14:54:57Z,61,"DE,EN","DE:44,EN:2",DE,YES,0,13,,1273
54393569,Medemblik - Enkhuizen (über Twisk) 39 km DEU 2026 (N),2026-04-07T14:27:10Z,68,"DE,EN","DE:51,EN:1",DE,YES,0,27,,1272
54393584,Volendam - Amsterdam (Minerva) 29 km DEU 2026 (N),2026-04-07T15:10:35Z,59,"DE,EN","DE:40,EN:1",DE,YES,0,22,,891
54393638,Zaandam - Waterland (Schleife) 47 km DEU 2026,2026-04-07T13:55:11Z,99,"DE,EN","DE:74,EN:1",DE,YES,0,25,,1529
54393707,Volendam - Zaanse Schans 48 km DEU 2026 Q,2026-03-26T19:24:09Z,90,"EN,NL","EN:79,NL:5",EN,YES,0,16,,1303
54394016,Volendam - Amsterdam (Minerva) (über Marken) 51 km DEU 2026 (N),2026-04-07T15:21:27Z,119,"DE,EN","DE:91,EN:1",DE,YES,0,44,,1752
54401476,Schweinfurt – Marktbreit 68 km ENG 2026,2026-03-27T13:08:34Z,149,"EN,NL","EN:80,NL:65",EN,YES,0,38,,2265
54402315,Køge - Viking Museum & Vallo (loop) 39 km ENG 2026,2026-05-07T13:51:13Z,73,"EN,NL","EN:59,NL:13",EN,YES,0,10,,1015
54408004,Cuijk - Groesbeek - Nijmegen - Arnhem 54 km NLD 2026,2026-04-28T13:32:21Z,108,"EN,NL","EN:62,NL:17",EN,YES,0,22,,1170
54408248,Cuijk - Kranenburg (D) - Nijmegen - Arnhem 53 km NLD 2026,2026-04-29T10:17:09Z,120,"EN,NL","EN:103,NL:12",EN,YES,0,23,,1296
54410198,Mook - Kranenburg (D) - Nijmegen - Arnhem 55km NLD 2026,2026-04-29T10:17:23Z,112,"EN,NL","EN:96,NL:9",EN,YES,0,16,,1232
54410206,Mook - Groesbeek - Nijmegen - Arnhem 50 km NLD 2026,2026-04-28T15:59:55Z,108,"EN,NL","EN:76,NL:11",EN,YES,0,24,,1131
54413819,Nijmegen - Tolkamer - Arnhem 55 km NL 2026 (copy),2026-03-28T08:22:48Z,98,"EN,NL","NL:63,EN:5",NL,YES,0,24,,1937
54413902,Nijmegen  - Arnhem 31km NL 2026,2026-03-28T08:52:43Z,70,"EN,NL","EN:41,NL:17",EN,YES,1,18,,1211
54415865,Aschaffenburg - Miltenberg 40 km ENG 2026,2026-06-21T18:49:33Z,128,"DE,EN","EN:83,DE:30",EN,YES,0,32,,1607
54473490,Beverwijk - Alkmaar 36 km ENG 2026,2026-04-16T11:54:09Z,73,"EN,NL","EN:72,NL:1",EN,YES,1,21,,928
54476690,Cuijk - Kranenburg (D) - Nijmegen - Arnhem 63km NLD 2026 Michiel,2026-04-01T19:55:49Z,143,"EN,NL","EN:125,NL:10",EN,YES,1,30,,1482
54502069,Alkmaar - Amsterdam (Minerva) (via Schermer) 53 km ENG 2026,2026-04-23T11:59:01Z,77,"EN,NL","EN:69,NL:2",EN,YES,0,13,,1453
54520915,Enkhuizen - Hoorn 22 km NLD 2026,2026-04-05T07:02:54Z,36,"EN,NL","NL:32,EN:2",NL,YES,0,6,,468
54521110,Hoorn - Zaanse schans 54 km DEU 2026,2026-04-05T07:42:13Z,44,"DE,EN","DE:29,EN:8",DE,YES,0,11,,691
54536501,Test rit: Beverwijk 20km DEU,2026-04-06T12:41:09Z,35,"DE,EN","DE:13,EN:10",DE,YES,0,12,,581
54536660,Keukenhof - Beverwijk 34km DEU,2026-04-08T12:47:56Z,72,"DE,EN","DE:33,EN:25",DE,YES,0,20,,979
54536674,Beverwijk - Alkmaar 36 km DEU 2026,2026-04-08T12:23:48Z,70,"DE,EN","DE:49,EN:7",DE,YES,0,18,,849
54554549,Alkmaar - Zaanse Schans -  (via Schermer) (before 15 April) 42 km ENG 2026,2026-04-07T19:30:04Z,75,"EN,NL","EN:74,NL:1",EN,YES,0,22,,1057
54563880,Alkmaar - Zaanse Schans - Amsterdam (Minerva) 45 km ENG 2026,2026-04-13T07:54:13Z,113,"EN,NL","EN:107,NL:1",EN,YES,0,28,,1317
54563956,Alkmaar - Zaanse Schans - Amsterdam (Minerva) 45 km DEU 2026,2026-04-13T07:54:00Z,126,"DE,EN","DE:94,EN:17",DE,YES,0,36,,1220
54572774,Hoorn - Medemblik - Hoorn 47km DEU 2026,2026-04-09T07:44:00Z,73,"DE,EN","DE:38,EN:26",DE,YES,0,19,,1042
54591869,Nieuwpoort - Utrecht 45 km ENG 2026,2026-04-13T08:34:49Z,102,"EN,NL","EN:100,NL:1",EN,YES,0,32,,1337
54591898,Nieuwpoort - Utrecht 44 km DEU 2026,2026-04-13T08:34:04Z,84,"DE,EN","DE:55,EN:1",DE,YES,0,27,,1286
54596408,Alkmaar - Amsterdam (Buiksloterweg) 47 km ENG 2026,2026-04-23T12:00:54Z,63,"EN,NL","EN:44,NL:17",EN,YES,0,14,,1252
54609300,Alkmaar - Amsterdam (Buiksloterweg) (via Schermer) 51 km ENG 2026,2026-04-23T12:01:50Z,73,"EN,NL","EN:66,NL:2",EN,YES,0,9,,1397
54646549,Volendam - Alkmaar 45km ENG,2026-04-24T16:19:14Z,112,"DE,EN","EN:95,DE:12",EN,YES,0,31,,1263
54646632,Rotterdam - Kinderdijk - Nieuwpoort 43 km DEU 2026,2026-06-26T09:18:03Z,63,"DE,EN","DE:48,EN:3",DE,YES,0,15,,1122
54646664,Rotterdam - Kinderdijk - Nieuwpoort 42 km NLD 2025,2026-04-14T06:56:48Z,71,"EN,NL","NL:66,EN:1",NL,YES,1,15,,1122
54655047,Haarlem (Schleife über Blumenfelder und Strand) 48 km DEU 2026,2026-04-16T16:22:01Z,124,"DE,EN","DE:90,EN:7",DE,YES,0,35,,1731
54655609,Haarlem (Spaarndamseweg) - Alkmaar 45 km ENG 2026 peter-niels,2026-04-14T20:08:23Z,105,EN,EN:105,EN,,1,17,,1207
54664344,Alkmaar Polder-Windmill loop 40km DEU,2026-04-15T13:35:35Z,74,"DE,EN","EN:46,DE:22",EN,YES,0,25,,947
54667144,Haarlem (Spaarndamseweg) - Alkmaar 43 km ENG 2026 peter-niels,2026-04-15T17:12:31Z,103,EN,EN:103,EN,,1,18,,1176
54674985,Nieuwpoort - Oudewater - Utrecht 46 km / 28 mi DEU 2026,2026-07-07T07:57:27Z,84,"DE,EN","DE:66,EN:3",DE,YES,0,25,,1157
54723047,Zaanse Schans - Minervahaven ,2026-04-19T13:45:20Z,41,"DE,EN","DE:20,EN:9",DE,YES,0,9,,538
54723050,Zaanse Schans - Minervahaven ENG,2026-04-19T13:50:20Z,29,"DE,EN","EN:26,DE:1",EN,YES,0,7,,538
54738551,Day 5: Lübeck - Travemünde (Coastal),2026-06-03T12:22:58Z,55,EN,EN:55,EN,,1,3,,2009
54749807,Cologne - Bonn 39 km DEU 2026,2026-06-01T08:23:08Z,86,"DE,EN","DE:55,EN:5",DE,YES,0,44,,963
54750247,Nieuwpoort - Gouda - Utrecht 46 km NLD 2026,2026-04-21T09:00:11Z,96,"EN,NL","NL:86,EN:4",NL,YES,0,31,,1470
54779001,Volendam - Zaanse Schanse - Amsterdam (Minerva) 42km ENG,2026-04-23T07:44:46Z,83,"DE,EN","EN:63,DE:14",EN,YES,0,19,,1196
54861226,Lübeck -  Mölln,2026-04-28T13:07:13Z,68,EN,EN:68,EN,,1,28,,979
54906248,Born - Zutendaal - Maastricht 60km NLD 2026,2026-05-01T07:47:27Z,129,"EN,NL","NL:118,EN:5",NL,YES,0,32,,1390
54906249,Thorn-Venlo  (via Roermond) 54 km NLD  2026,2026-05-01T07:47:27Z,129,"EN,NL","NL:117,EN:2",NL,YES,0,30,,1546
54906250,Born - Eijsden - Maastricht 45 km NLD 2026,2026-05-01T07:47:28Z,96,"EN,NL","NL:83,EN:6",NL,YES,0,31,,1096
54906251,Maastricht - Bilzen(België) - Maastricht 54 km NLD 2026,2026-05-01T07:47:28Z,154,"EN,NL","NL:115,EN:31",NL,YES,0,35,,1451
54906252,Maastricht-Margraten/Valkenburg-Maastricht  46 km NLD 2026,2026-05-01T07:47:29Z,114,"EN,NL","NL:89,EN:13",NL,YES,1,30,,1481
54906253,Cuijk - Venlo 66 km NLD 2026,2026-05-01T07:47:29Z,129,"EN,NL","NL:110,EN:7",NL,YES,0,27,,1802
54906255,Thorn - Venlo 55 km NLD 2026,2026-05-01T07:47:30Z,121,"EN,NL","NL:104,EN:10",NL,YES,0,20,,1490
54906260,Cuijk - Groesbeek - Nijmegen - Arnhem 54 km NLD 2026,2026-05-01T07:47:31Z,108,"EN,NL","EN:62,NL:17",EN,YES,0,22,,1170
54906261,Cuijk - Kranenburg (D) - Nijmegen - Arnhem 53 km NLD 2026,2026-05-01T07:47:31Z,120,"EN,NL","EN:103,NL:12",EN,YES,0,23,,1296
54906263,Mook - Groesbeek - Nijmegen - Arnhem 50 km NLD 2026,2026-05-01T07:47:32Z,108,"EN,NL","EN:76,NL:11",EN,YES,0,24,,1131
54906264,Mook - Kranenburg (D) - Nijmegen - Arnhem 55km NLD 2026,2026-05-01T07:47:32Z,112,"EN,NL","EN:96,NL:9",EN,YES,0,16,,1232
54906265,Cuijk - Kleve - Cuijk  55 km NLD 2026,2026-05-01T07:47:33Z,76,"EN,NL","NL:71,EN:1",NL,YES,0,16,,1310
54906267,Mook - Grave - Mook 44 km NLD 2026,2026-05-01T07:47:34Z,102,"EN,NL","NL:93,EN:4",NL,YES,0,20,,1268
54906276,Born - Zutendaal - Maastricht 60km NLD 2026,2026-05-01T07:48:02Z,129,"EN,NL","NL:118,EN:5",NL,YES,0,32,,1390
54906277,Thorn-Venlo  (via Roermond) 54 km NLD  2026,2026-05-01T07:48:02Z,129,"EN,NL","NL:117,EN:2",NL,YES,0,30,,1546
54906278,Born - Eijsden - Maastricht 45 km NLD 2026,2026-05-01T07:48:03Z,96,"EN,NL","NL:83,EN:6",NL,YES,0,31,,1096
54906279,Maastricht - Bilzen(België) - Maastricht 54 km NLD 2026,2026-05-01T07:48:03Z,154,"EN,NL","NL:115,EN:31",NL,YES,0,35,,1451
54906280,Maastricht-Margraten/Valkenburg-Maastricht  46 km NLD 2026,2026-05-01T07:48:03Z,114,"EN,NL","NL:89,EN:13",NL,YES,1,30,,1481
54906281,Cuijk - Venlo 66 km NLD 2026,2026-05-01T07:48:04Z,129,"EN,NL","NL:110,EN:7",NL,YES,0,27,,1802
54906282,Thorn - Venlo 55 km NLD 2026,2026-05-01T07:48:04Z,121,"EN,NL","NL:104,EN:10",NL,YES,0,20,,1490
54906287,Cuijk - Groesbeek - Nijmegen - Arnhem 54 km NLD 2026,2026-05-01T07:48:06Z,108,"EN,NL","EN:62,NL:17",EN,YES,0,22,,1170
54906288,Cuijk - Kranenburg (D) - Nijmegen - Arnhem 53 km NLD 2026,2026-05-01T07:48:06Z,120,"EN,NL","EN:103,NL:12",EN,YES,0,23,,1296
54906290,Mook - Groesbeek - Nijmegen - Arnhem 50 km NLD 2026,2026-05-01T07:48:07Z,108,"EN,NL","EN:76,NL:11",EN,YES,0,24,,1131
54906291,Mook - Kranenburg (D) - Nijmegen - Arnhem 55km NLD 2026,2026-05-01T07:48:07Z,112,"EN,NL","EN:96,NL:9",EN,YES,0,16,,1232
54906292,Cuijk - Kleve - Cuijk  55 km NLD 2026,2026-05-01T07:48:07Z,76,"EN,NL","NL:71,EN:1",NL,YES,0,16,,1310
54906296,Mook - Grave - Mook 44 km NLD 2026,2026-05-01T07:48:08Z,102,"EN,NL","NL:93,EN:4",NL,YES,0,20,,1268
54906657,Cuijk - Kranenburg (D) - Nijmegen - Arnhem 53 km DEU 2026,2026-05-12T17:50:42Z,101,"DE,EN","DE:53,EN:25",DE,YES,1,27,,1450
54906695,Cuijk - Groesbeek - Arnhem 47km DEU 2026,2026-05-26T15:26:38Z,94,"DE,EN","DE:65,EN:5",DE,YES,0,29,,1395
54906723,Mook - Groesbeek - Arnhem 45km DEU 2026,2026-05-12T14:10:20Z,81,"DE,EN","DE:55,EN:10",DE,YES,0,22,,1344
54906798,Mook - Kranenburg (D) - Nijmegen - Arnhem 57km DEU 2026,2026-05-12T14:37:43Z,114,"DE,EN","DE:67,EN:22",DE,YES,0,28,,1528
54915153,Leiden - Gouda 36 km ENG 2026 Zoeterwoude,2026-05-01T18:43:48Z,73,"EN,NL","EN:38,NL:34",EN,YES,0,21,,1641
54957821,Day 4: Gent stad - Dendermonde  - St. Amands (Van) (X),2026-05-14T16:28:03Z,85,"EN,NL","NL:60,EN:8",NL,YES,0,9,,1642
54958360,Dag 6: Gent stad - Cruise dok (Van)(X),2026-05-04T08:01:01Z,34,"EN,NL","NL:25,EN:8",NL,YES,0,10,,116
54958369,Dag 6: Gent stad - Cruise dok (Van)(X),2026-05-04T08:01:30Z,34,"EN,NL","NL:25,EN:8",NL,YES,0,10,,116
54976438,Arnhem - Tolkamer - Nijmegen - Arnhem 69km ENG,2026-05-05T09:28:44Z,109,EN,EN:108,EN,,1,22,,1838
54994676,Roermond - Venlo 50 km ENG 2026,2026-07-06T14:02:16Z,121,"EN,NL","EN:119,NL:1",EN,YES,0,28,,1375
54994964,Venlo - Cuijk 66 km ENG 2026,2026-05-10T14:10:26Z,121,"EN,NL","NL:71,EN:47",NL,YES,0,29,,1472
55025129,Cuijk - Groesbeek - Arnhem 47km ENG 2026LL,2026-05-08T13:21:24Z,211,EN,EN:210,EN,,1,55,,2346
55025415,Mook - Arnhem 40km NLD 2026,2026-05-17T12:38:49Z,111,EN,EN:111,EN,,1,25,,1130
55061542,Arnhem-Mijmegen Nassau,2026-05-10T19:43:43Z,81,EN,EN:80,EN,,4,13,,1147
55062001,Nijmegen-Arnhem Nassau,2026-05-10T19:20:57Z,51,"EN,NL","EN:47,NL:4",EN,YES,0,11,,593
55073515,Gouda - Uithoorn (via Nieuweveen) 49 km ENG 2026,2026-05-19T07:48:19Z,81,"EN,NL","EN:73,NL:2",EN,YES,0,8,,1580
55102427,Treis-Karden - Koblenz (via Burg Eltz) 44 km ENG 2026,2026-06-02T05:35:56Z,73,"EN,NL","EN:69,NL:4",EN,YES,1,31,,1276
55108811,Cuijk - Lith  50 km ENG 2026 (alternative),2026-05-19T20:06:13Z,78,"EN,NL","EN:73,NL:2",EN,YES,0,27,,1260
55135334,Huizen - Amsterdam (Tolhuis-Buikslotermeer) 35 km DEU 2026,2026-05-15T06:28:36Z,67,"DE,EN","DE:35,EN:8",DE,YES,2,17,,942
55135351,Huizen - Amsterdam (Tolhuis-Buikslotermeer) (via Crailoo) 50 km DEU 2026,2026-05-15T06:31:07Z,95,"DE,EN","DE:64,EN:5",DE,YES,0,21,,1654
55140588,Amsterdam (Hoxton) - Breukelen 35 km ENG 2026,2026-05-15T13:47:35Z,54,EN,EN:54,EN,,2,13,,1143
55140931,Amsterdam (Hoxton) - Breukelen 41 km ENG 2026,2026-07-03T08:13:52Z,47,"EN,NL","EN:28,NL:18",EN,YES,0,9,,2010
55174994,Cuijk - Arnhem 43km ENG 2026,2026-05-17T12:31:20Z,118,EN,EN:117,EN,,1,25,,1192
55175043,Cuijk - Arnhem 43km DEU2026,2026-05-17T12:47:52Z,118,EN,EN:117,EN,,1,25,,1192
55188955,Sneek - Franeker 57km DEU 2026,2026-07-06T13:11:19Z,114,"DE,EN","DE:76,EN:10",DE,YES,0,29,,1874
55188963,Sneek - Franeker 45 km DEU 2026,2026-07-06T13:12:20Z,87,"DE,EN","DE:62,EN:12",DE,YES,0,31,,1403
55191934,Amsterdam (Hoxton) - Breukelen 38km ENG 2026,2026-07-03T08:17:25Z,66,"EN,NL","EN:62,NL:4",EN,YES,1,16,,1096
55204226,Wageningen - Tiel 45 km NLD 2026,2026-05-19T07:55:46Z,75,"EN,NL","NL:59,EN:3",NL,YES,0,17,,1360
55204227,Wageningen - Amerongen - Tiel 53km NLD 2026,2026-05-19T07:55:46Z,90,"EN,NL","EN:36,NL:19",EN,YES,0,13,,1150
55204228,Tiel - langs de Waal - Gorinchem 52km NLD 2026,2026-05-19T07:55:47Z,71,"EN,NL","NL:50,EN:3",NL,YES,0,8,,1557
55204229,Tiel - Geldermalsen - Leerdam - Gorinchem 59 km NLD 2026,2026-05-19T07:55:47Z,93,"EN,NL","NL:59,EN:21",NL,YES,0,20,,1689
55204231,Werkendam - Biesbosch - Heusden kort 53 km NLD 2026,2026-05-19T07:55:48Z,98,"EN,NL","NL:46,EN:29",NL,YES,1,15,,1390
55204232,Werkendam - Biesbosch - Heusden 60 km NLD 2026,2026-05-19T07:55:48Z,104,"EN,NL","NL:72,EN:20",NL,YES,0,21,,1456
55204234,Heusden - Loonse & Drunense Duinen - Heusden kort 38km NLD 2026,2026-05-19T07:55:48Z,90,"EN,NL","EN:76,NL:10",EN,YES,0,22,,1010
55204235,Heusden - Loonse & Drunense Duinen - Heusden 47km NLD 2026,2026-05-19T07:55:49Z,96,"EN,NL","EN:47,NL:24",EN,YES,0,24,,1075
55204239,Mook - Kranenburg (D) - Nijmegen vlak 51 km NLD 2026,2026-05-19T07:55:50Z,66,"EN,NL","NL:41,EN:1",NL,YES,0,11,,952
55204240,Nijmegen - Tolkamer - Arnhem 55 km NL 2026,2026-05-19T07:55:51Z,98,"EN,NL","NL:63,EN:5",NL,YES,0,24,,1937
55204242,Werkendam - Biesbosch - (following the Dijk)  Heusden kort 55 km NLD 2025 (ALT),2026-05-19T07:55:52Z,88,"EN,NL","NL:35,EN:29",NL,YES,2,13,,1409
55204243,Mook - Kranenburg (D) - Nijmegen - Arnhem 55km NLD 2026,2026-05-19T07:55:52Z,112,"EN,NL","EN:96,NL:9",EN,YES,0,16,,1232
55204244,Mook - Groesbeek - Nijmegen - Arnhem 50 km NLD 2026,2026-05-19T07:55:53Z,108,"EN,NL","EN:76,NL:11",EN,YES,0,24,,1131
55204246,Cuijk - Kranenburg (D) - Nijmegen - Arnhem 53 km NLD 2026,2026-05-19T07:55:53Z,120,"EN,NL","EN:103,NL:12",EN,YES,0,23,,1296
55204248,Cuijk - Groesbeek - Nijmegen - Arnhem 54 km NLD 2026,2026-05-19T07:55:54Z,108,"EN,NL","EN:62,NL:17",EN,YES,0,22,,1170
55204251,Doesburg - Doetinchem - Doesburg 44 km NLD 2026,2026-05-19T07:55:55Z,96,"EN,NL","NL:76,EN:15",NL,YES,0,33,,1210
55204252,Doesburg - Gaanderen - Doesburg 54 km NLD 2026,2026-05-19T07:55:55Z,126,"EN,NL","NL:92,EN:28",NL,YES,0,41,,1503
55204254,Arnhem - Tolkamer - Nijmegen - Arnhem 69km ENG,2026-05-19T07:55:56Z,109,EN,EN:108,EN,,1,22,,1838
55204255,Mook - Arnhem 40km NLD 2026,2026-05-19T07:55:56Z,111,EN,EN:111,EN,,1,25,,1130
55204280,Amsterdam (Oosterdok) - Zaanse Schans - Haarlem (city) 47 km ENG 2026,2026-05-19T08:16:03Z,92,EN,EN:82,EN,,1,13,,1844
55216744,Venlo - Roermond 50 km ENG 2026,2026-05-20T07:40:15Z,132,"EN,NL","EN:129,NL:2",EN,YES,0,38,,1239
55224384,Grave - Groesbeek - Nijmegen 42km NLD 2026,2026-06-05T12:57:26Z,87,"EN,NL","EN:38,NL:17",EN,YES,0,23,,1014
55226763,Breukelen - Amsterdam (Tolhuis) 52 km ENG 2026,2026-07-03T09:32:55Z,89,"DE,EN","EN:85,DE:3",EN,YES,0,25,,1370
55319078,Wijhe - Kampen (über Hattem / Zwolle)  Hot Wetter 43km,2026-05-25T18:10:12Z,98,"DE,EN","EN:54,DE:33",EN,YES,0,25,,1237
55342262,Ytres - Péronne 53 km ENG 2026,2026-05-27T15:26:30Z,50,EN,EN:49,EN,,1,13,,919
55449938,Auvers-sur-Oise - Paris (Bougival) (via Ax Majeur) 44 km ENG 2026 rain route,2026-06-24T11:04:22Z,127,"EN,NL","EN:119,NL:5",EN,YES,0,47,,1141
55465649,"Moret - Nemours  40 km ENG 2026 (via Rochess, gravel)",2026-07-06T10:29:41Z,61,"EN,NL","EN:53,NL:7",EN,YES,1,11,,1114
55506259,Deventer - Hattem - Kampen 50km ENG 2026,2026-07-10T08:19:10Z,85,"DE,EN","EN:65,DE:11",EN,YES,0,20,,1407
55551836,Aschaffenburg - Freudenberg 54km ENG 2026,2026-06-09T19:55:37Z,124,"DE,EN,NL","DE:48,EN:37,NL:6",DE,YES,2,27,,1798
55582957,Roermond - Venlo 34 km ENG 2026,2026-06-10T10:21:49Z,65,"EN,NL","EN:63,NL:2",EN,YES,0,6,,740
55583000,Venlo - Sambeek 51 km ENG 2026,2026-06-10T10:27:26Z,104,"EN,NL","EN:84,NL:19",EN,YES,0,22,,1186
55583899,Sambeek - Cuijk 21km ENG 2026,2026-06-10T11:49:38Z,33,"EN,NL","EN:30,NL:3",EN,YES,0,7,,574
55599973,Alf - Bernkastel Kues 49km ENG 2026,2026-06-11T12:39:01Z,62,"EN,NL","EN:60,NL:2",EN,YES,2,20,,946
55601952,Schoonhoven - Utrecht city centre 50 km ENG 2026,2026-07-02T14:07:12Z,113,"EN,NL","NL:91,EN:11",NL,YES,0,29,,1812
55617525,Tarascon – Pont du Gard – Avignon 57km ENG 2026,2026-06-12T14:12:46Z,142,EN,EN:142,EN,,2,44,,1600
55677791,St. Amands - Antwerpen 41km DEU 2026,2026-07-02T13:01:51Z,102,"DE,EN","DE:75,EN:9",DE,YES,0,34,,1278
55678212,Schoonhoven - Utrecht (Mittagessen im Nieuw Vogelenzang) 44km DEU 2026,2026-07-09T16:22:37Z,97,"DE,EN","DE:79,EN:1",DE,YES,0,29,,1571
55680260,Bruges - Blankenberge (loop) 48 km DEU 2026,2026-07-02T12:49:27Z,124,"DE,EN","EN:60,DE:55",EN,YES,0,39,,1534
55693597,Dordrecht // Alblasserdam - Kinderdijk - Utrecht 69km ENG 2026,2026-06-26T10:58:13Z,100,"DE,EN,NL","EN:76,DE:14,NL:3",EN,YES,0,28,,1717
55805083,Paris (Bougival) - Auvers-sur-Oise (via Ax Majeur) 45 km ENG 2026 rain route,2026-06-24T11:04:13Z,136,"EN,NL","EN:79,NL:57",EN,YES,2,46,,1976
55806616,Breukelen - Utrecht (centrum)(EPR) 37km / 22mi ENG 2026,2026-06-25T09:41:53Z,56,"EN,NL","EN:48,NL:7",EN,YES,1,17,,1074
55819916,Bosrandbrug - Amsterdam (Veemkade) 36 km ENG 2026,2026-06-25T11:01:19Z,76,"EN,NL","EN:60,NL:13",EN,YES,0,28,,931
55819929,Bosrandbrug - Amsterdam (Veemkade) 23 km ENG 2026,2026-06-25T11:02:06Z,49,"EN,NL","EN:37,NL:12",EN,YES,0,14,,568
55820434,Amsterdam (Veemkade) - Zaanse Schans - Haarlem (city) 47 km ENG 2026,2026-06-25T11:46:34Z,89,"EN,NL","EN:77,NL:2",EN,YES,1,12,,1822
55824980,Cochem - Koblenz 51 km NLD 2026,2026-06-25T16:43:59Z,67,"EN,NL","NL:60,EN:1",NL,YES,0,38,,1203
55834573,Dordrecht // Alblasserdam - Urecht [ALT] (centrum) (via Kinderdijk - Roosevelt) 65km,2026-06-26T10:51:00Z,95,EN,EN:94,EN,,1,31,,1662
55848455,Marktbreit - Schweinfurt 71km ENG 2026,2026-07-02T09:25:11Z,141,"EN,NL","NL:123,EN:15",NL,YES,0,42,,1991
55859885,Schweinfurt - Haßfurt - Bamberg 64km ENG 2026,2026-07-02T10:52:00Z,115,"DE,EN","EN:59,DE:34",EN,YES,0,41,,1586
55879678,Gouda - Albasserdam (via kinderdijk) 30 km DEU 2026,2026-06-29T07:21:26Z,61,"DE,EN","DE:36,EN:10",DE,YES,0,21,,741
55889010,Grou - Sneek 56 km ENG 2026,2026-07-13T14:33:43Z,91,EN,EN:90,EN,,2,26,,1278
55915172,Alkmaar - Zaanse Schans - Amsterdam (Oosterdok) 50 km ENG 2026,2026-07-01T14:37:12Z,116,"EN,NL","EN:74,NL:39",EN,YES,0,37,,1534
55915895,Antwerpen - St. Amands 39km ENG 2026,2026-07-03T08:23:07Z,94,"EN,NL","EN:91,NL:3",EN,YES,0,31,,1269
55925393,Wertheim - Marktheidenfeld 23km ENG 2026,2026-07-02T07:00:30Z,26,"EN,NL","EN:23,NL:3",EN,YES,0,7,,668
55929835,Schoonhoven - Utrecht city centre (lunch at swimmingpool)50 km ENG 2026,2026-07-02T14:09:07Z,120,"EN,NL","NL:92,EN:18",NL,YES,0,30,,1855
55930257,Stammheim – Marktbreit 45 km ENG 2026,2026-07-02T14:46:20Z,111,"EN,NL","EN:106,NL:5",EN,YES,0,32,,1058
55957045,Lohr-Wertheim 44km,2026-07-04T04:28:37Z,60,"EN,NL","NL:48,EN:12",NL,YES,0,9,,2226
55989120,Nemours - Moret (via Fontainebleau) 32km DEU 2026,2026-07-06T08:08:26Z,62,"DE,NL","DE:38,NL:1",DE,YES,0,6,,884
55991161,Cochem - Alf 31 km ENG 2026,2026-07-06T11:52:49Z,18,"EN,NL","NL:12,EN:6",NL,YES,0,9,,699
55992071,Alf - Bernkastel-Kues 48 km ENG 2026,2026-07-06T13:12:09Z,61,"EN,NL","EN:51,NL:9",EN,YES,2,20,,938
55992185,Cochem - Zell 37 km ENG 2026,2026-07-06T13:19:27Z,28,"EN,NL","EN:20,NL:8",EN,YES,0,15,,831
55992441,Alf - Bernkastel-Kues 48 km DEU 2026,2026-07-06T13:39:15Z,56,"DE,EN","EN:26,DE:21",EN,YES,0,21,,982
55992461,Zell - Bernkastel-Kues 44 km DEU 2026,2026-07-06T13:40:30Z,57,"DE,EN","EN:27,DE:21",EN,YES,0,16,,905
55992660,Alf - Cochem 37 km ENG 2026,2026-07-06T13:57:18Z,21,"EN,NL","EN:12,NL:7",EN,YES,1,12,,1243
55992748,Zell - Cochem 39 km ENG 2026,2026-07-06T14:01:20Z,31,"EN,NL","NL:18,EN:11",NL,YES,1,15,,1726
55992873,Alf  - Cochem 31 km DEU 2026,2026-07-06T14:11:34Z,21,"DE,EN","EN:17,DE:3",EN,YES,1,11,,687
55992992,Bernkastel-Kues - Alf 49 km DEU 2026,2026-07-06T14:18:22Z,63,"DE,EN","DE:40,EN:6",DE,YES,0,22,,996
56008109,Aambeeld - Einstein ,2026-07-07T14:03:30Z,72,"EN,NL","NL:55,EN:14",NL,YES,0,20,,945
56097941,Trier - Pamplona ,2026-07-12T20:19:31Z,1151,"EN,NL","EN:1115,NL:35",EN,YES,0,335,,37526
56111478,Grou - Sneek 56 km DEU 2026,2026-07-13T16:39:04Z,91,EN,EN:90,EN,,2,26,,1278
56125488,Andernach - Boppard 54km ENG 2026,2026-07-14T14:14:06Z,102,EN,EN:101,EN,,2,40,,1214
56136438,Grou - Sneek 56 km DEU 2026,2026-07-15T08:07:59Z,91,EN,EN:90,EN,,2,26,,1278
56145712,Wageningen - Arnhem Wageningen 58 km NED 2026,2026-07-15T21:07:20Z,115,EN,EN:86,EN,,1,31,,1628
56161412,Wageningen-Airborne- Arnhem 26 km NLD 2025,2026-07-16T19:19:56Z,68,"EN,NL","EN:35,NL:30",EN,YES,0,9,,717
